:020000040800F2
:10000000802200209D02000859520008794C000807
:100010005552000861090008B760000800000000A0
:1000200000000000000000000000000099590008D6
:1000300025110008000000005D5200089B590008CF
:10004000B7020008B7020008B7020008B7020008AC
:10005000B7020008B7020008B7020008B70200089C
:10006000B7020008B7020008B7020008B70200088C
:10007000B7020008B7020008B7020008B70200087C
:10008000B7020008B7020008DD070008B702000841
:10009000B70200082D110008B7020008B7020008D7
:1000A000B7020008115A0008B7020008B70200089A
:1000B000B7020008B7020008B7020008B70200083C
:1000C000B7020008B7020008B7020008B70200082C
:1000D000B7020008B7020008B7020008B70200081C
:1000E000B7020008B7020008B7020008B70200080C
:1000F000B7020008B7020008B7020008B7020008FC
:10010000B7020008B7020008B7020008B7020008EB
:10011000B7020008B7020008B7020008B7020008DB
:10012000B7020008B7020008B7020008B7020008CB
:10013000B7020008B7020008B7020008B7020008BB
:10014000B7020008B7020008B7020008B7020008AB
:10015000B7020008B7020008B7020008B70200089B
:10016000B7020008B7020008B7020008B70200088B
:10017000B7020008B7020008B7020008B70200087B
:10018000B7020008B7020008B7020008B70200086B
:10019000B702000800000000B7020008B70200081C
:1001A000B7020008B7020008B7020008B70200084B
:1001B000B7020008B7020008B7020008B70200083B
:1001C000B7020008B7020008B7020008B70200082B
:1001D000B7020008B702000800F002F800F04EF87D
:1001E0000AA090E8000C82448344AAF10107DA4592
:1001F00001D100F043F8AFF2090EBAE80F0013F096
:10020000010F18BFFB1A43F001031847DC950000EB
:10021000FC9500000A4410F8014B14F00F0508BFCC
:1002200010F8015B240908BF10F8014B6D1E05D0C2
:1002300010F8013B6D1E01F8013BF9D1641E03D09B
:10024000641E01F8015BFBD19142E4D370470000CA
:100250000023002400250026103A28BF78C1FBD8CF
:10026000520728BF30C148BF0B6070471FB59DE8DB
:10027000030000F057F91FBD10B510BD00F02CFAB7
:100280001146FFF7F3FF06F0F9FE00F04AFA03B457
:10029000FFF7F2FF03BC00F07BFA0000094880473B
:1002A00009480047FEE7FEE7FEE7FEE7FEE7FEE758
:1002B000FEE7FEE7FEE7FEE704480549054A064B70
:1002C000704700000F5A0008D9010008800E002076
:1002D000802200207F1E0020801E002070B5064670
:1002E00000F004F9056806F10B0020F00704B442A1
:1002F0009CBF002070BD2B466A68BAB11068A0424E
:1003000010D304F1080188423CBF5068586007D3FD
:100310005168101941601168091B01605860146030
:10032000101D70BD13465268002AE7D121462846A9
:1003300000F0E4F80028DED170BD70B50446051F5A
:1003400000F0D4F80068002C14BF446870BD002C85
:1003500018BFAC423CBF20466468F8D301680A1855
:10036000AA4218BF456003D12A68054611440160BE
:1003700028684119A1421CBF6C6070BD616869604A
:1003800021680844286070BD032A40F2308010F0D4
:10039000030C00F0158011F8013BBCF1020F624420
:1003A00098BF11F801CB00F8013B38BF11F8013BB1
:1003B000A2F1040298BF00F801CB38BF00F8013B5E
:1003C00011F0030300F0EF80083AC0F0088051F804
:1003D000043B083A51F804CBA0E80810F5E7121DD9
:1003E0005CBF51F8043B40F8043BAFF30080D207F8
:1003F00024BF11F8013B11F801CB48BF11F8012BC4
:1004000024BF00F8013B00F801CB48BF00F8012BE6
:100410007047431A28BF9A427FF6B6AF032A1044AA
:10042000114440F2268010F0030F1EBF11F8013D69
:10043000521E00F8013D10F0030F7FF4F6AF11F0EB
:10044000030300F0F580083AC0F00B8051F8043D3A
:10045000083A51F804CD40F8043D40F804CDFFF7C8
:10046000F3BF121D5CBF51F8043D40F8043DAFF3EB
:100470000080D20724BF11F8013D11F801CD48BF1B
:1004800011F8012C24BF00F8013D00F801CD48BF50
:1004900000F8012C70474FF0000200B51346944657
:1004A0009646203922BFA0E80C50A0E80C50B1F1CC
:1004B0002001BFF4F7AF090728BFA0E80C5048BFE0
:1004C0000CC05DF804EB890028BF40F8042B08BF7E
:1004D000704748BF20F8022B11F0804F18BF00F87A
:1004E000012B704770477047704700000048704705
:1004F000280E0020704770477047704738B5044693
:100500000A4600206946AFF30080002808BF38BDC6
:1005100002460099204600F0BDF8012038BD0120B8
:1005200000F0D2B8F8B5AFF30080054600200C46C5
:10053000102000BF0646A819A0420DD932466946D0
:100540000020AFF30080070008BF00F0BDF800985E
:10055000A04218BF0546C419FFF7C8FF056007464B
:10056000F01D20F007004619284600F00AF8B442B2
:1005700008BFF8BDA21B31463868BDE8F84000F05E
:1005800089B800210160C0E9011070471020704750
:1005900010B500F07BF8006810BD10B5044600F0FF
:1005A00075F8046010BD10B5203AC0F00B80B1E8BA
:1005B0001850203AA0E81850B1E81850A0E8185098
:1005C000BFF4F5AF5FEA027C24BFB1E81850A0E8A1
:1005D000185044BF18C918C0BDE810405FEA827CBB
:1005E00024BF51F8043B40F8043B08BF7047D207D2
:1005F00028BF31F8023B48BF11F8012B28BF20F873
:10060000023B48BF00F8012B7047431A28BF9A42AB
:100610007FF6C9AF104410F0030F11441EBF11F84C
:10062000013D521E00F8013D10F0030F7FF4F6AFBC
:10063000103AC0F00A8010B531E91850103A20E99C
:100640001850BFF4F9AFBDE81040530724BF31E99B
:10065000081020E9081044BF51F8043D40F8043D5B
:1006600012F0030F08BF7047D20728BF31F8023DD0
:1006700048BF11F8012C28BF20F8023D48BF00F800
:10068000012C704700487047200E0020004870473A
:10069000200E0020034640688C46002818BF884280
:1006A0003CBF03464068F8D318681844884207D016
:1006B0000CF1030020F00700001D411A521A0146F8
:1006C000081D0A60FFF739BE10B500F039F8BDE823
:1006D000104000F02FB870477546FFF7D3FFAE46C5
:1006E00005006946534620F00700854618B020B53E
:1006F000FFF7E2FDBDE820404FF000064FF0000795
:100700004FF000084FF0000B21F00701AC46ACE8B9
:10071000C009ACE8C009ACE8C009ACE8C0098D4626
:10072000704710B50446AFF300802046BDE8104086
:10073000FFF7ADBD002801D000F02AB870470000D7
:1007400010B5012805D0002103A000F027F80120F2
:1007500010BD09A1F8E7000053494752544D454DDB
:100760003A204F7574206F662068656170206D6552
:100770006D6F7279000000003A2048656170206D4D
:10078000656D6F727920636F727275707465640045
:1007900001491820ABBEFEE72600020070B50546F1
:1007A0000C460A2000E06D1C00F011F835B12878E5
:1007B0000028F8D102E0641C00F009F814B1207898
:1007C0000028F8D1BDE870400A20AFF3008008B5DA
:1007D00069468DF800000320ABBE08BD10B5244863
:1007E00001F0F6F901229102224802F045F922486F
:1007F000006828B9214807F0D5F91F4908602FE0A3
:100800001E49D1F8500280471C49C1F88404D1F830
:100810005402804701461948C0F888140346D3F8AB
:10082000F813D3F88404D3F85C2290471349C1F835
:1008300080020B46D3F8FC13D3F88804D3F8602267
:1008400090470E49C1F87C020A46D2F87C12D2F8D1
:10085000800208F063FB80F000400849C1F878028C
:1008600000224FF48061034802F006F910BD000039
:100870007C020020000400480400002050030020F7
:1008800038B5044600200090206804F035FA0028AE
:1008900058D1206880682C49084048B1E06D40F08C
:1008A0001000E065206E40F001002066012038BD98
:1008B000206804F0E3F92168B1F1A04F03D0234A86
:1008C0002168914201D1224900E02249084604F002
:1008D000DDF900F4000080B11F4800681F49B0FB3B
:1008E000F1F0401C00EB40008000009002E0009816
:1008F000401E009000980028F9D102F0C3F8054688
:100900001AE0206804F0F8F910B9206804F0B6F98C
:1009100002F0B8F8401B02280ED92068006800F0E9
:10092000010048B9E06D40F01000E065206E40F035
:10093000010020660120BAE72068006800F001008D
:100940000028DED00020B2E73F0000800001005008
:10095000000300500007005010000020400D03006D
:1009600000BFFEE72DE9F74F82B00C46914600200C
:10097000174906F0D5FF054607F0B8FC01904FF087
:100980008041029808F07AFC2146009008F07EFD34
:100990008346494608F07AFD824608F093FA0746F6
:1009A00000220B4B07F090FD054607F09FFC09491C
:1009B00008604946204608F069FD0546019908F09F
:1009C0001BFB04494860084605B0BDE8F08F0000F5
:1009D00000000840300000202DE9F04705460E4693
:1009E000144621464FF07E5008F050FD81463146B6
:1009F00008F044FC07462146284608F03FFC8046A4
:100A0000394608F08BFABDE8F0872DE9F84F064625
:100A10000F4615461C463946304608F037FD6061E2
:100A20002946606908F02AFC8146A16808F076FA38
:100A3000A060D4E90A12A06804F0ABF9A060E169F3
:100A4000606908F023FD8146294608F0D5FA804602
:100A50004146206908F012FC0090D4E9010108F039
:100A60000DFC82466169206808F008FC8346514607
:100A700008F054FA8146009908F050FAA061D4E9D0
:100A80000D12A06904F085F9A0616069E061A069B8
:100A9000BDE8F88F2DE9F04788B0044689469246B4
:100AA000504608F00FFACDE9000106F0E9FE0546D0
:100AB0000E46484608F006FA07462A46334607F02F
:100AC000F1FECDE90401504608F0FCF9CDE9000142
:100AD00006F016F905460E46204608F0F3F90746DB
:100AE0002A46334607F0DEFECDE90201DDE90423A4
:100AF00007F02EFCCDE9060107F0F8FB1B49086062
:100B0000504608F0DFF9CDE9000106F0F9F8054696
:100B10000E46484608F0D6F907462A46334607F0FF
:100B2000C1FECDE90401504608F0CCF9054606F0B7
:100B3000A7FE84F00045CDE90001284608F0C2F97F
:100B40000746DDE9002307F0ADFECDE90201DDE94E
:100B5000042307F0FDFBCDE9060107F0C7FB0349BD
:100B60004860084608B0BDE8F08700003C0000205F
:100B70002DE9F74F86B00C469146484608F0A2F999
:100B8000074606F07DFE05460E46069808F09AF9DF
:100B900082462A46334607F085FECDE902014846E3
:100BA00008F090F9054606F0ABF80746884620465F
:100BB00008F088F982463A46434607F073FECDE9CD
:100BC0000001DDE9022308F093F8CDE9040107F004
:100BD0008DFB1A490860484608F074F9824606F011
:100BE0004FFE05460E46204608F06CF907462A4699
:100BF000334607F057FECDE90201484608F062F996
:100C0000054606F07DF807468846069808F05AF92A
:100C100082463A46434607F045FECDE90001DDE94C
:100C2000022307F095FBCDE9040107F05FFB0349C0
:100C30004860084609B0BDE8F08F000020000020A1
:100C40002DE9F04105460C460021284608F0E2FB5C
:100C500010D20021204608F0DDFB0BD229462046A9
:100C600008F0CAF906463B4908F0D4FA02D201203E
:100C7000BDE8F0810021204608F0CCFB0ED22846CA
:100C800006F0F4FC07463946204608F0B5F906465A
:100C9000304908F0BFFB01D20220E9E700212846D5
:100CA00008F0B8FA11D20021204608F0B3FB0CD2AC
:100CB00084F000472946384608F09EF90646254943
:100CC00008F0A8FA01D20320D2E70021284608F054
:100CD000A1FA0FD20021204608F09CFA0AD2294638
:100CE000204608F089F906461A4908F093FA01D21D
:100CF0000420BDE70021204608F08CFA10D22846D7
:100D000006F0B4FC804684F000474146384608F0BF
:100D100073F906460F4908F07DFB01D20520A7E7CD
:100D20000021284608F076FB11D20021204608F069
:100D300071FA0CD284F000472946384608F05CF975
:100D40000646044908F066FA01D2062090E7002022
:100D50008EE70000D7B3DD3F2DE9F04105460E4692
:100D600014463146284608F089FA8046214608F0A4
:100D7000D5F8074604F022F8BDE8F0812DE9F047E8
:100D800004460E46154631464FF07E5008F034F9C1
:100D90008146214608F072FA8046294608F0BEF8DE
:100DA000074604F00BF8BDE8F08700002DE9F04796
:100DB0000646894615460021284608F02BFA02D837
:100DC0000020BDE8F0874946304608F05FFB8246C8
:100DD00008F078F821F0004107464FF000421F4B21
:100DE00007F05EFE2FD24946304608F04FFB07461B
:100DF000002108F00FFA0DD24946194808F046FBC9
:100E00008046314608F08AF80746294608F0F4F88B
:100E1000044621E04946304608F038FB07460021E9
:100E200008F0F8FA18D80E49304608F024FB80463E
:100E3000494608F073F880F000472946384608F024
:100E4000DBF8044608E04946304608F01FFB074639
:100E5000294608F0D1F804462046B2E72F1B14407B
:100E6000DB0FC94010B500224021174801F004FEF5
:100E7000642001F023FA01224021134801F0FCFD17
:100E8000642001F01BFA002280210F4801F0F4FDDC
:100E9000C82001F013FA0DA1002004F0D1FA00F0EF
:100EA0004BF818A1002004F0CBFA0122802106485B
:100EB00001F0E2FD01224021034801F0DDFDC820E0
:100EC00001F0FCF910BD00000004004844525638FF
:100ED00033355820496E69743A20557064617469DD
:100EE0006E6720636F6E66696775726174696F6E95
:100EF00020706172616D65746572732E2E2E0A0DFD
:100F0000000000004452563833355820496E697449
:100F10003A20436F6E66696775726174696F6E20FF
:100F2000706172616D65746572732075706461744F
:100F300065642E0A0D00000070B5022006F0C6FBA5
:100F40006749C881062006F0C1FB65494880072033
:100F500006F0BCFB62490880032006F0B7FB60493D
:100F60000881042006F0B2FB5D49C880052006F028
:100F7000ADFB5B498880002006F0A8FB58494881FA
:100F8000012006F0A3FB564988810846428855A1F6
:100F9000002004F055FA5E4801785148C08961F399
:100FA00046104F49C8810846C4892146022007F0EF
:100FB00065F95748017A4A48008961F307104849A2
:100FC00008815348417A4648008961F30300444947
:100FD00008814F48817A4248008961F30A204049DC
:100FE0000881084604892146032007F047F948484C
:100FF000C17A3B48C08861F303003949C88044483E
:10100000017B3748C08861F307103549C8804048E4
:10101000417B3348C08861F309203149C8803C488E
:10102000817B2F48C08861F38A202D49C8800846FB
:10103000C4882146042007F021F935480179284861
:10104000808861F30300264988803148417924482B
:10105000808861F30510224988802D4881792048D5
:10106000808861F387101E4988802948C1791C480F
:10107000808861F309201A498880084684882146BF
:10108000052007F0FBF8224841781548408861F3B5
:101090000100134948801E4881781148408861F357
:1010A00087100F4948801A48C1780D48408861F37D
:1010B00049200B494880084644882146062007F00D
:1010C000DDF8224613A1002004F0BAF9062006F04C
:1010D000FDFA05462A4603A1002004F0B1F970BDCF
:1010E00058090020737472755F4452563833353393
:1010F0004F626A2E6472764373615F6F626A2E6418
:10110000617461203D203078253034580A0D00008C
:101110006401002064617461203D20307825303402
:10112000580A0D00704772B600BFFEE700B58DB0DB
:101130000B4801F082F900200190029001AB03AA54
:101140004021074801F0D0F840B10020054908755A
:1011500001A903A805F078FD0DB000BD00BFFBE7B5
:10116000E8020020A808002010B51D4A1D4C0368A5
:10117000A34201D102F554721B4C0368A34201D172
:1011800002F5D46202640368D3F8803023F4F814C3
:10119000838E44EA03430468C4F8803002F170038C
:1011A00043640368D3F8803023F0706490F83830DB
:1011B00044EA03630468C4F8803002F1B003836436
:1011C000D833C364D833036518334365114602E04E
:1011D00000230B60091D02F554739942F8D310BD2A
:1011E00000A4004000680040006C00407047000010
:1011F0002DE9FC5F05460C46002001900090002779
:10120000686900B100BFFE49E068884200D000E094
:1012100000BF00BF95F85800012802D10220BDE8A8
:10122000FC9F012085F8580000BF686910B1206A52
:1012300001281ED1606809284ED1A06A60B194F8D7
:10124000280000F07C002168C1F3846140EA41205D
:10125000E16A40EA010703E02068C0F384604702C6
:101260002868C06CE749084038432968C8646F663D
:1012700032E0A86E90B9216AA96600206866A06A6B
:1012800050B1206A401E94F8281001F07C010843F8
:10129000E16A40EA010701E0206A471E207900F078
:1012A0001F010020884087432068C0F384602179B3
:1012B00001F01F0188400743A86E401EA866686EB3
:1012C00038436866A86E38B92868C06CCD490840B4
:1012D000696E08432968C864286803F0FEFCD8B921
:1012E00094F8250070B994F82600400594F824106D
:1012F00040EA01502968C96821F44011084329686F
:10130000C86009E02868C06820F4401094F82610EE
:1013100040EA41502968C860286803F001FD824610
:10132000286803F0DAFC8146BAF1000F7ED1B9F1EA
:10133000000FFBD1A06A08B1E06A88B994F82500D3
:10134000012806D12868C06840F000702968C8608C
:1013500017E02868C06820F000702968C86010E0B5
:1013600094F82500012806D1E86D40F02000E865DA
:101370000120019005E02868C06820F0007029680D
:10138000C86094F8300001280CD1606B40F0020076
:10139000A16B08432968096921F4FF710843296892
:1013A000086105E02868006920F0020029680861EA
:1013B000A068B0F1004F0AD121680022286803F02C
:1013C000BDFC4FF00041286803F0DDFC08E0A26896
:1013D0002168286803F0B2FC0021286803F0D3FCE0
:1013E00060692968C968C1F3C101490000FA01F8C0
:1013F0002069042840D028682268216900F1600C27
:101400000CEB8103D3F800C0DFF8FCB10CEA0B0C45
:1014100002F0F84B4BF0004B4BEA080B4CEA0B0C7C
:10142000C3F800C000BF2868A26900E0CCE02169D1
:1014300000F1600C0CEB8103D3F800C02CF0807C31
:101440004CEA020CC3F800C000BF2868227F216963
:10145000012A01D1520600E00022134600F1600C7F
:101460000CEB8102D2F800C02CF0007C4CEA030C9B
:10147000C2F800C000BFA7E00021286803F01AFCF2
:10148000C0F3120030B90021286803F013FCC0F348
:10149000846007E00021286803F00CFC90FAA0F0BB
:1014A000B0FA80F02168C1F3120119B92168C1F3C3
:1014B000846104E0216891FAA1F1B1FA81F18842D6
:1014C00004D100221146286803F052FC012128684B
:1014D00003F0F0FBC0F3120030B90121286803F0DB
:1014E000E9FBC0F3846007E00121286803F0E2FB18
:1014F00090FAA0F0B0FA80F02168C1F3120119B996
:101500002168C1F3846104E0216891FAA1F1B1FA84
:1015100081F1884204D100220121286803F028FCCF
:101520000221286803F0C6FBC0F3120030B9022183
:10153000286803F0BFFBC0F3846007E0022128683D
:1015400003F0B8FB90FAA0F0B0FA80F02168C1F384
:10155000120119B92168C1F3846104E0216891FA8C
:10156000A1F1B1FA81F1884204D100220221286858
:1015700003F0FEFB0321286803F09CFBC0F312007C
:1015800030B90321286803F095FBC0F3846007E0BD
:101590000321286803F08EFB90FAA0F0B0FA80F0E7
:1015A0002168C1F3120119B92168C1F3846104E013
:1015B000216891FAA1F1B1FA81F1884204D10022A7
:1015C0000321286803F0D4FB286803F09AFB002865
:1015D00073D12868E2682168D0F8B030C1F3120CEA
:1015E00023EA0C0302F0180BDFF820C02CFA0BFCE6
:1015F0000CEA010C43EA0C03C0F8B03000BF07E06E
:1016000000007F400040100400F0FF03FFFF0700D0
:101610009249E068884250D12368C3F312031BB992
:101620002368C3F3846304E0236893FAA3F3B3FA53
:1016300083F35B1C03F01F03092B3FD82368C3F31C
:1016400012031BB92368C3F3846304E0236893FA8D
:10165000A3F3B3FA83F35B1C03F01F034FF0010CF9
:101660000CFA03FC2368C3F312031BB92368C3F30A
:10167000846304E0236893FAA3F3B3FA83F35B1C57
:1016800003F01F034CEA836C2368C3F312031BB9F6
:101690002368C3F3846304E0236893FAA3F3B3FAE3
:1016A00083F35B1C03F01F0303EB43034FF0000BBA
:1016B0004BEA03534CEA03033FE043E02368C3F3E0
:1016C00012031BB92368C3F3846304E0236893FA0D
:1016D000A3F3B3FA83F35B1C03F01F034FF0010C79
:1016E0000CFA03FC2368C3F312031BB92368C3F38A
:1016F000846304E0236893FAA3F3B3FA83F35B1CD7
:1017000003F01F034CEA836C2368C3F312031BB975
:101710002368C3F3846304E0236893FAA3F3B3FA62
:1017200083F35B1C03F01F030A3B03EB43034FF0FF
:10173000007B4BEA03534CEA03031946A26828686E
:1017400003F0FCFA46492068084000287FD0296849
:10175000B1F1A04F03D0434A2968914201D14249D7
:1017600000E042490846816801F0E07600BF404948
:101770002068884203D03F49206888422CD106F473
:10178000000048BB2868B0F1A04F03D03A49286850
:1017900088425CD12A68B2F1A04F03D0314B2A684D
:1017A0009A4201D1304A00E0304A104646F4000126
:1017B00003F0D8FA314800683149B0FBF1F0801CE1
:1017C00000EB40008000009002E00098401E009076
:1017D00000980028F9D13AE02A49206888421BD1B4
:1017E00006F08070C0B91F492868884203D1264995
:1017F000286888422BD02A68B2F1A04F03D0194B39
:101800002A689A4201D1184A00E0184A104646F068
:10181000807103F0A7FA1AE01C492068884216D1AB
:1018200006F4800098B90F49286888420FD02A68CA
:10183000B2F1A04F03D00B462A689A4201D10A4A5E
:1018400000E00A4A104646F4800103F08BFA00BF1C
:10185000002085F8580000BF0198E0E400007F40B8
:1018600000000880000100500003005000070050F5
:10187000000021C31000C09000060050100000209E
:10188000400D0300000052C700050050000084CB4B
:1018900070470246092915D0A1F20F136BB1B3F5B9
:1018A000837F06D0B3F5037F0BD11368D3F88C0088
:1018B0000CE01368D3F8880008E01368D3F88400BC
:1018C00004E000BF1368D3F8800000BF00BF70477A
:1018D000704700002DE9F04104462168B1F1A04FA6
:1018E00003D0464A2168914201D1454900E045496B
:1018F000084603F0DAF90546206803F0EEF910B166
:101900000220BDE8F0812068C06800F00047206830
:10191000C06C00F4C07030B92FB9E06D40F0200009
:10192000E0650120EDE700BF94F85800012801D1DF
:101930000220E6E7012084F8580000BF2046FEF7A9
:101940009FFF0646002E52D1E06D00F4807020B15A
:10195000206E20F00800206601E000202066E06D87
:1019600042F20101884340F48050E0652349206839
:10197000884202D14FF0A04006E023492068884207
:1019800001D1224800E020682168884200D01DB9BA
:10199000E06D20F48010E06560202168086000BFE1
:1019A000002084F8580000BF14492068884202D102
:1019B0004FF0A04006E014492068884201D1134846
:1019C00000E020682168884204D01DB1062D01D0B6
:1019D000072D07D1206803F076F968B9206803F075
:1019E00081F909E0E06D40F48010E06504E000BF9B
:1019F000002084F8580000BF304682E70001005004
:101A00000003005000070050000500500004005083
:101A1000704770472DE9F0439BB004460E464FF0E7
:101A20000008306800B100BF00BF94F858000128DA
:101A300003D102201BB0BDE8F083012084F85800D8
:101A400000BF0020179018902068B0F1A04F02D17D
:101A50005848009008E058492068884202D1574809
:101A6000009001E000200090009850B9E06D40F037
:101A70002000E06500BF002084F8580000BF01206E
:101A8000D8E7009803F04CF90746206803F048F9BE
:101A900000287DD1002F7FD12068B0F1A04F03D066
:101AA00044492068884201D1454800E04548054640
:101AB0003068D8B394F83800716841EA4030A968BA
:101AC00021F460410843A8602068B0F1A04F03D022
:101AD00038492068884201D1394800E039483849FE
:101AE00088420AD14FF0A04003F00BF981463148FB
:101AF00003F007F949EA00000DE02F4803F001F96F
:101B000081462E4803F0FDF849EA00092E4803F00B
:101B1000F8F849EA0000E0BBB16830680843A968FA
:101B200040F61F7291430843A8603BE0FFE7A868B6
:101B300020F46040A8602068B0F1A04F03D01D4998
:101B40002068884201D11E4800E01E481C49884296
:101B50000AD14FF0A04003F0D4F88146154803F0B5
:101B6000D0F849EA00000DE0134803F0CAF88146B6
:101B7000124803F0C6F849EA0009134803F0C1F817
:101B800049EA000028B9A86840F61F71884301E0BF
:101B900002E007E0A86005E0E06D40F02000E065AD
:101BA0004FF0010800BF002084F8580000BF4046F5
:101BB00040E7000000010050000400500005005004
:101BC00000030050000700500006005070477047A7
:101BD0002DE9F84F04460020009020680568206831
:101BE00046682168B1F1A04F03D0DA4A21689142DA
:101BF00001D1D94900E0D949084603F051F8074618
:101C000005F00200022811D106F0020002280DD1D1
:101C1000E06D00F0100018B9E06D40F40060E06580
:101C20002046FFF7E3FA02202168086005F004006F
:101C3000042803D106F00400042807D005F00800AA
:101C400008286BD106F00800082867D1E06D00F085
:101C5000100018B9E06D40F40070E065206803F0F2
:101C600064F8002854D0BB492068884202D14FF064
:101C7000A04006E0BA492068884201D1B94800E096
:101C800020682168884204D01FB1052F01D0092F98
:101C900003D12068D0F80C8010E0AE49206888425B
:101CA00002D14FF0A04006E0AD492068884201D142
:101CB000AC4800E020688346DBF80C8008F4005054
:101CC000B0F5005F24D02068006800F00800082804
:101CD0001ED1206803F01FF890B92068406820F0FA
:101CE0000C0021684860E06D20F48070E065E06DD4
:101CF00000F4805018B9E06D40F00100E06507E0A5
:101D0000E06D40F01000E065206E40F001002066BC
:101D10002046FFF75BFF0C202168086005F02000DB
:101D2000202803D106F02000202807D005F040002D
:101D300040287FD106F0400040287BD1E06D00F0C4
:101D4000100018B9E06D40F40050E0652068C16CE7
:101D500001F4C07109B9012100E000218A4600BFE9
:101D6000206802F0E2FF81467A492068884202D169
:101D70004FF0A04006E07A492068884201D17948B6
:101D800000E020682168884204D01FB1062F01D0EE
:101D9000072F03D12068D0F80C8010E06D4920682F
:101DA000884202D14FF0A04006E06D492068884289
:101DB00001D16C4800E020688346DBF80C80BAF162
:101DC000000F31D008F0007028B1B9F1000F2BD00E
:101DD00008F4005040BB2068006800F04000402834
:101DE00022D108F40010F8B9206802F071FF98B908
:101DF0002068406820F0600021684860E06D20F4B1
:101E00008050E065E06D00F4807068B9E06D40F0EE
:101E10000100E06508E00DE0E06D40F01000E065D5
:101E2000206E40F0010020662046FFF731FD602063
:101E30002168086005F0800080280DD106F0800040
:101E4000802809D1E06D40F48030E065204600F044
:101E5000E7F980202168086005F48070B0F5807F84
:101E60000FD106F48070B0F5807F0AD1E06D40F4A8
:101E70000030E0652046FFF7CBFD4FF4807021680D
:101E8000086005F40070B0F5007F0FD106F4007013
:101E9000B0F5007F0AD1E06D40F48020E065204677
:101EA000FFF7B7FD4FF400702168086005F01000DF
:101EB000102833D106F0100010282FD1E06B10B994
:101EC0000120009019E08FB12168B1F1A04F03D03B
:101ED000204A2168914201D11F4900E01F4908466C
:101EE00002F0D9FE48B10120009006E02068C068E9
:101EF00000F0010008B101200090009801280AD1EB
:101F0000E06D40F48060E065206E40F002002066E5
:101F10002046FFF75CFE10202168086005F4806011
:101F2000B0F5806F13D106F48060B0F5806F0ED1EC
:101F3000E06D40F48040E065206E40F008002066CF
:101F40004FF48060216808602046FFF7C1FCBDE8BF
:101F5000F88F0000000100500003005000070050FF
:101F600000050050000400502DE9F84304464FF0EE
:101F700000080020009014B90120BDE8F8836069D2
:101F800020B194F82400012800D100BFE06D30B9E1
:101F9000204600F047F90020206684F858002068A9
:101FA0008168C1F3407131B120688168914A114064
:101FB000816000BF00BF206802F0A8FEB0B92068B1
:101FC00081688D4A114041F08051816000BF8B488B
:101FD00000688B49B0FBF1F0401C4000009002E02B
:101FE0000098401E009000980028F9D1206802F067
:101FF0008DFE48B9E06D40F01000E065206E40F0C5
:10200000010020664FF00108206802F084FE0646B9
:10201000E06D00F0100000287ED1002EFCD1E06DB4
:1020200020F4807040F00200E065206802F064FE59
:1020300088BB2068B0F1A04F03D072492068884265
:1020400001D1714800E071486F4988420AD14FF0D0
:10205000A04002F051FE81466A4802F04DFE49EA76
:1020600000000DE06A4802F047FE8146694802F030
:1020700043FE49EA0009684802F03EFE49EA0000D2
:1020800048B92268B2F1A04F03D05E4B22689A4251
:1020900002D15D4A01E009E05C4A1046616882684D
:1020A00022F47C120A43826000BF00BF607FE16BB4
:1020B00041EA4030E1680843A168084394F82410DD
:1020C00040EA014594F82400012803D1208D401EE8
:1020D00045EA4045E06A28B1A08D00F47870216B94
:1020E000084305432068C0684C49084028432168DC
:1020F000C8602068006920F04060616B0843216877
:102100000861206802F0E4FD0746EEBBE7BB207FD4
:10211000002141EA803100E064E094F8380041EAAF
:1021200040052068C06844F20201884328432168C2
:10213000C860206980B12068006940F4803021685F
:1021400008612068D0F8C0006FF30D0021690843D2
:102150002168C1F8C0000DE02068006920F48030DB
:10216000216808612068D0F8C0006FF30D00216875
:10217000C1F8C00094F84000012813D1606C40F011
:102180000101A06C084300E012E0E16C0843216DFE
:1021900008432168096940F2FC72914308432168B1
:1021A000086105E02068006920F0010021680861ED
:1021B0006069012809D12068006B20F00F00216AB6
:1021C000491E08432168086305E02068006B20F081
:1021D0000F0021680863E06D20F0020040F001006C
:1021E000E06505E0E06D40F01000E0654FF00108AB
:1021F0004046C2E6C0FFFF5FC0FFFF7F1000002027
:10220000400D030000010050000300500007005083
:102210000004005000050050000600500740F0FF89
:102220007047000010B59CB00446142117A8FEF7B3
:1022300032F9542102A8FEF72EF92068B0F1A04F20
:1022400038D14FF4004002908003139002A800F0B0
:1022500085FD08B1FEF767FF00BF1748C06C40F46A
:1022600000501549C8640846C06C00F40050019045
:1022700000BF00BF00BF0846C06C40F00100C8644A
:102280000846C06C00F00100019000BF00BF0720AD
:102290001790032018900020199017A94FF0904034
:1022A00000F004FB00221146122000F06FFC122007
:1022B00000F058FC1CB010BD0010024070B5044680
:1022C00000F0E0FB06462546681C10B10448006893
:1022D000054400BF00F0D6FB801BA842FAD370BDB6
:1022E0001C000020704770472DE9F04304460E465D
:1022F0009C46002394F85C80B8F1020F7DD1402EFB
:1023000025D12068D0F8900000F00F0030B9206E81
:1023100040F4807020660120BDE8F0832068D0F88A
:102320009000C0F3006030B12068D0F88000C0F3A6
:10233000402000B101232068D0F89000C0F30120B4
:10234000034403EBC309A06C00EBC90123E0206840
:10235000D0F8980000F00F0028B9206E40F480708B
:1023600020660120D8E72068D0F89800C0F300600C
:1023700030B12068D0F88000C0F3002000B1012304
:102380002068D0F89800C0F30120034403EBC30990
:10239000E06C00EBC901086800F0804050605068B4
:1023A00020B90868C0F38A40106003E0086820F094
:1023B00060401060086800F000509060086800F00D
:1023C00000401061091D088880B2D0610868C0F320
:1023D0000340D060086800F480105061086800F481
:1023E000001090610868C0F3066010620868C00FB2
:1023F0005062091D0F46002504E015E0785D0CF8D9
:1024000005006D1CDFF82C90D06819F80000A84278
:10241000F4D8402E03D12068C0F8943002E0206840
:10242000C0F89C30002077E7206E40F0080020665E
:10243000012071E77E96000870472DE9FC5F044695
:102440002068006D00F4E0572068406D0740206868
:10245000006D00F007082068406D00EA0808206859
:10246000006D00F038092068406D00EA0909206815
:10247000006D00F4710A2068406D00EA0A0A2068C5
:10248000006D00F4602B2068406D00EA0B0B2068A3
:10249000456D2068066DC6F3801040B1C5F380100D
:1024A00028B14020216808652046FFF7C5FFC6F324
:1024B0000020A0B1C5F3002088B12068D0F8D80072
:1024C00000902068D0F8E0000099084000904FF498
:1024D0008070216808652046009900F0E3F92FB16B
:1024E000206807653946204600F0DEF9B8F1000F94
:1024F00006D02068C0F850804146204600F0CEF952
:10250000B9F1000F06D02068C0F850904946204627
:1025100000F0C5F9C6F3402048B1C5F3402030B102
:102520004FF4007021680865204600F0BEF9C6F33C
:10253000C01098B1C5F3C01080B12068D0F8D400A5
:1025400001902068D0F8DC000199084001908020BB
:10255000216808652046019900F0A5F9C6F34030CE
:1025600048B1C5F3403030B14FF4005021680865E0
:10257000204600F096F9C6F3C03048B1C5F3C0302C
:1025800030B14FF4004021680865204600F088F91A
:10259000C6F3803050B1C5F3803038B14FF480407D
:1025A00021680865206E40F080002066BBF1000FB6
:1025B00006D02068C0F850B059462046FFF793FE79
:1025C000BAF1000F06D02068C0F850A0206E40EA93
:1025D0000A002066206E10B12046FFF783FEBDE89A
:1025E000FC9F000070B504460CB9012070BD814904
:1025F0002068884200D100BFA068B0F5407F00D1BC
:1026000000BF94F85C0028B9002084F85D002046E3
:1026100000F0F4F82068806920F0100021688861DB
:1026200000F030FA05460DE000F02CFA401B0A28B5
:1026300008D9206E40F001002066032084F85C0079
:102640000120D3E72068806900F008000828EBD05B
:102650002068806940F001002168886100F012FA6A
:1026600005460DE000F00EFA401B0A2808D9206E3E
:1026700040F001002066032084F85C000120B5E7EB
:102680002068806900F001000028EBD02068806994
:1026900040F002002168886156492068884202D1D2
:1026A000554960680860207C012806D1206880694F
:1026B00020F040002168886105E02068806940F0D2
:1026C000400021688861607C012806D1206880690B
:1026D00040F480402168886105E02068806920F42A
:1026E000804021688861A07C012806D1206880692B
:1026F00020F480502168886105E02068806940F4FA
:102700008050216888612068806920F44070A16849
:102710000843216888612068806920F0A40021684E
:1027200088612068006920F0100021680861E06875
:10273000012806D12068806940F004002168886182
:1027400020E0E068F0B1E068022815D020688069D8
:1027500040F08000216888612068006940F0100026
:1027600021680861E06803280CD12068806940F086
:1027700020002168886105E02068806940F0200021
:1027800021688861207E401E4106E069401E41EAC2
:102790000020216A491E0843A18A491E40EA0140DF
:1027A0002168C861A068B0F5407F0FD1A06A401EC3
:1027B000E16A491E40EA0121206B401E41EA0011F6
:1027C000A08C401E41EA00402168C8602068D0F813
:1027D000C000E16B08432168C1F8C0002046FEF745
:1027E000C3FC0020A0652066012084F85C00002066
:1027F000FCE60000006400400065004010B59CB09D
:102800000446142117A8FDF746FE542102A8FDF73F
:1028100042FE2049206888423AD180140290400349
:10282000109002A800F09AFA08B1FEF77CFC00BFF5
:102830001948806D40F00070174988650846806D22
:1028400000F00070019000BF00BF00BF0846C06CE0
:1028500040F00100C8640846C06C00F0010001901F
:1028600000BF00BF4FF4C050179002201890002006
:1028700019901A9009201B9017A9C00600F016F8AD
:1028800000221146152000F081F9152000F06AF9A8
:102890001CB010BD0064004000100240704770473B
:1028A00070477047704770477047704778B5024669
:1028B0000B460021CAE001268E401D6805EA060489
:1028C000002C73D01D7905F00305012D04D01D796E
:1028D00005F00305022D13D190684E000325B54085
:1028E000A8434E00DD68B54028439060506801253C
:1028F0008D40A8431D79C5F300158D4028435060D5
:102900001D7905F00305032D09D0D0684E0003257D
:10291000B540A8434E009D68B5402843D0601D795E
:1029200005F00305022D13D1CE0802F1200555F85C
:1029300026004D07EE0E0F25B540A8434E07F60EB4
:102940001D69B5402843CE0802F1200545F8260050
:1029500010684E000325B540A8431D7905F0030516
:102960004E00B540284310605D6805F44035002DE9
:102970006BD000BF384D2D6E45F00105364E3566E3
:1029800035462D6E05F00105009500BF00BF4FEAEA
:10299000B6358E0855F826008D072E0F0F25B54049
:1029A000A843B2F1904F02D100251AE04DE02B4D23
:1029B000AA4201D1012514E0294DAA4201D10225E4
:1029C0000FE0284DAA4201D103250AE0264DAA4274
:1029D00001D1042505E0254DAA4201D1052500E0DD
:1029E00006258E07360FB5402843214D8E0845F841
:1029F0002600204D2868A0435D6805F4801505B1C8
:102A000020431C4D28602D1D2868A0435D6805F4F7
:102A1000001505B12043174D2D1D2860154D2D1FA4
:102A20002868A0435D6805F4003505B12043114DC9
:102A30002D1F28602D1F2868A0435D6805F4803590
:102A400005B120430B4D083D2860491C1D68CD4051
:102A5000002D7FF430AF78BD001002400004004824
:102A600000080048000C004800100048001400480E
:102A700008000140080401400AB1816100E0816260
:102A800070470000014800687047000014000020F3
:102A90000348006803490968084401490860704711
:102AA000140000201C00002010B50024032000F0BA
:102AB000ABF80F2000F008F808B1012401E000F0A5
:102AC0002FF8204610BD000070B5044600251148BF
:102AD0000068D8B10F4800684FF47A71B1FBF0F08C
:102AE0000D490968B1FBF0F6304601F083FB58B997
:102AF000102C07D200222146501E00F047F807484C
:102B0000046004E0012502E0012500E001252846DB
:102B100070BD00001C0000201000002018000020E4
:102B200008B500BF0E48006E40F001000C49086671
:102B30000846006E00F00100009000BF00BF00BF1B
:102B40000846806D40F0805088650846806D00F032
:102B50008050009000BF00BF00F0F6F808BD0000F4
:102B6000001002400146084600280DDB00BF00BFF0
:102B700000F01F0301229A4043099B0003F1E02368
:102B8000C3F8002100BF00BF00BF70472DE9F05F10
:102B900080460D46164603F01BFD074639462A4679
:102BA000334601F00700C0F1070ABAF1040F02D959
:102BB0004FF0040A01E0C0F1070AD14600F1040A0F
:102BC000BAF1070F02D24FF0000A01E0A0F1030AA8
:102BD000D4464FF0010A0AFA09FAAAF1010A0AEAF0
:102BE000020A0AFA0CFA4FF0010B0BFA0CFBABF1DC
:102BF000010B0BEA030B4AEA0B042146404603F0A3
:102C0000EFFCBDE8F09F000000BF00F00702064B9C
:102C100019684FF6FF031940044B0B4343EA0221A6
:102C2000014B196000BF70470CED00E00000FA0591
:102C300002468ABB4148006800F4C060B0F5806F6E
:102C40002BD13E488030006820F480703B4BC3F8A5
:102C500080001846006820F4C06040F400701860DE
:102C60003748006832235843364BB0FBF3F0411C21
:102C700000E0491E3148406900F48060B0F5806F83
:102C800001D10029F5D12D48406900F48060B0F5EC
:102C9000806F51D10320704708E0284880300068D9
:102CA00020F48070254BC3F8800045E0B2F5007F2A
:102CB0003AD12248006800F4C060B0F5806F2AD194
:102CC0001E488030006840F480701C4BC3F88000C0
:102CD0001846006820F4C06040F40070186018487E
:102CE000006832235843174BB0FBF3F0411C00E05F
:102CF000491E1248406900F48060B0F5806F01D130
:102D00000029F5D10D48406900F48060B0F5806F6E
:102D100012D10320BFE709488030006840F480707A
:102D2000064BC3F8800007E00448006820F4C06048
:102D300040F48060014B18600020ACE70070004058
:102D40001000002040420F000348806840F480409B
:102D50000149886070470000007000402DE9F84389
:102D600004460027B846206800F40020B0F5002F84
:102D700073D1B946FD48806D00F0805078B900BF2E
:102D8000FA48806D40F08050F84988650846806DAB
:102D900000F08050009000BF00BF4FF00109F448E0
:102DA000006840F48070F2490860FFF76BFE064649
:102DB00006E0FFF767FE801B022801D9032705E024
:102DC000EB48006800F480700028F2D000BF002FAC
:102DD00046D1E6489030006800F44075CDB1206DD2
:102DE000A84216D0E1489030006820F44075DF48D2
:102DF000D0F8900040F48030DC49C1F890000846DB
:102E0000D0F8900020F48030C1F890000846C0F857
:102E1000905005F00100A0B1FFF734FE064608E02F
:102E2000FFF730FE801B41F28831884201D9032729
:102E300006E0CE489030006800F002000028EFD095
:102E400000BF5FB9C9489030006820F44070216D20
:102E50000843C649C1F8900003E00CE0B84600E022
:102E6000B846B9F1010F05D1C048806D20F08050FF
:102E7000BE49886500BF207800F0010048B1BB481A
:102E80008830006820F0030061680843B749C1F842
:102E90008800207800F00200022809D1B348883069
:102EA000006820F00C00A1680843B049C1F8880010
:102EB000207800F00400042809D1AC48883000686C
:102EC00020F03000E1680843A849C1F88800207864
:102ED00000F00800082809D1A4488830006820F0D4
:102EE000C00021690843A149C1F88800207800F09A
:102EF0001000102809D19D488830006820F44070E7
:102F0000616908439949C1F88800207800F02000E1
:102F1000202809D195488830006820F44060A169D4
:102F200008439249C1F88800207800F0400040280A
:102F300009D18E488830006820F44050E169084388
:102F40008A49C1F88800207800F08000802809D1E3
:102F500086488830006820F44040216A084383494D
:102F6000C1F88800208800F48070B0F5807F09D116
:102F70007E488830006820F44030616A08437B490D
:102F8000C1F88800206800F40030B0F5003F09D196
:102F900076489C30006820F00300A16A084373491A
:102FA000C1F89C00208800F40070B0F5007F09D1C2
:102FB0006E488830006820F44020E16A08436B497D
:102FC000C1F88800208800F48060B0F5806F13D1CC
:102FD00066488830006820F44010216B084363493C
:102FE00088310860206BB0F5801F05D15F48C0684C
:102FF00040F480105D49C860208800F40060B0F59E
:10300000006F13D159488830006820F44000616B8C
:103010000843564988310860606BB0F5800F05D1D0
:103020005248C06840F480105049C860208800F4BD
:103030008050B0F5805F13D14C488830006820F094
:103040004070A16B0843494988310860A06BB0F11A
:10305000807F05D14548C06840F480104349C8606E
:10306000208800F40050B0F5005F13D13F4888304D
:10307000006820F04060E16B08433C4988310860FB
:10308000E06BB0F1006F05D13848C06840F48010A3
:103090003649C860208800F48040B0F5804F13D1D5
:1030A00032488830006820F04060216C08432F4986
:1030B00088310860206CB0F1006F05D12B48C068E2
:1030C00040F480102949C860208800F40040B0F521
:1030D000004F13D125488830006820F04050616CC3
:1030E0000843224988310860606CB0F1805F05D1E7
:1030F0001E48C06840F480301C49C860206800F455
:103100008030B0F5803F13D118488830006820F037
:103110004040A16C0843154988310860A06CB0F1AB
:10312000804F05D11148C06840F480300F49C86015
:10313000206800F48020B0F5802F13D10B489C301C
:10314000006820F44010E16C084308499C31086095
:10315000E06CB0F5001F05D10448C06840F4801051
:103160000249C8604046BDE8F883000000100240F4
:10317000007000402DE9F04104460D464FF0000874
:1031800014B90120BDE8F0817D48006800F00F000F
:10319000A8420ED27A48006820F00F0028437849F0
:1031A00008600846006800F00F00A84201D0012026
:1031B000E8E7207800F00100002864D06068032868
:1031C00023D17048006800F0007008B90120D9E7E9
:1031D00002F046F806466C48864237D9694880684E
:1031E00000F0F00030B1207800F0020002282DD16C
:1031F000A06858BB6348806820F0F00040F0800071
:10320000604988604FF0800820E06068022806D19D
:103210005C48006800F4003040B90120B2E759482A
:10322000006800F4806008B90120ABE700F0B4F852
:1032300006465548864209D95248806820F0F00079
:1032400040F080004F4988604FF080084D4880680A
:1032500020F00300616808434A498860FFF712FCC8
:10326000074608E0FFF70EFCC01B41F28831884298
:1032700001D9032086E74348806800F00C006168AC
:10328000B0EB810FEED1207800F00200022820D1AF
:10329000207800F00400042805D13A48806840F402
:1032A000E06038498860207800F00800082807D1DD
:1032B0003448806820F4605040F4E0603149886010
:1032C0003048806820F0F000A16808432D498860EC
:1032D00008E0B8F1800F05D12A48806820F0F0009E
:1032E000284988602648006800F00F00A84219D9D4
:1032F0002348006820F00F00284321490860FFF7A9
:10330000C1FB074608E0FFF7BDFBC01B41F2883157
:10331000884201D9032035E71948006800F00F0002
:10332000A842F0D1207800F00400042807D1154805
:10333000806820F4E060E1680843124988602078E2
:1033400000F00800082808D10E48806820F460507A
:10335000216940EAC1000B49886000F01DF8094965
:103360008968C1F30311094A515C01F01F01C8408B
:103370000749086007480068FFF7A6FB02E700005E
:10338000002002400010024000B4C4046696000809
:10339000100000201800002070B5224DAD6805F027
:1033A0000C05042D01D120483AE01E4DAD6805F012
:1033B0000C05082D01D11D4832E01A4DAD6805F00D
:1033C0000C050C2D2BD1174DED6805F00304154DA0
:1033D000ED68C5F303156A1C022C0CD0032C09D12F
:1033E000124DB5FBF2F50F4EF668C6F3062605FB47
:1033F00006F10AE000BF0C4DB5FBF2F5094EF66888
:10340000C6F3062605FB06F100BF00BF054DED68BB
:10341000C5F341656D1C6B00B1FBF3F000E00020CB
:1034200070BD0000001002400024F40000127A0079
:103430002DE9F843044614B90120BDE8F88320784B
:1034400000F00100002865D0FC48806800F00C07FF
:10345000FA48C06800F003060C2F01D1032E01D0FA
:10346000082F0AD1F548006800F40030002851D038
:10347000606800284ED10120DFE700BF6068B0F52A
:10348000803F06D1ED48006840F48030EB49086089
:103490001AE06068B0F5A02F0BD1E848006840F44E
:1034A0008020E64908600846006840F480300860E3
:1034B0000AE0E248006820F48030E04908600846ED
:1034C000006820F48020086000BF606888B1FFF7C2
:1034D000D9FA054606E0FFF7D5FA401B642801D962
:1034E0000320AAE7D548006800F400300028F2D095
:1034F00010E0FFF7C7FA054606E0FFF7C3FA401BE6
:10350000642801D9032098E7CC48006800F4003013
:103510000028F2D1207800F00200022860D1C748CC
:10352000806800F00C07C548C06800F003060C2F47
:1035300001D1022E01D0042F18D1C048006800F438
:10354000806018B1E06808B9012076E7BB484068A0
:1035500020F0FE40217C40EA0160B8494860B8484C
:103560000068FFF7B1FA18B3012066E7E06800B31E
:10357000B248006840F48070B0490860FFF782FAF2
:10358000054606E0FFF77EFA401B022801D903201A
:1035900053E7AA48006800F480600028F2D0A748EA
:1035A000406820F0FE40217C40EA0160A349486069
:1035B00016E0A248006820F48070A0490860FFF778
:1035C00061FA054606E0FFF75DFA401B022801D9C3
:1035D000032032E79948006800F480600028F2D1A7
:1035E000207800F00800082836D16069D0B19348EF
:1035F0009430006840F001009049C1F89400FFF752
:1036000041FA054606E0FFF73DFA401B022801D9C2
:10361000032012E789489430006800F00200002877
:10362000F1D019E085489430006820F0010083490A
:10363000C1F89400FFF726FA054606E0FFF722FAE4
:10364000401B022801D90320F7E67C48943000682B
:1036500000F002000028F1D1207800F004000428D6
:1036600072D14FF000087548806D012121EA107079
:1036700078B100BF7148806D40F080506F49886517
:103680000846806D00F08050009000BF00BF4FF0F2
:1036900001086C48006800F48070B0B9694800689F
:1036A00040F4807067490860FFF7ECF9054606E0D2
:1036B000FFF7E8F9401B022801D90320BDE6614865
:1036C000006800F480700028F2D000BFA0680128D4
:1036D00008D15A489030006840F001005749C1F8BD
:1036E000900021E0A06805280FD154489030006870
:1036F00040F004005149C1F890000846D0F890000D
:1037000040F00100C1F890000EE04C489030006895
:1037100020F001004949C1F890000846D0F8900017
:1037200020F00400C1F8900000BFA068A8B1FFF726
:10373000A9F9054609E0FFF7A5F9401B41F28831D8
:10374000884202D9032078E625E03C4890300068A2
:1037500000F002000028EED013E0FFF793F90546D1
:1037600008E0FFF78FF9401B41F28831884201D908
:10377000032062E631489030006800F00200002823
:10378000EFD1B8F1010F05D12C48806D20F08050A9
:103790002A49886500BF207800F02000202836D113
:1037A000A069D0B125489830006840F00100234955
:1037B000C1F89800FFF766F9054606E0FFF762F9E1
:1037C000401B022801D9032037E61C4898300068C6
:1037D00000F002000028F1D019E018489830006885
:1037E00020F001001549C1F89800FFF74BF9054694
:1037F00006E0FFF747F9401B022801D903201CE629
:103800000E489830006800F002000028F1D1E0690D
:10381000002860D00948806800F00C000C287AD09D
:10382000E069022858D10548006820F080700349FB
:103830000860FFF727F905460DE000000010024080
:103840001800002000700040FFF71CF9401B022800
:1038500001D90320F1E54A48006800F00070002813
:10386000F2D1D4E90810401E41EA0011A06A41EAF1
:103870000021208E0122C2EB500041EA4051342049
:10388000005DC2EB500041EA40612C20005D41EA3E
:10389000C0603B49C9683B4A114008433849C86089
:1038A0000846006840F0807008600846C06840F034
:1038B0008070C860FFF7E6F8054606E0FFF7E2F81B
:1038C000401B022801D90320B7E52D48006800F00D
:1038D00000700028F2D051E02948006820F0807084
:1038E00027490860FFF7CEF8054606E0FFF7CAF85B
:1038F000401B022801D903209FE52148006800F001
:1039000000700028F2D11E48C0681F4908401C49B9
:10391000C86033E0FFE7E069012800D18DE5184871
:10392000C66806F00301206A814225D106F0F00145
:10393000606A401EB1EB001F1ED106F4FE41A06A72
:10394000B1EB002F18D106F078412C20005DB1EBCF
:10395000C06F11D106F4C001208E0122C2EB5000CD
:10396000B1EB405F08D106F0C0613420005DC2EBCE
:103970005000B1EB406F01D001205EE500205CE516
:10398000001002400C809F01FCFFEEFE014691F802
:103990005D00704770B504460CB9012070BD606AC7
:1039A00038B96068B0F5827F00D105E00021E1619F
:1039B00002E00021216161610021A16294F85D00B3
:1039C00028B9002084F85C00204600F061F802204D
:1039D00084F85D002068006820F0400021680860DD
:1039E000E068B0F5E06F01D9002501E04FF48055A3
:1039F000E068B0F5706F05D0E068B0F5E06F01D019
:103A00000021A162A08800F48270218901F40441A0
:103A10000843217C01F002010843217D01F00101EE
:103A20000843218B01F400710843217F01F0380124
:103A300008432021095D01F080010843218D01F434
:103A400000510843216808600421A06901EA104080
:103A500094F8241001F01001084394F8341001F098
:103A600008010843A18901F47061084305F48051FD
:103A70000843216848602068C06920F4006021681C
:103A8000C86100202066012084F85D00002085E7E1
:103A900010B586B00446142101A8FCF7FCFC2E49A1
:103AA0002068884229D100BF2C48006E40F4805025
:103AB0002A4908660846006E00F48050009000BF56
:103AC00000BF00BF0846C06C40F00100C864084653
:103AD000C06C00F00100009000BF00BFE02001902A
:103AE000022002900020039004900520059001A977
:103AF0004FF09040FEF7DAFE2CE01949206888422A
:103B000028D100BF1548806D40F480401349886576
:103B10000846806D00F48040009000BF00BF00BFE9
:103B20000846C06C40F00200C8640846C06C00F053
:103B30000200009000BF00BF4FF4604001900220DF
:103B400002900020039004900520059001A90548EB
:103B5000FEF7ACFE06B010BD003001400010024080
:103B600000380040000400482DE9F8430446884628
:103B700016461D4694F85D00012802D00220BDE8DB
:103B8000F883B8F1000F00D00EB90120F7E76068A4
:103B9000B0F5827F0CD1A06850B9042084F85D0094
:103BA0003346424641462046009500F0B6F9E6E726
:103BB000FEF768FF074600BF94F85C00012801D1BA
:103BC0000220DCE7012084F85C0000BF042084F8B8
:103BD0005D0000202066C4F84080A4F84460A4F88A
:103BE0004660A063A087E087E0642065E068B0F5E8
:103BF000E06F06D92068406820F480502168486052
:103C000005E02068406840F4805021684860A06862
:103C1000B0F5004F0BD12068006820F0400021680B
:103C200008602068006820F48040216808602068EF
:103C3000006800F04000402805D02068006840F08F
:103C4000400021680860E068B0F5E06F29D823E003
:103C50002068806800F0010060B12068007B216C62
:103C60000870206C401C2064B4F84600401EA4F884
:103C7000460011E0FEF706FFC01BA84201D3681CF6
:103C800000B94DB9012084F85D0000BF002084F820
:103C90005C0000BF032072E7B4F846000028D7D1CB
:103CA00028E023E02068806800F0010060B120680F
:103CB000C068216C0880206C801C2064B4F8460029
:103CC000401EA4F8460011E0FEF7DCFEC01BA8422F
:103CD00001D3681C00B94DB9012084F85D0000BF14
:103CE000002084F85C0000BF032048E7B4F84600D9
:103CF0000028D7D13A462946204601F0F1FC08B108
:103D000020202066012084F85D0000BF002084F898
:103D10005C0000BF206E08B1012030E700202EE7D4
:103D20002DE9F84304460F4616461D46FEF7AAFE47
:103D30008046B14694F85D00012802D00220BDE81B
:103D4000F88307B10EB90120F9E700BF94F85C00D1
:103D5000012801D10220F2E7012084F85C0000BFB5
:103D6000032084F85D0000202066A763A687E6870D
:103D70002064A4F84400A4F846002065E064A0682C
:103D8000B0F5004F0BD12068006820F0400021689A
:103D900008602068006840F480402168086020685E
:103DA000006800F04000402805D02068006840F01E
:103DB000400021680860E068B0F5E06F37D96068BE
:103DC00010B1B9F1010F09D1A06B00882168C8605A
:103DD000A06B801CA063E08F401EE08723E020687A
:103DE000806800F0020002280AD1A06B00882168D8
:103DF000C860A06B801CA063E08F401EE08712E0CB
:103E0000FEF740FEA0EB0800A84201D3681C00B9F1
:103E10004DB9012084F85D0000BF002084F85C00EB
:103E200000BF03208BE7E08F0028D8D152E0606804
:103E300010B1B9F1010F17D1E08F01280AD9A06B99
:103E400000882168C860A06B801CA063E08F801E82
:103E5000E08709E0A06B007821680873A06B401C24
:103E6000A063E08F401EE08731E02068806800F0AA
:103E70000200022818D1E08F01280AD9A06B00881F
:103E80002168C860A06B801CA063E08F801EE08763
:103E90001DE0A06B007821680873A06B401CA06334
:103EA000E08F401EE08712E0FEF7ECFDA0EB08007B
:103EB000A84201D3681C00B94DB9012084F85D0007
:103EC00000BF002084F85C0000BF032037E7E08FCC
:103ED0000028CAD142462946204601F042FC08B1DA
:103EE00020202066A06850B900BF00200090206804
:103EF000C068009020688068009000BF00BF01206B
:103F000084F85D0000BF002084F85C0000BF206ED4
:103F100008B1012013E7002011E72DE9FE4F044608
:103F20000F4690461D460C9E01200090FEF7AAFD0C
:103F3000824694F85DB060680190A9460295BBF195
:103F4000010F0BD00198B0F5827F04D1A06810B9A1
:103F5000BBF1040F02D00220BDE8FE8F1FB1B8F103
:103F6000000F00D00DB90120F6E700BF94F85C0007
:103F7000012801D10220EFE7012084F85C0000BF96
:103F800094F85D00042802D0052084F85D0000202C
:103F90002066C4F84080A4F84650A4F84450A763B3
:103FA000E587A587E0642065E068B0F5E06F02D89A
:103FB0000298012806D92068406820F480502168C2
:103FC000486005E02068406840F4805021684860FF
:103FD0002068006800F04000402805D02068006894
:103FE00040F0400021680860E068B0F5E06F56D905
:103FF000606810B1B9F1010F09D1A06B0088216888
:10400000C860A06B801CA063E08F401EE0873EE08C
:104010002068806800F00200022810D1E08F70B1A3
:10402000009801280BD1A06B00882168C860A06BA4
:10403000801CA063E08F401EE08700200090206875
:10404000806800F0010080B1B4F8460068B12068D3
:10405000C068216C0880206C801C2064B4F8460085
:10406000401EA4F8460001200090FEF70BFDA0EBD7
:104070000A00B0420BD3701C48B1012084F85D00E7
:1040800000BF002084F85C0000BF032064E7E08FDD
:104090000028BDD1B4F846000028B9D18DE0606891
:1040A00010B1B9F1010F17D1E08F01280AD9A06B27
:1040B00000882168C860A06B801CA063E08F801E10
:1040C000E08709E0A06B007821680873A06B401CB2
:1040D000A063E08F401EE08768E02068806800F001
:1040E000020002281ED1E08FE0B10098012819D10A
:1040F000E08F01280AD9A06B00882168C860A06BF6
:10410000801CA063E08F801EE08709E0A06B007830
:1041100021680873A06B401CA063E08F401EE087FD
:10412000002000902068806800F0010058B3B4F8C7
:10413000460040B3B4F84600012816D92068C0688C
:10414000216C0880206C801C2064B4F84600801E1E
:10415000A4F84600B4F84600012812D82068406848
:1041600040F48050216848600BE02068007B216C9F
:104170000870206C401C2064B4F84600401EA4F86F
:10418000460001200090FEF77DFCA0EB0A00B04243
:1041900001D3701C00B94EB9012084F85D0000BF46
:1041A000002084F85C0000BF0320D5E6E08F0028E3
:1041B00093D1B4F8460000288FD1524631462046AC
:1041C00001F0CFFA40B12020206600BF002084F823
:1041D0005C0000BF0120BFE6012084F85D0000BF45
:1041E000002084F85C0000BF206E08B10120B3E617
:1041F0000020B1E670B504462546681EB0F1807F08
:1042000001D301200FE0681E4FF0E02148610F212B
:104210004FF0FF3002F0E4F900204FF0E021886118
:1042200007200861002070BD70477047704700008C
:1042300010B50346002200BF93F83C00012801D1CD
:10424000022010BD012083F83C0000BF22F0FF00D7
:10425000CC6840EA040222F440708C6840EA040210
:1042600022F480604C6840EA040222F400600C688A
:1042700040EA040222F480500C6940EA040222F46D
:1042800000504C6940EA040222F480400C6B40EA82
:10429000040222F470200C8B40EA044222F0805089
:1042A000CC6940EA0402144C1868A04207D0134CB1
:1042B0001868A04203D0124C1868A04213D122F40F
:1042C00070000C8D40EA045222F080700C6A40EAC3
:1042D000040222F000704C6A40EA040222F000500E
:1042E000CC6A40EA04021868426400BF002083F8E8
:1042F0003C0000BF00BFA4E7002C01400034014097
:1043000000500140704770477047000030B50246CA
:104310000B4600BF92F83C00012801D1022030BDBD
:10432000012082F83C0000BF022082F83D001068A6
:10433000416810688468234D1068A84207D0224D58
:104340001068A84203D0214D1068A84203D121F47F
:104350007001586801431E48014018680143106805
:104360004160184D1068A8421BD01068B0F1804F12
:1043700017D0184D1068A84213D0174D1068A842E6
:104380000FD0164D1068A8420BD00F4D1068A842F0
:1043900007D0134D1068A84203D00C4D1068A842F6
:1043A00005D124F0800498680443106884600120DB
:1043B00082F83D0000BF002082F83C0000BF00BF33
:1043C000ADE70000002C01400034014000500140E6
:1043D0008FFFFFFD0004004000080040000C00407B
:1043E00000400140704710B504460CB9012010BDD3
:1043F00094F83D0028B9002084F83C00204600F0E5
:1044000029F8022084F83D00211D206801F08AFB74
:10441000012084F8480000BF84F83E0001213F20BD
:1044200001554020015541200155422001554320AE
:10443000015500BF00BF012084F84400452001550C
:10444000462001554720015500BF012084F83D005A
:104450000020CCE738B5044616492068884216D1BA
:1044600000BF1548006E40F4006013490866084616
:10447000006E00F40060009000BF00BF0022012128
:104480001920FEF783FB1920FEF76CFB11E00B49A6
:10449000206888420DD100BF0748806D40F00200BF
:1044A000054988650846806D00F00200009000BF55
:1044B00000BF38BD002C0140001002400004004045
:1044C000014691F83D00012801D0012070470220EB
:1044D00081F83D001C4B086898421BD00868B0F179
:1044E000804F17D0194B0868984213D0184B0868B2
:1044F00098420FD0174B086898420BD0164B0868AB
:10450000984207D0154B0868984203D0144B0868AE
:10451000984210D108688068124B00EA0302062A0C
:104520000FD0B2F5803F0CD00868006840F0010061
:104530000B68186005E00868006840F001000B682F
:1045400018600020C2E70000002C01400004004079
:1045500000080040000C00400034014000400140D1
:1045600000500140070001002DE9F04104460D46CE
:10457000002700BF94F83C00012802D10220BDE8CA
:10458000F081012084F83C0000BF022084F83D0047
:10459000206886684248064026F47F462068866088
:1045A0002868B0F5005F33D015DC402851D008DC16
:1045B000002858D0102857D0202856D0302862D153
:1045C00054E0502831D0602839D0702813D0B0F58D
:1045D000805F58D10EE000F00F01002953D1001187
:1045E000A0F5803008284ED2DFE800F04142434475
:1045F0004546474849E0D5E902136A68206801F05A
:104600001AFB2068866846F07706206886603CE0E2
:10461000D5E902136A68206801F00DFB2068806804
:1046200040F48040216888602FE0EA68696820686B
:1046300001F01AFD5021206801F008FB25E0EA682E
:104640006968206801F023FD6021206801F0FEFA0E
:104650001BE0EA686968206801F006FD40212068D7
:1046600001F0F4FA11E000BF00BF00BF00BF00BFBF
:1046700000BF00BF00BF00BF00BF00BF29682068A7
:1046800001F0E4FA01E0012700BF00BF012084F837
:104690003D0000BF002084F83C0000BF38466EE7B4
:1046A00088FFCEFF704770B504462068C668206852
:1046B000056905F00200022819D106F0020002285F
:1046C00015D1401F2168086101202077206880698A
:1046D00000F0030018B12046FFF7E4FF05E0204694
:1046E00000F020F9204600F00EFA0020207705F0B7
:1046F0000400042819D106F00400042815D1C04391
:1047000021680861022020772068806900F44070E9
:1047100018B12046FFF7C6FF05E0204600F002F979
:10472000204600F0F0F90020207705F00800082866
:1047300019D106F00800082815D1C0432168086186
:10474000042020772068C06900F0030018B12046DB
:10475000FFF7A8FF05E0204600F0E4F8204600F04F
:10476000D2F90020207705F01000102819D106F0AA
:104770001000102815D1C043216808610820207757
:104780002068C06900F4407018B12046FFF78AFF26
:1047900005E0204600F0C6F8204600F0B4F90020FD
:1047A000207705F0010048B106F0010030B16FF04C
:1047B000010021680861204600F05CFA05F08000E5
:1047C000802804D005F40050B0F5005F0AD106F04F
:1047D0008000802806D16FF40250216808612046CD
:1047E000FFF723FD05F48070B0F5807F0AD106F055
:1047F0008000802806D16FF480702168086120460F
:10480000FFF712FD05F04000402809D106F04000F6
:10481000402805D1C04321680861204600F02BFAEA
:1048200005F02000202809D106F02000202805D11D
:10483000C043216808612046FFF7F8FC05F48010AA
:10484000B0F5801F0BD106F48010B0F5801F06D1A3
:104850006FF48010216808612046FFF754FD05F4CD
:104860000010B0F5001F0BD106F40010B0F5001FCA
:1048700006D16FF40010216808612046FFF742FD61
:1048800005F48000B0F5800F0BD106F48000B0F580
:10489000800F06D16FF48000216808612046FFF781
:1048A00033FD05F40000B0F5000F0BD106F4000055
:1048B000B0F5000F06D16FF40000216808612046B2
:1048C000FFF790FD70BD000010B586B004461421BE
:1048D00001A8FBF7E0FD1149206888421CD100BF08
:1048E0000F48C06C40F001000D49C8640846C06C18
:1048F00000F00100009000BF00BF4FF4E0600190A5
:10490000022002900020039004900620059001A947
:104910004FF09040FDF7CAFF06B010BD002C0140DB
:104920000010024070472DE9F04104460D4616463E
:10493000002700BF94F83C00012802D10220BDE806
:10494000F081012084F83C0000BF0C2E51D005DC22
:104950004EB1042E1ED0082E7AD133E0102E60D036
:10496000142EF9D175E02946206801F07BF9206802
:10497000806940F00800216888612068806920F023
:1049800004002168886120688069296908432168DA
:10499000886178E02946206801F0C2F920688069C2
:1049A00040F40060216888612068806920F480609C
:1049B0002168886120688069296940EA01202168AE
:1049C000886160E02946206801F00EFA2068C0691D
:1049D00040F008002168C8612068C06920F0040028
:1049E0002168C8612068C069296908432168C861D5
:1049F00049E02946206801F059FA2068C06940F46E
:104A000000602168C8612068C06920F48060216866
:104A1000C8612068C069296940EA01202168C8612D
:104A200031E02946206801F0A5FA2068006D40F0C9
:104A30000800216808652068006D20F004002168E6
:104A400008652068006D29690843216808651AE037
:104A500017E02946206801F0C9FA2068006D40F48B
:104A60000060216808652068006D20F4806021687E
:104A700008652068006D296940EA01202168086501
:104A800001E0012700BF00BF00BF002084F83C0008
:104A900000BF384653E710B504460CB9012010BDDD
:104AA00094F83D0028B9002084F83C00204600F02E
:104AB00029F8022084F83D00211D206801F032F819
:104AC000012084F8480000BF84F83E0001213F2007
:104AD00001554020015541200155422001554320F8
:104AE000015500BF00BF012084F844004520015556
:104AF000462001554720015500BF012084F83D00A4
:104B00000020CCE77047704770B504460D4615B9D4
:104B100094F83E0015E0042D02D13F20005D10E026
:104B2000082D02D14020005D0BE00C2D02D1412068
:104B3000005D06E0102D02D14220005D01E043201F
:104B4000005D012801D0012070BD1DB9022084F84C
:104B50003E001AE0042D03D102213F20015514E04C
:104B6000082D03D10221402001550EE00C2D03D168
:104B700002214120015508E0102D03D102214220DD
:104B8000015502E0022143200155012229462068F7
:104B900001F040F82D492068884213D02C49206844
:104BA00088420FD02B49206888420BD02A492068C0
:104BB000884207D029492068884203D028492068C4
:104BC000884201D1012000E0002028B12068406C1B
:104BD00040F40040216848641C49206888421BD08A
:104BE0002068B0F1804F17D01E492068884213D04A
:104BF0001D49206888420FD01C49206888420BD08C
:104C000013492068884207D012492068884203D09F
:104C100013492068884210D120688068144900EA4E
:104C20000106062E0FD0B6F5803F0CD02068006834
:104C300040F001002168086005E02068006840F04D
:104C400001002168086000207EE70000002C014080
:104C50000034014000400140004401400048014050
:104C6000005001400004004000080040000C0040DB
:104C7000070001007047704700BFFEE78168024AE5
:104C80001140491C81607047C0FFFF7F0146886862
:104C900000F0E07070470146886800F4604070479B
:104CA0000146886800F01F0070470146886800F0E0
:104CB0001F007047024602F1600000EB8103186894
:104CC00000F0F84070470146C86800F00070704777
:104CD00001468868C0F3C000704701468868C0F389
:104CE000C00070478168034A114041F008018160AB
:104CF00070470000C0FFFF7F0146886800F0010098
:104D000070470146886800F00100704701468868D6
:104D1000C0F30070704701468868C0F38000704798
:104D200001468868C0F3800070470146C86800F4F7
:104D3000406008B9012070470020FCE770B500F121
:104D40001404C1F3406504EB85031C68C1F30456E9
:104D50000725B540AC43C1F3045502FA05F52C43D1
:104D60001C6070BD826822F0E0720A438260704766
:104D700010B500F1600404EB81031C6824F00044CA
:104D800014431C6010BD426922F000420A43426194
:104D9000704770B505460E4614462146284604F075
:104DA00039FA01D2204670BD3146284604F032FB64
:104DB00001D23046F7E72846F5E7000010B5044673
:104DC00004E00B49204604F061FB044608492046F4
:104DD00004F020FBF5D904E00549204604F09EF8D4
:104DE00004460021204604F015FAF5D3204610BDF4
:104DF000DB0FC94000B593B00020109011901290C5
:104E00003C2101A8FBF747FB4FF0A0403649086062
:104E10004FF440304860002133488160C160016137
:104E20000121416104218161002101774177012144
:104E30000162002180F8241080F83810C16380F8E6
:104E40004010FDF791F808B1FCF76DF900201090C3
:104E500010A92548FCF7DEFD08B1FCF764F92348EA
:104E6000019009200290002003907F2004900420EC
:104E70000590002006900320099000208DF828005E
:104E80008DF829008DF82A0084200B904FF4807053
:104E90000C9000208DF8340001A91348FCF7A8F904
:104EA00008B1FCF740F91248019040F20F1002904F
:104EB00001A90D48FCF79CF908B1FCF734F90D483D
:104EC000019040F21520029001A90748FCF790F9E3
:104ED00008B1FCF728F90448FDF7A4F90248FCF7EB
:104EE000F9FC13B000BD00007C0200200200300479
:104EF000040060080800900C10B5124812490860C0
:104F000000204860002110488160C16001210174C7
:104F100000214174817411214161012181610721C6
:104F2000C16102210162012141628162C1620163AA
:104F3000002141638163C163FDF754FB08B1FCF7B5
:104F4000F2F810BD00640040E802002000B587B010
:104F5000142102A8FBF79FFA00BF1748C06C40F06D
:104F600001001549C8640846C06C00F001000190BA
:104F700000BF00BF00BF0846C06C40F00200C8641C
:104F80000846C06C00F00200019000BF00BF002284
:104F900041F6C1410948FDF76FFD41F6C14002905D
:104FA00001200390002004900320059002A90348EB
:104FB000FDF77CFC07B000BD001002400004004873
:104FC00010B51148114908604FF482704860002103
:104FD0000E4881604FF47061C160002101610121C0
:104FE0004161490281613821C16100210162416250
:104FF00081620721C162002101634163FEF7CAFC9F
:1050000008B1FCF790F810BD00300140E007002027
:1050100010B51348FEF73CFD1248114908604FF4E3
:105020008270486000210E4881604FF4E061C160E9
:105030000221016101214161490281612021C16197
:1050400000210162416281620721C1620021016386
:105050004163FEF79FFC08B1FCF765F810BD000046
:10506000440800200038004000B59BB00020179095
:10507000189019901A901490159016901C210DA854
:10508000FBF709FA34216846FBF705FA5148524903
:1050900008600020486020214F48816041F29A0159
:1050A000C16000210161416180218161FFF79BF9AD
:1050B00008B1FCF738F84FF48050179017A946480C
:1050C000FFF752FA08B1FCF72EF84348FFF7E3FC6C
:1050D00008B1FCF728F8002014901590169014A938
:1050E0003D48FFF713F908B1FCF71DF860200D905B
:1050F00000200E900F9010901190129013900022AB
:105100000DA93548FFF70FFC08B1FCF70CF8042295
:105110000DA93148FFF707FC08B1FCF704F8082295
:105120000DA92D48FFF7FFFB08B1FBF7FCFF0C2290
:105130000DA92948FFF7F7FB08B1FBF7F4FF0020A2
:10514000009001900290039004904FF4005005905D
:1051500000200690079008904FF000700990002002
:105160000A900B900C9069461B48FFF761F808B154
:10517000FBF7D9FF1848FFF7A7FB1748FFF7A0F97F
:1051800008B1FBF7D0FF00211348FFF7BDFC08B1C1
:10519000FBF7C9FF04211048FFF7B6FC08B1FBF785
:1051A000C2FF08210C48FFF7AFFC08B1FBF7BBFFBB
:1051B0000C210948FFF7A8FC08B1FBF7B4FF4FF436
:1051C0007A600549096808640348FFF77DFB1BB056
:1051D00000BD0000002C0140C008002000B587B0D1
:1051E000002003900490059006900090019002909A
:1051F0001648174908604FF496704860002114481B
:1052000081604FF6FF71C160002101618161FFF78C
:10521000EAF808B1FBF787FF4FF48050039003A929
:105220000B48FFF7A1F908B1FBF77DFF00200090C4
:10523000029069460648FFF769F808B1FBF773FF6B
:105240000348FFF73DF907B000BD0000000400402F
:105250000C09002000BFFEE700BFFEE7704700001A
:1052600070B5164DED6805F00304144DED68C5F3F7
:1052700003156B1C022C0CD0032C09D1104DB5FB6F
:10528000F3F50E4EF668C6F3062605FB06F10AE0B6
:1052900000BF0C4DB5FBF3F5084EF668C6F30626C5
:1052A00005FB06F100BF00BF044DED68C5F3416585
:1052B0006D1C6A00B1FBF2F070BD000000100240EE
:1052C00000127A000024F40010B500F0F7FE10BDC3
:1052D0002DE9F843044600BFDFF8888098F8000005
:1052E000532801D000F0EAFE00BF0027FF208DF810
:1052F0000000102C31D21C48005D8DF80100194DC2
:105300001835EFF311808046202080F3118800BF0C
:1053100000BF287D00F00300022807D11348047065
:1053200002226946284601F0D7F80FE0284600F02F
:10533000FDFE0646022E07D30C4804700222694681
:10534000284601F004F901E04FF0FF3708F0FF00B4
:1053500080F3118800BF00BF01E04FF0FF373846EF
:10536000BDE8F883680900208E96000878020020C6
:105370002DE9F04104460D46164600BF0E4F387821
:10538000532801D000F09AFE00BFEFF311800746CA
:10539000202080F3118800BF00BF324629462046F6
:1053A00000F00CF88046F8B280F3118800BF00BF0F
:1053B0004046BDE8F0810000680900202DE9F04773
:1053C000074688461646C24607EB47011B4800EBD6
:1053D000C109D9F8140020B1012811D0022826D122
:1053E0001EE0484600F0A2FE0546B54201D2002468
:1053F00005E0344632465146484601F0A8F818E028
:10540000484600F093FE0546B54201D2284600E02A
:105410003046044622465146484601F098F808E0D6
:1054200032465146484601F057F8044601E0002450
:1054300000BF00BF2046BDE8F087000080090020C3
:105440000FB438B5044606A800906A462046059970
:1054500000F008F8054600200090284638BC5DF8AA
:1054600014FB00002DE9F74F9CB00D46144606A82A
:10547000179040201890002019901C981B90002035
:105480001A9000BF2E786D1C06B911E1252E73D13C
:1054900000274FF0010A00BF2E78232E12D02B2EAA
:1054A0000CD02D2E02D0302E10D103E047F0010792
:1054B0006D1C0EE047F002076D1C0AE047F0040780
:1054C0006D1C06E047F008076D1C02E04FF0000A73
:1054D00000BF00BFBAF1000FDED14FF0000900BFDE
:1054E0002E78302E01DB392E00DD07E06D1CA6F191
:1054F000300009EB890100EB4109F1E700BF002012
:10550000169080462E782E2E1ED16D1C28782A28C3
:1055100008D16D1C012016902168081D2060D1F86B
:10552000008011E000BF2E78302E01DB392E00DD27
:1055300009E0012016906D1CA6F1300008EB8801EF
:1055400000EB4108EFE700BF2E7800BF6C2E01D0C2
:10555000682E02D16D1C2E7800E000E0F6E700BF57
:10556000662E6ED009DC252E6CD0582E37D0632ED7
:105570000CD0642E67D115E092E0702E64D0732EAB
:105580003BD0752E1CD0782EF4D127E02168081D61
:105590002060D1F800A00AF0FF0B594617A800F0D0
:1055A00079FF7AE02168081D2060D1F800A0434609
:1055B0000A22514617A8CDE9009700F07FFE6CE063
:1055C0002168081D2060D1F800A043460A225146F8
:1055D00017A8CDE9009700F0E7FE5EE000BF216864
:1055E000081D2060D1F800A043461022514617A89C
:1055F000CDE9009700F0D8FE4FE02168081D20603B
:10560000D1F800B0BBF1000F03D10FF2CC0B00209A
:10561000169000BF9BF800600BF1010B06B90EE07D
:10562000169818B1B8F1000F00D108E0314617A85C
:1056300000F030FFA8F101081A980028EADA00BF4C
:105640002BE011E023E027E02168081D2060D1F85D
:1056500000A0002008210B461022CDE90010514681
:1056600017A800F0A1FE18E02068C01D20F0070078
:1056700002460830206003CACDE90401CDE9008963
:10568000029717A8DDE9042300F05EFD05E025215F
:1056900017A800F0FFFE00E000BF00BF6D1C03E094
:1056A000314617A800F0F6FE1A980028BFF6EAAEB9
:1056B00000BF1A9800280ADD199820B106A9199A86
:1056C0001C98FFF755FEDDE9191008441A901A9846
:1056D0001FB0BDE8F08F0000284E554C4C2900004B
:1056E000F8B504460E4615466068B0F5827F0DD1C8
:1056F000A068B0F5004F03D0A068B0F5806F05D169
:105700002068006820F040002168086033460022CD
:1057100080212046009500F0D3F828B1206E40F09B
:10572000200020660320F8BD6068B0F5827F16D1A6
:10573000A068B0F5004F03D0A068B0F5806F0ED11F
:10574000334600224FF4C0612046009500F03CF83B
:1057500028B1206E40F0200020660320E3E70020FF
:10576000E1E7F8B504460E461546334600224FF4ED
:10577000C0512046009500F027F828B1206E40F077
:10578000200020660320F8BD3346002280212046F9
:10579000009500F095F828B1206E40F020002066BA
:1057A0000320F0E7334600224FF4C0612046009505
:1057B00000F00AF828B1206E40F020002066032097
:1057C000E1E70020DFE700002DE9FC5F04460D461D
:1057D00016461F46DDF8309000200090FDF752F984
:1057E000A0EB0900A7EB0008FDF74CF98246206802
:1057F00000F10C0B31480068C0EBC00000EB8000EA
:10580000000D00FB08F0019050E0B5F5C06F05D128
:1058100026B99BF8000000909DF80000781C002835
:1058200044D0FDF72FF9A0EB0A00404502D2B8F1B1
:10583000000F34D12068406820F0E0002168486003
:105840006068B0F5827F0DD1A068B0F5004F03D03D
:10585000A068B0F5806F05D12068006820F0400096
:1058600021680860A06AB0F5005F0DD100BF206814
:10587000006820F40050216808602068006840F447
:1058800000502168086000BF012084F85D0000BF5F
:10589000002084F85C0000BF0320BDE8FC9F019855
:1058A00008B94FF000080198401E019020688068F8
:1058B0002840B042A9D10020EFE7000010000020EE
:1058C0002DE9F84F04460D4690461E46DDF8289017
:1058D000FDF7D8F8A0EB0900371AFDF7D3F8824698
:1058E0002C480068C0F3CB307843009045E0701C32
:1058F000002842D0FDF7C6F8A0EB0A00B84200D25B
:10590000A7BB2068406820F0E0002168486060681C
:10591000B0F5827F0DD1A068B0F5004F03D0A0682C
:10592000B0F5806F05D12068006820F04000216844
:105930000860A06AB0F5005F0DD100BF2068006864
:1059400020F40050216808602068006840F400508E
:105950002168086000BF012084F85D0000BF0020BE
:1059600084F85C0000BF0320BDE8F88FFFE70098D3
:1059700000B900270098401E0090206880682840E9
:10598000A84201D1012000E000204045AFD1002015
:10599000EAE7000010000020704710B5FDF778F826
:1059A00010BD00B593B0382105A8FAF774FD142195
:1059B0006846FAF770FD0020FDF73AF902200590DD
:1059C000C00108904020099002200C9002210D9106
:1059D00004210E9155210F910221109111911291E4
:1059E00005A8FDF725FD08B1FBF79DFB0F200090F2
:1059F0000320019000200290039004900421684647
:105A0000FDF7B8FB08B1FBF78EFB13B000BD704784
:105A10002DE9FE4F3C48FEF746FE0122D1023B48ED
:105A2000FDF72AF800244FF08045394E002700206A
:105A3000029080460190374802F0F0F9354802F0B4
:105A40005DF9344802F090F8324802F001F931482B
:105A500002F0F0FB3048006800284CD02D48D0F808
:105A6000C012304603F012FD8346294603F006FCBF
:105A700081462848D0F8B012384603F007FD214689
:105A8000009003F0FBFB8346414603F047FA824651
:105A9000494603F043FA214908601E4802694169FA
:105AA000104602F023FC81461A4800F55E734A4610
:105AB000D0F88C1219480068FAF7A7FF1549C1F809
:105AC000A8020A694969104602F010FC8146114893
:105AD00000F54F734A46D0F890120020FAF795FF70
:105AE0000C49C1F8AC02084602F0A6F90C4800685F
:105AF000401C0B49086000224FF400610348FCF78A
:105B0000BBFFBDE8FE8F0000C00800200004004875
:105B10000000F04150030020040000200C00002091
:105B20000800002010B50268314B984211D0B0F146
:105B3000804F0ED02F4B98420BD02F4B984208D05D
:105B40002E4B984205D02E4B984202D02D4B9842B6
:105B500003D122F070024B681A43254B98421AD0A9
:105B6000B0F1804F17D0234B984214D0224B98426B
:105B700011D0224B98420ED0214B98420BD0224B91
:105B8000984208D0214B984205D0214B984202D030
:105B90001C4B984203D122F44072CB681A4322F086
:105BA00080034C6943EA040202608B68C3620B689D
:105BB00083620F4B98420ED0114B98420BD0124B80
:105BC000984208D0114B984205D0114B984202D010
:105BD0000C4B984201D10B690363012343610369B4
:105BE00003F001031BB1036923F00103036110BD3E
:105BF000002C01400004004000080040000C004060
:105C00000034014000500140004001400044014088
:105C10000048014030B501F01F05012404FA05F3E6
:105C2000046A9C430462046A01F01F0502FA05F548
:105C30002C43046230BD30B50C46816821F47F41AD
:105C400042EA032525432943816030BD0A46816825
:105C5000034B194042F0070319438160704700006D
:105C60008FFFCFFF30B5026A056A25F00105056296
:105C700043688469234D2C4024F003040D682C43B1
:105C800022F002028D682A431F4DA84200D113E082
:105C90001E4DA84200D10FE01D4DA84200D10BE0DF
:105CA0001C4DA84200D107E01B4DA84200D103E0E3
:105CB0001A4DA84206D100BF22F00802CD682A433F
:105CC00022F00402104DA8420ED0104DA8420BD075
:105CD0000F4DA84208D00F4DA84205D00E4DA84246
:105CE00002D00E4DA84207D123F4807323F4007331
:105CF0004D692B438D692B43436084614D68456337
:105D0000026230BD8FFFFEFF002C014000340140D5
:105D10000040014000440140004801400050014063
:105D200030B5026A056A25F010050562436884698A
:105D3000264D2C4024F440740D6844EA052422F0DA
:105D400020028D6842EA0512214DA84200D113E0DD
:105D5000204DA84200D10FE01F4DA84200D100BF46
:105D60001E4DA84200D100BF1D4DA84200D100BF6A
:105D70001C4DA84207D100BF22F08002CD6842EA44
:105D8000051222F04002124DA8420ED0114DA84239
:105D90000BD0114DA84208D0104DA84205D0104D8F
:105DA000A84202D00F4DA84209D123F4806323F406
:105DB00000634D6943EA85038D6943EA85034360C7
:105DC00084614D688563026230BD0000FF8FFFFE75
:105DD000002C0140003401400040014000440140DB
:105DE000004801400050014030B5026A056A25F4C0
:105DF000807505624368C469254D2C4024F0030476
:105E00000D682C4322F400728D6842EA0522214D70
:105E1000A84200D113E0204DA84200D10FE01F4D51
:105E2000A84200D100BF1E4DA84200D100BF1D4DA9
:105E3000A84200D100BF1C4DA84207D100BF22F4E8
:105E40000062CD6842EA052222F48062114DA84228
:105E50000ED0114DA8420BD0104DA84208D0104DC5
:105E6000A84205D00F4DA84202D00F4DA84209D13B
:105E700023F4805323F400534D6943EA05138D69DD
:105E800043EA05134360C4614D68C563026230BDD7
:105E90008FFFFEFF002C0140003401400040014014
:105EA00000440140004801400050014030B5026A02
:105EB000056A25F4805505624368C469264D2C4067
:105EC00024F440740D6844EA052422F400528D68DD
:105ED00042EA0532214DA84200D113E0204DA842EC
:105EE00000D10FE01F4DA84200D100BF1E4DA842B7
:105EF00000D100BF1D4DA84200D100BF1C4DA842DB
:105F000007D100BF22F40042CD6842EA053222F4F4
:105F10008042124DA8420ED0114DA8420BD0114D17
:105F2000A84208D0104DA84205D0104DA84202D07A
:105F30000F4DA84209D123F4804323F400434D6957
:105F400043EA85138D6943EA85134360C4614D6854
:105F50000564026230BD0000FF8FFFFE002C01408F
:105F6000003401400040014000440140004801402D
:105F70000050014030B5026A056A25F4803505629B
:105F80004368046D124D2C400D682C4322F40032FE
:105F90000D8942EA05420F4DA8420ED00E4DA8428F
:105FA0000BD00E4DA84208D00D4DA84205D00D4D86
:105FB000A84202D00C4DA84204D123F480334D698D
:105FC00043EA0523436004654D688564026230BD81
:105FD0008FFFFEFF002C01400034014000400140D3
:105FE00000440140004801400050014030B5026AC1
:105FF000056A25F4801505624368046D134D2C4035
:106000000D6844EA052422F400120D8942EA055283
:106010000F4DA8420ED00F4DA8420BD00E4DA842F6
:1060200008D00E4DA84205D00D4DA84202D00D4D0E
:10603000A84204D123F480234D6943EA85234360B9
:1060400004654D68C564026230BD0000FF8FFFFE2D
:10605000002C014000340140004001400044014058
:10606000004801400050014030B50B461446026A1A
:10607000056A25F001050562816921F0F00141EA18
:10608000041122F00A021A438161026230BD30B568
:106090000B461446026A056A25F0100505628169FF
:1060A00021F4704141EA043122F0A00242EA0312D5
:1060B0008161026230BD00BFFEE7000070B5144C84
:1060C000A8212046FAF7E7F903202061606111A0BA
:1060D000A0611349E1614FF4806121620021A16256
:1060E0006162E1620BA020660E4961661021A16623
:1060F00000212167E1666167002505E0C5F10F0019
:106100000949085C60556D1C102DF7D370BD000067
:10611000680900205465726D696E616C00000000B2
:10612000100A0020100E00209E96000810B50146AF
:106130000A69CB689A4204D88C68641EE41AA018D5
:1061400001E0D41A601E10BD2DE9FF5F8EB0154628
:106150001E46DDF874B006AC1C9808B11C9800E02F
:1061600006200490002213462846314602F05EFBCA
:1061700005D22D2004F8010B86F0004606E01E989B
:1061800000F0040010B12B2004F8010B2846314622
:1061900002F0F2FA8146484602F01DFB2A463346D9
:1061A000CDE9020102F0B2FC07468846B9F1000FC2
:1061B00003D1302004F8010B19E068460AE00A21F7
:1061C00099FBF1F201FB1291303100F8011B0A2119
:1061D00099FBF1F9B9F1000FF1DC04E0411E08462A
:1061E000097804F8011B69468842F7D800BF049873
:1061F00040B32E2004F8010B002005901EE0002281
:106200002D4B3846414602F04DFB0746884638463E
:10621000414602F0B1FA814609F1300004F8010B61
:10622000484602F0D8FA3A464346CDE9020102F068
:106230006DFC074688460598401C0590DDE9041072
:106240008842DCD30020207006A8A4EB000AD345C6
:1062500011D9ABEB0A0003901E9800F0010048B979
:1062600003E020210E9800F015F90398411E0391D8
:106270000028F6D100BF06AC04E014F8011B0E980C
:1062800000F008F920780028F7D1D34511D91E98DD
:1062900000F0010068B1ABEB0A00039003E020219D
:1062A0000E9800F0F7F80399481E03900029F6D1E4
:1062B00000BF12B0BDE8F09F000024402DE9FC5F54
:1062C00006460F4692469846DDE90C45002F01DA56
:1062D000784200E0384683464FF0010903E09BFB1B
:1062E000FAFB09F10109D345F9DAC84500D9C146DD
:1062F00034B1002F03DB05F00400042800D1641E34
:1063000005F0020010B1B8F1000F11D005F0010046
:1063100070B96CB108E0641E2021304600F0BAF874
:10632000F068002800DA02E00CB1A145F3D300BF09
:10633000F068002836DB002F05DA7F422D21304639
:1063400000F0A8F807E005F00400042803D12B2191
:10635000304600F09FF8F068002823DB05F00200CB
:10636000022814D105F0010088B9B8F1000F0ED150
:106370006CB108E0641E3021304600F08BF8F06804
:10638000002800DA02E00CB1A145F3D300BFF068A9
:10639000002807DB4346524639463046CDE90045E2
:1063A00000F002F8BDE8FC9F2DE9FC5F80468946BD
:1063B00015461E460C9CCDF804900127BB4605E00F
:1063C0000198B0FBF5F001900BF1010B0198A84288
:1063D000F6D25E4500D9B3460D9800F00100D0B961
:1063E000CCB10D9800F00200022803D116B930207C
:1063F000009001E02020009009E0641E40460099D2
:1064000000F048F8D8F80C00002800DA02E00CB1DF
:10641000A345F2D300BFD8F80C00002835DB09E013
:10642000012E01D9761E04E0B9FBF7FAAA4500D285
:1064300001E06F43F4E700BF00BFB9FBF7FA0AFBC6
:106440001799134810F80A10404600F023F8D8F8BE
:106450000C00002800DA03E0B7FBF5F7002FECD1C1
:1064600000BF0D9800F0010078B174B109E0641E1E
:106470002021404600F00EF8D8F80C00002800DA81
:1064800002E00CB1A345F2D300BFBDE8FC9F0000C1
:10649000AF96000870B504460E46A568681C616892
:1064A000814206D320684655681CA060E068401C05
:1064B000E060D4E9011088420DD1A268216820690A
:1064C000FEF756FFA168884203D04FF0FF30E0602E
:1064D00001E00020A06070BD2DE9F05F0446894610
:1064E00017464FF0000AE56800BFD4F81080A845B1
:1064F00003D9A8EB0500461E04E0A5EB0800401CEC
:10650000A1680E1AA068401BB04201D9304601E0D4
:10651000A068401B0646BE4201D2304600E0384625
:106520000646606800EB050B324649465846F9F7C7
:106530002BFFB244B144BF1B3544A068A84200D130
:106540000025E560002FD0D15046BDE8F09F2DE931
:10655000F047044689461546E668A068871BAF42A7
:106560000AD9606800EB060A2A4649465046F9F700
:106570000BFF7019E06014E0B846606800EB060A93
:10658000424649465046F9F7FFFEA5EB0708D4F806
:1065900004A009EB070142465046F9F7F5FEC4F89E
:1065A0000C80BDE8F087490050EAC12018BF0420E4
:1065B0004A0D18BF40F0010040F2FF72B2EB515F8C
:1065C00008BF40F00200012808BF05207047000006
:1065D00002480068C0F30220704700000CED00E0A4
:1065E00010B5002804DB0A07130E054A135406E011
:1065F0000A07140E034A00F00F031B1FD45410BDEA
:1066000000E400E018ED00E02DE9F74F144694B0E7
:106610000021C4E902111599079121F00045C949EB
:106620008D4206DC1599C4E9000117B00020BDE8D1
:10663000F08FC549DFF814A3A9423CDD0799C44E89
:106640000029C44FC44A1599534619DD02F050FB86
:10665000554506D0C14AC24B02F04AFBC4E90001CD
:106660000AE04FF0D352BE4B02F042FB32463B46AB
:1066700002F03EFBC4E9000117B00120BDE8F08F35
:1066800001F066FE554506D0B44AB54B01F060FEF8
:10669000C4E900010AE04FF0D352B14B01F058FEBB
:1066A00032463B4601F054FEC4E9000117B04FF0FA
:1066B000FF30BDE8F08FAB49A942159978DB21F096
:1066C000004183468846A84AA84B02F0EBF8002216
:1066D000A74B01F03DFE02F04FF8099002F07BF865
:1066E00006460F469C4A534602F0DCF843465A469B
:1066F00002F00CFA80468A46984A994B3046394651
:1067000002F0D0F82A0D01250B924246534602F0C2
:10671000FDF9032DC4E9000139D00B98C1F30A51EA
:10672000401A05EB45111139814230DA9148C346D0
:10673000784400EB0510CDF80CA00C90D0E90023B4
:106740003046394602F0AEF802460B4604910690F8
:106750005846039902F0CCFA80468A4602460B4618
:106760005846039902F0C4FA049B069A02F0C0FA54
:1067700083460C9803913946D0E90223304602F053
:1067800091F85A46039B02F0B3FA6D1CBDE70798D7
:106790000028A2BF099817B0BDE8F08F616881F0AA
:1067A00000416160099817B04042BDE8F08FFFE7F3
:1067B00084461598C1F31301C0F30A50A0F2F530D6
:1067C0004FEA601800F01F06C6F120001390002069
:1067D0000690079041F4801E05206D4676B1664A0A
:1067E00008EB00017A4452F8213002EB8101B340FA
:1067F0004A68139922FA01F1194305E05F4908EB51
:106800000002794451F82210A1FB0E27A1FB0C13C2
:106810001A449A4234BF0123002303EB070A05EB15
:106820008003D3E901B70F448F4234BF0121002117
:1068300093448B4411B1934502D903E0934501D2AF
:10684000012100E00021C3E901B7514445F82010BF
:10685000011EA0F10100C1DC0298059F00F100506B
:10686000800F12900298DDE90356800001F0B3FF1B
:10687000834628460D9101F0C5FF6FF01D0202F01E
:10688000ACFECDE90E01304601F0BCFF6FF03D02D9
:1068900002F0A3FE80468A46384601F0B3FF6FF04F
:1068A0005D0202F09AFE074642465346119101F0FE
:1068B0004FFDDDE90E2301F04BFD5A460D9B01F023
:1068C00047FD00250E465A4628460D9B02F010FA59
:1068D000DDE90E2302F00CFA4246534602F008FAB4
:1068E0003A46119B02F012F9DFF898A0244A534669
:1068F00001F0D8FF07468846234A244B31462846F4
:1069000001F0D0FF3A46434601F022FD0746884693
:106910004FF0A84253463146284601F0C3FF3A469D
:10692000434601F015FD159A12F0004F04D0129A5B
:1069300081F0004152421292C4E90001129817B04E
:10694000BDE8F08FFB21E93F7CD90240FB21F93FF4
:106950007370032E8A19A33B000040543163621AFE
:1069600061B4D03DFB21394183C8C96D305FE43F3C
:106970000000E03FBC2F0000382F00001A2F00005D
:10698000182D4454FB21F93D3326A611460B113C2A
:106990002DE9FF4D21F0004807460C46B8F1795F1C
:1069A00008DA01F0E9FE002801BF0020324904B0F6
:1069B000BDE8F08D3A4623461046194601F072FFB5
:1069C000054602462D480E460B460621784400F047
:1069D0005DF82A46334601F065FFDDE90223824671
:1069E0008B463846214601F05DFF04460F4652466D
:1069F0005B462846314601F055FF22463B4602F0F1
:106A000077F907468A464FF0FF322846314602F0B2
:106A1000E4FD1B4A90450ADA3A46534602F068F90B
:106A200004B00022BDE8F04D134B02F06FB8154AD8
:106A30004245A8BFA8F500154FF00004B8BF124D9D
:106A400022462B4602F054F90646884622462B463B
:106A50000020094902F04CF904460D463A465346D7
:106A60003046414602F044F904B022462B46BDE8C8
:106A7000F04D02F04BB800000000F03FF02C000099
:106A80003333D33F0000E93F0000D23F2DE9F0410E
:106A90004F1E00EBC7010446D1E9000115461E4612
:106AA00037F006020DD02A46334601F0FBFE7F1E6A
:106AB00004EBC703D3E9002301F04AFC37F00602D8
:106AC000F1D1022F25D0042F13D0062F18BFBDE817
:106AD000F0812A46334601F0E5FED4E90A2301F0AD
:106AE00037FC2A46334601F0DDFED4E9082301F0E5
:106AF0002FFC2A46334601F0D5FED4E9062301F0E7
:106B000027FC2A46334601F0CDFED4E9042301F0E8
:106B10001FFC2A46334601F0C5FED4E9022301F0EA
:106B200017FC2A46334601F0BDFED4E90023BDE838
:106B3000F04101F00DBC00002DE9FF4D054621F0AC
:106B4000004084B00C46B0F1795F0BDA2846FFF7BD
:106B50002AFD042808BF00F06FF8284608B0214637
:106B6000BDE8F08D2A460B46104601F09BFE064616
:106B70000F462A46234601F095FE804626488A465F
:106B800032463B4605217844FFF780FF8346109844
:106B9000029160B3214A224B4046514601F082FEE9
:106BA000CDE900015A4640465146029B01F07AFE6B
:106BB00082468846DDE906014FF0FF3202F00DFD06
:106BC0005246434602F094F832463B4601F06AFED4
:106BD000DDE9062302F08CF8DDE9002302F088F8F5
:106BE00008B02A462346BDE8F04D01F08FBF0B46A2
:106BF0005A463046394601F055FE084A084B01F026
:106C0000A7FB4246534601F04DFE08B02A462346F4
:106C1000BDE8F04D01F09CBB2E2C000049555555A8
:106C20005555C5BF012202F0D8BC002213461046BC
:106C3000114601F049BC0000024A0020110702F091
:106C4000CCBC000001FDFFFFF8B504460D4604B1C1
:106C500025B912A10020FEF7F3FBF8BD606808B962
:106C600016A000E016A00746E06800903B4615A17C
:106C700000202268FEF7E4FB002606E0AA5D1CA1C6
:106C80000020FEF7DDFB701CC6B2E068B042F5D80C
:106C900019A10020FEF7D4FB00BFDEE75B43414EA5
:106CA00020526177204572725D204E756C6C2070A9
:106CB0006F696E746572210D0A00000053746400E0
:106CC000457874005B43414E205261775D20494412
:106CD0003A30782530336C582028257329207C20C1
:106CE000444C433A2564207C20446174613A00009E
:106CF00020307825303258000D0A0D0A00000000BF
:106D000000B5244B21F0004287B09A42DCBF00223C
:106D1000134629DD204B9A4208D140B94FF00100BB
:106D2000F9F73BFCFFF781FF07B000BD03DBFFF77E
:106D300079FF07B000BD02AAFFF766FC10F003015F
:106D400004BF0DF1080C9CE80F000DD001200129B3
:106D50000ED0022914D00DF1080C00909CE80F0011
:106D6000FFF7EAFE07B000BDFFF712FE07B000BD57
:106D70000DF1080C00909CE80F00FFF7DDFE05E028
:106D80000DF1080C9CE80F00FFF702FE07B081F040
:106D9000004100BDFB21E93F0000F07F10B5024635
:106DA0000B460020002105E0545C6040034C205C51
:106DB0004C1CE1B29942F7DB10BD000078010020C5
:106DC0002DE9F04104464FF492612046F9F763FB48
:106DD0008D48C4F844028D494FF4127001518C491A
:106DE000001D01518B49001D01518B49001D0151AE
:106DF0008A49001D01518A49001D01518949001D20
:106E000001518949001D015188494FF41C700151FD
:106E10008749001D015187494FF41A700151864975
:106E2000001D0151012020600020A0600021E160D0
:106E30004FF080428149226161610E20A06180494A
:106E4000C4F840120121E1617E4921627E496162FC
:106E50007E49A1624FF07C51E1627D48D4F8401236
:106E600002F00CFA60637A49A1637A4921637A4996
:106E70004FF4317001517949C4F8C8120021C4F8A7
:106E8000D4127749C4F8E8127649C4F8F412764966
:106E9000C4F800137049C4F804130021C4F8101397
:106EA0007049C4F828137149C4F82C136D49C4F80B
:106EB00034136E49C4F838136949C4F82413694976
:106EC000C4F830136A49C4F83C136A49C4F8401343
:106ED0000021C4F84C134FF08041606A02F08CF836
:106EE000C4F86403606A80F000474FF08041384680
:106EF00002F082F8C4F868034FF08041606A02F043
:106F00007BF8C4F87003606A80F000474FF080415E
:106F1000384602F071F8C4F874034FF08041606A9B
:106F200002F06AF8C4F860034FF08041606A02F032
:106F300063F8C4F86C034E49C4F878134D49C4F89B
:106F40007C130021C4F888134FF08041606A02F07E
:106F500053F8C4F8A003606A80F000474FF0804106
:106F6000384602F049F8C4F8A4034FF08041606A43
:106F700002F042F8C4F8AC03606A80F000474FF0BA
:106F80008041384602F038F8C4F8B0034FF0804131
:106F9000606A02F031F8C4F89C034FF08041606AE7
:106FA00002F02AF8C4F8A8032B49C4F8B4132B49FB
:106FB000C4F8B8130021C4F8C4132949C4F8D8137D
:106FC0002849C4F8E4130021C4F80C142A494FF4EA
:106FD00081600151082604F5826540212846F9F7B1
:106FE0005AFA002085F8400085F841006864102EA8
:106FF00001D9102000E0304685F8420000214FF40E
:107000008B600151BDE8F081457A0008697A00087B
:107010008D7A0008B17A0008C17A0008D57A000894
:107020006D790008A5790008DD790008397A000833
:10703000FD7A0008E97A0008157A0008E17A843FB1
:10704000CDCC2C4100004842000040426F12833AF0
:107050007E8C27C0606B4E3FCDCCCC3D0AD7233C05
:10706000000020410000C842CDCC4C3E0000C8C208
:10707000317C843EF97166429A99993EFBF714FD82
:10708000FEF78FFCFDF762FFFDF79AFFFDF7C0FFEB
:10709000FDF7EAFFFEF7A2F8FDF7ACFEFDF72CFFC7
:1070A0001148FFF78DFEFEF70FF90020FEF710F9EB
:1070B00000F0BEFA0D490860F9F7D4FE0C480068EC
:1070C000406840F020000A490968486009480068A3
:1070D000C06840F0010007490968C8604FF4FA60D1
:1070E000FBF7ECF800BFFEE7500300200000002093
:1070F0007C020020C008002010B52020F9F7EEF82F
:1071000004463CB9074808A102680020FEF798F938
:10711000002010BD20212046F9F7BDF9002060773E
:107120002046F6E7740100202573206D616C6C6FBA
:1071300063206661696C65640000000070470000B0
:1071400010B50446012C05D1012201030548FBF7C7
:1071500093FC05E000224FF480510248FBF78CFCC1
:1071600010BD0000000400487FB504460D46002015
:10717000029003900090019015B1012D55D11AE0B5
:107180000321204600F092F98DF8080004212046E2
:1071900000F08CF98DF809000521204600F086F9F1
:1071A0008DF80A00607F28B10621204600F07EF9A4
:1071B0008DF80B0039E0607F08B1062000E0052063
:1071C0000646012021688847207E20F0F000A0308C
:1071D000207603216176207E8DF80000208B000A46
:1071E0008DF80100002021688847E06828B1324608
:1071F00002A96846E368984707E031466846626836
:107200009047314602A8A26890470120216888472C
:1072100003220DF10A0102A8F9F7FBF8607F18B10B
:107220009DF80D008DF80B0000BF00BF607FB0B16E
:107230009DF80B002074032102A8FFF7AFFD9DF815
:107240000B10884209D00E480EA102680020FEF7FC
:10725000F7F80020607404B070BD012060749DF8E0
:107260000A0000F0070020779DF8080040039DF811
:10727000091040EA41109DF80A1040EAE100EAE7EF
:107280007401002025732063726320636865636B5B
:10729000206661696C65640D0A00000070B50446E3
:1072A0000D4634B909480AA102680020FEF7C8F863
:1072B00070BD45B905480DA102680020FEF7C0F871
:1072C0001748206000E0256000BFF1E7740100204E
:1072D0002573206D7436383335206F626A656374A8
:1072E000206973206E756C6C000000002573206DA2
:1072F0007436383335206F626A6563742075736540
:107300002064656661756C74207370695F63735F78
:10731000636F6E74726F6C286E756C6C2900000060
:107320003D71000870B504460D4634B909480AA1FC
:1073300002680020FEF784F870BD3DB905480DA134
:1073400002680020FEF77CF81548A060A56000BF29
:10735000F2E70000740100202573206D7436383385
:1073600035206F626A656374206973206E756C6C7A
:10737000000000002573206D7436383335206F62AD
:107380006A656374207573652064656661756C74E5
:10739000207370695F72656376286E756C6C290066
:1073A0000775000870B504460D4634B909480AA1AE
:1073B00002680020FEF744F870BD3DB905480DA1F4
:1073C00002680020FEF73CF815486060656000BF69
:1073D000F2E70000740100202573206D7436383305
:1073E00035206F626A656374206973206E756C6CFA
:1073F000000000002573206D7436383335206F622D
:107400006A656374207573652064656661756C7464
:10741000207370695F73656E64286E756C6C2900EB
:107420004D75000870B504460D4634B909480AA1E7
:1074300002680020FEF704F870BD3DB905480DA1B3
:1074400002680020FDF7FCFF1748E060E56000BF20
:10745000F2E70000740100202573206D7436383384
:1074600035206F626A656374206973206E756C6C79
:10747000000000002573206D7436383335206F62AC
:107480006A656374207573652064656661756C74E4
:10749000207370695F73656E645F72656376286ED2
:1074A000756C6C29000000009575000838B504461D
:1074B0000D4600200090012021688847207E20F0A2
:1074C000F000303020766576002021688847E0683B
:1074D00008B1012000E0002030B10322694604F128
:1074E0001800E368984708E0032104F11800626877
:1074F000904703216846A268904701202168884789
:107500009DF8020038BD704770B504460D46002650
:107510000A232A4621460648FCF726FB06462EB1DA
:10752000324604A10020FDF78BFF70BD00BFFCE7D1
:10753000440800207370692073656E642066616979
:107540006C65642025640A0D00000000704700008F
:1075500070B504460D4600260A232A4621460648F1
:10756000FCF7DEFB06462EB1324604A10020FDF7F3
:1075700067FF70BD00BFFCE74408002073706920FE
:1075800073656E64206661696C65642025640A0D0C
:1075900000000000704700002DE9F84305460E4644
:1075A00017464FF000084FF6FF703B46324629461B
:1075B00000901148FCF7B1FC8046B8F1000F06D0EE
:1075C00042460EA10020FDF73BFFBDE8F883FBF724
:1075D00059FA044609E0FBF755FA001B012804D9C3
:1075E0000DA10020FDF72CFFEFE70348FCF7CEF9D3
:1075F0000128F0D100BFE8E744080020737069203B
:1076000073656E645F72656376206661696C65643C
:107610002025640A0D0000007370692073656E6494
:107620005F726563762074696D656F75740A0D000D
:1076300010B5FFF761FD044608492046FFF72EFE0E
:1076400007492046FFF7EEFE06492046FFF7AAFE4F
:1076500005492046FFF766FE204610BD417100082F
:1076600099750008517500080975000810B50446A1
:107670000021204601F0CEFE01D8204610BD84F046
:107680000040FBE72DE9FC5F06460F4614461D4609
:10769000DDF830803946204601F0F8FE8346294661
:1076A000404601F0F3FE5946009001F0A5FC8246E9
:1076B0003946304601F0EAFE5146019001F0DEFD08
:1076C0008146294601F02AFCBDE8FC9F1FB504460F
:1076D000BDF8040020F4004000F500400190BDF822
:1076E000040064F3CE200190BDF804000390002252
:1076F00001210D48FBF7C0F94FF6FF70012302AAE4
:1077000003A900900948FCF708FC0122114606482D
:10771000FBF7B2F90120FAF7D1FDBDF80800C0F37C
:107720000A0004B010BD000000040048E00700207B
:107730002DE9F04704460D4616461F4600224FF03D
:107740007E512846FDF725FB814600224FF07E51F1
:107750003046FDF71EFB824600224FF07E51384630
:10776000FDF717FB8046D4F8440208B1012000E081
:1077700000204FF41271095909B1012100E00021E4
:1077800008434FF41371095909B1012100E00021A8
:107790000843002872D0E06907285FD2DFE800F0D4
:1077A0005E04132231404F004846D4F84412884703
:1077B0004FF412700159504688474FF41370015925
:1077C0004046884759E05046D4F8441288474FF461
:1077D00012700159484688474FF4137001594046CA
:1077E00088474AE04046D4F8441288474FF4127064
:1077F0000159504688474FF413700159484688474D
:107800003BE04046D4F8441288474FF412700159C7
:10781000484688474FF413700159504688472CE07A
:107820005046D4F8441288474FF41270015940462C
:1078300088474FF413700159484688471DE0484671
:10784000D4F8441288474FF41270015940468847D3
:107850004FF413700159504688470EE04846D4F85B
:10786000441288474FF412700159504688474FF42C
:10787000137001594046884700BF00BFBDE8F0873C
:1078800000B5254B21F0004287B09A4203DC00226C
:10789000134600922BE0214B9A4208D140B94FF099
:1078A0000100F8F77AFEFFF7C0F907B000BD03DB6F
:1078B000FFF7B8F907B000BD02AAFEF7A5FE10F069
:1078C00003014FF001000DD0012914D002291AD074
:1078D0000DF1080C9CE80F00FFF75AF807B081F093
:1078E000004100BD0DF1080C00909CE80F00FFF76F
:1078F00023F907B000BD0DF1080C9CE80F00FFF75D
:1079000047F807B000BD0DF1080C00909CE80F008F
:10791000FFF712F9E2E70000FB21E93F0000F07FEA
:107920002DE9F04106460F4601F0FCF8041E0D4615
:1079300018BF0120284320F00040C0F17F6000F113
:10794000E040C00F0ED0301C18BF0120384320F09B
:107950000040C0F17F6000F1E040C00F04BF012093
:10796000F8F71BFE20462946BDE8F0812DE9F041DD
:1079700004460D46601B01F021FC8046064901F0DB
:107980007DFC0746054901F037FB0646044901F036
:1079900033FBBDE8F08100005940533A0000A0419C
:1079A0006F12033B2DE9F04104460D46601B01F0C8
:1079B00005FC8046064901F061FC0746054901F0D7
:1079C0001BFB0646044901F017FBBDE8F0810000EF
:1079D0005940533A0000A0416F12033B2DE9F0419A
:1079E00004460D46601B01F0E9FB8046064901F0A4
:1079F00045FC0746054901F0FFFA0646044901F037
:107A0000FBFABDE8F08100005940533A0000A04164
:107A10006F12033B70B50446204601F0E7FB0646B3
:107A2000044901F02BFC05464FF0944101F0E4FAC3
:107A300070BD0000DB0FC94010B504462046FAF7C0
:107A40003DFC10BD70B504460549204601F016FC0A
:107A5000054601F093FB80B202490968486370BD96
:107A600000D08445C008002070B504460549204672
:107A700001F004FC054601F081FB80B2024909686F
:107A8000886370BD00D08445C008002070B50446EE
:107A90000549204601F0F2FB054601F06FFB80B27C
:107AA00002490968C86370BD00D08445C008002041
:107AB00010B509210148F9F7ECFE10BD7C02002049
:107AC00010B540F20F110248F9F7E3FE10BD0000B7
:107AD0007C02002010B540F215210248F9F7D9FECA
:107AE00010BD00007C02002010B501210248006892
:107AF000FFF73AFB10BD00000000002070B50446FF
:107B00002068606016480068406A206020686168EC
:107B100088420ED921686268881A01F067FB064620
:107B2000104901F069FA054601F0CCF9A060E16066
:107B300010E061684FF6FF72511A2268881801F050
:107B400055FB0646074901F057FA054601F0BAF918
:107B5000A060E160A268E168104600F0C7FB70BD5C
:107B60000C090020AB580A4910B504464FF42073A5
:107B70001A591B1F1959D4F87802F8F7F3FE08496F
:107B800008600846006801684FF4217001510448FC
:107B9000006841684FF4227001510148006810BD2F
:107BA0003800002010B5044628480068B0F57A7FF8
:107BB00027DA4FF41471085980474FF47E71095940
:107BC00001444FF47E7001514FF4157108598047FC
:107BD0004FF47F71095901444FF47F7001514FF404
:107BE0001571085980474FF48061095901444FF4D9
:107BF0008060015115480068401C1449086000204D
:107C000010BD12480068B0F57A7F1DDB4FF47E701E
:107C100000594FF47A71B0FBF1F14FF47E700151CD
:107C2000001D00594FF47A71B0FBF1F14FF47F70F1
:107C30000151001D00594FF47A71B0FBF1F14FF47E
:107C4000806001510120DBE700BFD9E7D0000020B0
:107C500070B504464FF42E710859FDF7AFF805468C
:107C60004FF422721159121F10592A46F8F712FFC9
:107C7000084908600846006801684FF42470015103
:107C80000448006841684FF42370015101480068BE
:107C900070BD00004400002070B504464FF42E7102
:107CA0000859FDF78BF805464FF42B721159121F36
:107CB00010592A46F8F75CFF084908600846006832
:107CC00001684FF4287001510448006841684FF47E
:107CD000297001510148006870BD00002800002093
:107CE00010B504464FF429721159121F1059F8F7B4
:107CF000A7FFC4F8F003D4F8F00310BD2DE9F0415C
:107D000004464FF42D721159121F105901F0BEFB99
:107D10000746384601F0D6F821F0004105464FF0FD
:107D200000423C4B00F0BCFE3AD20021384601F044
:107D300071FA17D24FF42D700159374801F0A6FBA4
:107D400006464FF42C700159304601F0E7F805461D
:107D50004FF48B600159284601F0E0F84FF48B6135
:107D6000085126E00021384601F054FB21D84FF499
:107D70002C700159284801F089FB06464FF42D70FC
:107D80000159304601F0CAF880F000454FF48B608D
:107D90000159284601F0C2F84FF48B61085108E000
:107DA0004FF48B610859394601F0B8F84FF48B61F4
:107DB00008514FF42C700159001D01514FF41A71F4
:107DC0000859804705464FF41B70015928468847DB
:107DD0004FF42C7108514FF48B631859626BD4F82F
:107DE0004012F8F7CBFF4FF42F710851A06901F052
:107DF000FDF905464FF42C7001592846A26BF8F79F
:107E0000ABFF4FF42E7108514FF42C700059BDE8B0
:107E1000F08100002F1B1440DB0FC94010B5044651
:107E20004FF41D70015904F1080088472269616907
:107E3000104600F05BFA10BD2DE9F84304462046D9
:107E4000FFF72AFF2046FFF74BFF4FF08041606AA3
:107E500001F0D2F880464146E94801F0CDF8E94901
:107E600008604FF429700059E74908604FF4297001
:107E700001594FF07C5001F001FA80464FF4287010
:107E80000159E24801F0FAF98146414601F0FEFA53
:107E9000DF4908604FF4297001594FF07C5001F020
:107EA000EDF980464FF428700159D84801F0E6F901
:107EB0008146414601F032F8D6490860D4F8F00313
:107EC00007287ED2DFE800F07D0415293D546800C4
:107ED000CF480168CB48006801F0D0F9CE4908606E
:107EE000C9480168C748006801F0C8F9CB49086073
:107EF00068E0C448006880F00048C5480168404612
:107F000001F0BCF9C4490860C2480168BD48006876
:107F100001F0B4F9C149086054E0BB480168B948B0
:107F2000006801F0ABF9BC490860B648006880F011
:107F30000048B8480168404601F0A0F9B749086018
:107F400040E0B048006880F00048AF480168404613
:107F500001F094F9B0490860AA48006880F0004830
:107F6000AB480168404601F089F9AC49086029E056
:107F7000A448006880F00048A6480168404601F027
:107F80007DF9A5490860A24801689E48006801F093
:107F900075F9A249086015E09E4801689948006893
:107FA00001F06CF99C4908609648006880F0004830
:107FB00095480168404601F061F99849086001E080
:107FC000FFE700BF00BF944801684FF07E5001F00A
:107FD0005DFA814691480168484601F057FA8046AB
:107FE0004FF07C5101F04AF98D4908608B480168D7
:107FF0008948006800F092FF80464FF07E5101F002
:1080000009FA25D2854801688348006800F086FF98
:10801000814649468048006800F0EEFF80464FF0F8
:108020007E5101F02BF97C4908607C4801687A4850
:10803000006800F073FF814649467848006800F008
:10804000DBFF80464FF07E5101F018F9734908605C
:10805000D4F8F003072871D2DFE800F0A7041F3A34
:1080600055718C006E4800686E4908606B48016865
:108070006B48006800F052FF6B4908606748016870
:108080006748006800F04AFF804663480168404640
:1080900000F044FF6549086088E061480068614974
:1080A00008605E4801685E48006800F037FF5F497D
:1080B00008605A4801685A48006800F02FFF80465F
:1080C00055480168404600F029FF574908606DE0B7
:1080D0005348006855490860504801685048006896
:1080E00000F01CFF4F4908604C4801684C4800688C
:1080F00000F014FF804648480168404600F00EFF3B
:108100004949086052E046480068484908604348C9
:1081100001684348006800F001FF434908603F4898
:1081200001683F48006800F0F9FE80463A4801685F
:10813000404600F0F3FE3B49086037E035E0384840
:10814000006839490860354801683548006800F022
:10815000E5FE36490860314801683148006800F0A2
:10816000DDFE80462C480168404600F0D7FE2D49D0
:1081700008601BE02A4800682B490860274801680E
:108180002748006800F0CAFE2649086023480168B5
:108190002348006800F0C2FE80461F480168404640
:1081A00000F0BCFE2149086000E000BF00BF4FF0B6
:1081B0007E50002302461E4900901C480068FFF7CD
:1081C00061FA05464FF07E500023024618490090A0
:1081D00015480068FFF756FA06464FF07E50002318
:1081E0000246134900900F480068FFF74BFA074614
:1081F0003B46324629462046FFF79AFABDE8F88307
:10820000D7B3DD3F4C00002050000020D7B35D3FC6
:1082100054000020580000205C0000206000002076
:1082200064000020700000206C0000206800002026
:10823000000080BF70B5044622696169104600F0F5
:1082400055F805464FF42D721159121F10592A4640
:10825000F8F7ACFD40F2044108510B1D1A591B1FE1
:108260001859D4F80C14F8F7B7FB4FF430710851D3
:1082700008460159C4F80C14005970BD7FB5054675
:108280000C46BDF8040020F400400190BDF8040045
:1082900065F3CE200190BDF8040064F30A0001905C
:1082A000BDF80400039000BF002201210D48FAF739
:1082B000E3FB4FF6FF70012302AA03A900900A48CE
:1082C000FBF72BFE012211460648FAF7D5FB0120E9
:1082D000F9F7F4FF2846FFF7F9F9A042E4D10020AE
:1082E00004B070BD00040048E007002021F0004207
:1082F000A2F16052B2F5801F01F0004328BFD2F115
:108300007F6C0BD95FEA001C43EAC20242EB50705B
:1083100018BF704728BF20F001007047B2F5801FDA
:10832000BCBF184670474FEA410C1CF5001F02D233
:10833000084601F06AB870B500F05EFB00000089E5
:10834000FFF7F6BF4FF00040A0F580007047000037
:1083500010B591EA030F48BF83F0004300F1D084C9
:10836000841A71EB030C05D2121943EB0C03001BAA
:1083700061EB0C01DFF824E14FEA1154A4EB135C2C
:108380001EEA430F18BF9EEA445F73D023EA0E0330
:10839000DCF1200E21EA045143F4801332D322FA97
:1083A0000CFE10EB0E0023FA0CFE41EB0E01CCF19B
:1083B000200E03FA0EFE10EB0E0051F10001B1F594
:1083C000801FCCF1200E32D201EB045112FA0EF2D2
:1083D000BDE8104058BF7047401C38BF5FEA4202FA
:1083E00018BF7047002814BF20F0010041F10001C0
:1083F0004FEA410313F5001F38BF7047A1F1C04198
:1084000000F048BB012A43EB0302ACF1200CDCF185
:108410001F0E32BF4FF0000E23FA0CF310EB0300D7
:1084200041EB0451B4EB115FD0D0A1EB045101F545
:10843000801149085FEA300001EB04510ED350F17E
:10844000000038BF12FA0EFE08D1BDE81040C9E79F
:10845000401C38BF5FEA4202CAD1C3E7BDE8104002
:108460004FEA410313F5001F38BF7047A1F1C04127
:1084700000F010BB9EEA445F08D011EA5E0FBDE831
:10848000104004BF01F0004100207047BDE81040DB
:1084900070B500F0B1FA00BF64FBBE3E0000E0FF23
:1084A00002494FF0000001F066B800BF0000F87FFD
:1084B000491058BFC1F140415B1058BFC3F1404360
:1084C0008B42EFF3008070472DE9C04130B4DFF8F4
:1084D000A0C23CEA111418BF3CEA131400F0EC806F
:1084E00081EA03051CEA111444EAD57418BF1CEA9A
:1084F000131500F0C780A4EB05044FF0004545EAD2
:10850000C12145EAC32341EA505143EA525304F1E1
:108510007F74994204F500344FEAC0204FEAC2222A
:1085200008BF904200F09C804FEA13650FF240169E
:10853000765D4FEA134506FB05F7C7F1807706FB2A
:1085400007F74FEAD737A7FB03687642C8F58038AC
:10855000A7FB06CE38BFA8F1010807FB08E64FF0DD
:10856000000EA6FB028CE6FB03CEDCF1000CCEF184
:10857000004E38BFAEF1010EA6FB0C584FF00007BD
:108580004FF00005E6FB0E87A1FB08C6A0FB07CE57
:1085900016EB0E0645F10005E1FB076515F1E04E0F
:1085A0007EBFA4F580345FEA46066D4116F1800770
:1085B00045F100054FEA17274FEA066647EA0567C7
:1085C000A6F1DE46B6F1805F4FEA15251FD9384681
:1085D00024F0010C05EBC471BCF1FE6F01EB0C1132
:1085E00002D8F0BCBDE8008124425CBF01F5801ECA
:1085F0009EEAC47F02D4F0BCBDE80081244238D496
:10860000F0BCA1F1C041BDE8004100F043BA4FEA1F
:10861000D22242EA43524FEAD323A7FB02864FEA13
:10862000D02040EA415007FB03661EEA0E0F4FEAD6
:10863000D12105FB026658BFA6EB0056B6EB0056EB
:108640004FEA520E4EEAC37E18EB0E0E56EB530E57
:10865000BDD518EB02085E417F1C55F10005B6E759
:108660004FF480154FF000074FF000064FF0000860
:10867000ADE7F0BC4FF0000001F1C04101F0004156
:10868000BDE8008111EA0C1F0CEA131500D00CE0C4
:1086900013EA0C1F00F025804FF00000F0BC81EAC7
:1086A000030101F00041BDE80081F0BCBDE80041DC
:1086B00081EA030100F0EEB9F0BCBDE8004170B5FD
:1086C00000F09AF9097EFC3E00F007B881EA030148
:1086D0004FF0000001F00041704781EA030100F013
:1086E000D9B9F0BCBDE800414FF000002149704706
:1086F000FFFDFBF9F7F5F4F2F0EEEDEBE9E8E6E467
:10870000E3E1E0DEDDDBDAD8D7D5D4D3D1D0CFCDED
:10871000CCCBCAC8C7C6C5C4C2C1C0BFBEBDBCBB26
:10872000BAB9B8B7B6B5B4B3B2B1B0AFAEADACAB21
:10873000AAA9A8A8A7A6A5A4A3A3A2A1A09F9F9EFB
:108740009D9C9C9B9A9999989797969595949393AD
:10875000929191908F8F8E8E8D8C8C8B8B8A898944
:1087600088888787868585848483838282818180C7
:108770000000FF070000F87F4FEA41034FEA535320
:10878000A3F58063D3F11E03C8BFD3F1210C0CDD28
:108790004FF0004242EAC12242EA505232FA03FC50
:1087A0008CEAE17CACEBE1707047102BC4BF002079
:1087B000704703F5787CBCF1FF3F04D06FF00042B6
:1087C00082EA2100704770B500F016F949922480C2
:1087D00000207047F2E710F0004248BF4042B0FA74
:1087E00080F310FA03F10AD0C3F11D0303F580638F
:1087F0004FEA415002EB035202EBD12170474FF098
:1088000000007047B0FA80F310FA03F10AD0C3F108
:108810001D0303F580634FEA41504FEA035202EB18
:10882000D12170474FF000007047000051EA030C5F
:1088300017D41CF5801F58BFBCF5801F00F10680BF
:10884000994218BF704708BF9042704707D711F58B
:10885000801F58BF13F5801F19D499427047894271
:1088600070471CF5801F08D5BCF5801FF7D58B42DB
:1088700018BF704708BF824270474FF4001C1CEBC2
:10888000410F38BF1CEB430F01D28B42704770B5CC
:1088900000F0B2F8922449004FF000514FF080539D
:1088A000FFF706BEDFF848C170B51CEA111E1EBFF7
:1088B0001CEA13159EEA0C0F95EA0C0F00F06F806E
:1088C00081EA030423EA4C134EEAD47E21EA4C11D8
:1088D00041F4801143F48013AE44A1FB024CA0FB91
:1088E0000365AEF17F7E361955EB0C05A1FB034CF9
:1088F0004CF10003A0FB021C16EB0C06654153F182
:108900000003094218BF46F0010613F4007F0BD1A3
:108910004FEA03314FEA0530340341EA155140EA8A
:1089200016506FF003020AE04FEAC3214FEAC52058
:10893000F40241EA555140EA56506FF0020202EB50
:108940002E4201EB025585EACE710AD05FEA440C53
:1089500018BF24F0004450F1000041F1000120EA6A
:10896000D47040F2FE7C624500D270BDA84214BFB4
:108970004FF080444FF04044002E08BF0024BEF169
:10898000806FA8BFA1F1C041BDE8704080F2828035
:108990004FF0000001F1C04101F0004170479EEA34
:1089A0000C0F0CEA131518BF95EA0C0F06D04FF008
:1089B000000081EA030E0EF0004170BD00F01CF8CB
:1089C0008900013E00F007B800F009B84FEA430CF7
:1089D0005FEA5C5C08D081EA030100F05BB84FEA13
:1089E000410C5FEA5C5CF6D14FF000000149704732
:1089F0000000FF070000F87F0EF1020E2EF0030EBC
:108A00005EF8046B364205D4012A43EB030515F5E5
:108A1000001F12D8012841EB010C1CF5001F0CD8D7
:108A20000ED14FEAD17C15F5001F0CEB4C0C0CF16C
:108A3000020C08BF4CEBD37C04E04FF0080C01E0C3
:108A40004FEAD37C0CEB4C0526FA05F606F0070638
:108A5000B6F1040C06D20EEB860CBDE870404CF06B
:108A6000010C6047DFE80CF0090B02024FF00041F7
:108A70004FF00000A1F5002170BD194610460128F5
:108A800051EB010418BFD4F5001484BF002001F09D
:108A9000004170BD0808A0F500114FEA3101704790
:108AA00053EA010C17D41CF5801F58BFBCF5801F7A
:108AB00000F106808B4218BF704708BF82427047A2
:108AC00007D713F5801F58BF11F5801F19D48B42AB
:108AD00070479B4270471CF5801F08D5BCF5801F6E
:108AE000F7D5994218BF704708BF904270474FF4BE
:108AF000001C1CEB430F38BF1CEB410F01D2994205
:108B000070470FB40CBC03BCFFF7C1BE91EA030F62
:108B100010B581F000413FF523AC83F0004300F035
:108B2000EFB800002DE9F04101F5801CBCF5001FF5
:108B3000C0F2C3804FEA115C21EA0C510CF1FD0C2C
:108B400041F480115FEA5C0C0CF5C07C01D340005D
:108B500049413DA4890241EA905187028E0E0A0CD8
:108B6000A45D04FB04F602FB06F6C6F14046A4FB36
:108B70000662F60D46EA422606FB06F4A4FB012334
:108B80005242C3F1404338BF5B1EA6FB02420024A1
:108B9000E6FB0324D20B42EA4446A6FB0623A1FBD4
:108BA00002E2A3FB07E4A4184FF0000252F1000216
:108BB000E3FB01426442C2F1404E38BFAEF1010E08
:108BC000A6FB04234FF00002E6FB0E32A2FB034695
:108BD0004FF00004B61954F10004E2FB0264A1FB5B
:108BE00006E6A4FB07E816EB08064FF0000858F16C
:108BF0000008E4FB01687642C8F1405838BFA8F18C
:108C00000108A2FB06E4A3FB08E52D194FF00004C0
:108C100054F10004E2FB0854A1FB05E6A7FB04E8BD
:108C200018EB06084FF0000656F10006E1FB04863B
:108C300018F1200556F10006A809A8F11B08B10992
:108C400008F03F08B8F10A0F40EA86601CD901EB32
:108C50000C51BDE8F08100BFFCF5EEE8E2DDD8D3B1
:108C6000CFCBC7C3C0BDB9B6B4B1AEACA9A7A5A39D
:108C7000A19F9D9B9A9896959392908F8D8C8B89AE
:108C80008887868584838281A0FB006800FB01F2CF
:108C900008EB4208B8EB872807D5341858EB0104D5
:108CA000D5D5401C51F10001D1E7341A78EB01040D
:108CB000CDD4401E71F10001C9E75FEA4C0C5FEAB8
:108CC0009C5C0DD105D34FF0000001F00041BDE8E0
:108CD000F081BDE8F04170B5FFF78EFE6DDBFFBEA1
:108CE000BDE8F0414FF00000004970470000F87FF8
:108CF00010B591EA030F48BF83F000433FF530AB56
:108D0000841A71EB030C07D212198CF0004C43EB60
:108D10000C03001B61EB0C01DFF8A4E14FEA1154D6
:108D2000A4EB135C1EEA430F18BF9EEA445F00F0F9
:108D3000B08023EA6E03524221EA0451C3EB6E0372
:108D400038BF5B1EDCF1200E25D322FA0CFE10EB9F
:108D50000E0043FA0CFE41EB0E01CCF1200E03FA9B
:108D60000EFE10EB0E0051F10001CCF1200E29D4C3
:108D700012FA0EF201EB0451BDE8104058BF7047E3
:108D8000401C1CBFB2F1004F704700280CBF491CAB
:108D900020F00100704712EB020E43EB030218BFF4
:108DA0004FF0010E4EEA4202ACF1200CDCF11E0E37
:108DB00054D943FA0CFE10EB0E0051F1FF31CCF107
:108DC0001E0ED5D50EF1010E12FA0EFE404141EBFA
:108DD000010101EB445C5FEA5C5C10D910EBDE70D2
:108DE00001EB045138BFBEF1004FBDE8104018BF81
:108DF000704700280CBF491C20F00100704730D29A
:108E00004FEAD42C11F5001124F400641BD0B1FA00
:108E100081F20B3AA41AA41ED2F12003914030FA39
:108E200003F31943904001EBCC71002C01EB04518A
:108E3000BDE81040A8BF704701F1C0414FF00000ED
:108E400001F000417047B0FA80F310FA03F100D14D
:108E500010BDE41A173C4805C90AE4E701EB0451C8
:108E600010BD491001EB0451BDE810404FEA30003D
:108E700002E04FF0000170474A0008BF0042F8D0FE
:108E8000B2F5001F28BF704701F000414FF000000D
:108E900070479EEA445F07D011EA5E0FBDE81040BC
:108EA00004BF002100207047BDE8104070B5FFF7F7
:108EB000A3FD00BF40DFF63E83F00041104670473F
:108EC0000000E0FF43004FEAD30C4FEA3C0C434064
:108ED0001FBF40070CF1605113F0FE4F70471CF0AC
:108EE000006F03D100200CF0004170470CF00043EC
:108EF00043EA507010B540EACC0000F040FA00BFE1
:108F0000000000924FEA0001FFF7C4BD4FF000419E
:108F10004FF00000A1F500217047000090EA010F1A
:108F200048BF81F0004100F1B882421A3CBF801A6C
:108F300089184FEAD0524FF07F4C1CEA410FA2EB48
:108F4000D15318BF9CEA026F00F03B804FF0004CF9
:108F50004CEA00204CEA012121FA03FC10EB0C0C36
:108F60001ED202F1FF325FEA1C2040EBC25038BF34
:108F700070471CF07F0F4FEA400C18BFBCF17F4FC9
:108F800038BF7047C3F12003994008BF20F00100AB
:108F9000BCF17F4F38BF7047A0F1C04000F035BA38
:108FA0004FEA3C00000A40EBC25028BF1CF0FF0F04
:108FB0004FEA400CE6D018BFBCF17F4F38BF704776
:108FC000EAE79CEA026F05D010EA5C0F08BF00F0E8
:108FD0000040704710B500F0D2F900BF64FBBE3E00
:108FE000401058BFC0F14040491058BFC1F1404146
:108FF0008142EFF3008070474FF47F0C1CEAD012DF
:109000001EBF1CEAD11392EA0C0F93EA0C0F00F07A
:10901000858090EA010F48BF42F4807240F4000C52
:1090200041F400002CF07F4120F07F4000B58142E8
:10903000A2EB03020FF2081CACEB504EC0F1000093
:109040009EF800E04FEA4E0E00FB0EFC38BF4900D0
:109050004FEA2C1C02F5FA020CFB0EF34FEACE1E6F
:109060004FEA112C4FEAC1210EEB635E42EB224224
:109070000EFB0CFC4FEA1C5300FB03114FEA112CB2
:109080004FEA01310EFB0CFC4FEADC4C00FB0C11EB
:10909000C14228BF09184CEB03335DF804EB10EB19
:1090A000410143EBC250B2F57C0F38BF704729D560
:1090B00012F0F00F1CBF00F1C04000F000407047FC
:1090C000008182838485868788898B8C8D8E8F91A1
:1090D0009293959697999A9C9D9FA0A2A3A5A7A8C5
:1090E000AAACAEB0B2B3B5B7B9BCBEC0C2C5C7C9F1
:1090F000CCCED1D4D7D9DCDFE2E6E9ECF0F3F7FA55
:10910000FE0000004FEA400C0CF1807CBCF17E4F69
:1091100028BF7047B0F1C04000F077B990EA010F66
:109120000CEAD11348BF42F48072624538BF6345F0
:1091300007D213F47F0F16D080EA010000F0004040
:10914000704710B500F01BF9097EFC3E00F005B831
:1091500080EA010000F00040704780EA010000F062
:10916000004000F052B912F47F0F04BF024870476C
:1091700080EA010000F049B90000C07FC10DD1F1C3
:109180009E0206DB4FEA002343F0004323FA02F07D
:109190007047004207D54FEA4001B1F1FE4F02D2BD
:1091A0004FF00000704710B500F0E9F849922480B4
:1091B000002070476FEA20007047000010F0004167
:1091C00048BF4042B0FA80F310FA03F2C3F19D03A6
:1091D0000BD051EAC35101EB1220530638BF704740
:1091E00000F1010008BF20F001007047B0FA80F3E1
:1091F00010FA03F2C3F19D030AD0D90501EB122046
:10920000530638BF704700F1010008BF20F001008D
:109210007047000050EA010C00F113801CF5000FAC
:1092200058BFBCF5000F01D48842704707D710F52E
:10923000000F58BF11F5000F15D4884270478942BE
:1092400070471CF5000F04D5BCF5000FF7D581421F
:1092500070474FF0807C1CEB400F38BF1CEB410F78
:1092600001D28142704710B500F089F8922449007C
:109270004FF000504FF08051FFF7B2BE4FF47F0C1B
:109280001CEAD0121EBF1CEAD11392EA0C0F93EA1B
:109290000C0F00F0478090EA010F48BF42F4807243
:1092A0004FF0004C4CEA00204CEA012102EB030293
:1092B000A0FB0113A2F50002002918BF43F001032F
:1092C0005B0028BF4FEA330342EB22425FEA132CD4
:1092D0004CEBC2502EBFBCEB436FB2F57C0F704716
:1092E0004FEA036CBCF1004F08BF20F00100B2F55B
:1092F0007C0F38BF70470BD582F0FF0212F5803F1C
:10930000C8BF704700F1C040D8BF00F000407047B0
:1093100000F5000C5FEA4C0C48BF7047B0F1C0404C
:1093200000F073B890EA010F0CEAD11348BF42F481
:109330008072624538BF634504D280EA010000F0C4
:109340000040704710B500F01AF800BF8900013ED8
:1093500000F007B800F009B85FEA410C5FEA1C6C46
:1093600008D080EA010000F050B85FEA400C5FEAE4
:109370001C6CF6D14FF00040A0F5800070470EF154
:10938000020E2EF0030E5EF8044B244204D44FEA82
:109390004102B2F17F4F11D84FEA4003B3F17F4F42
:1093A0000CD80ED14FEAD07CB2F17F4F0CEB4C0CB5
:1093B0000CF1020C08BF4CEBD17C04E04FF0080C20
:1093C00001E04FEAD17C0CEB4C0324FA03F404F0E7
:1093D0000704B4F1040C06D20EEB840CBDE8104077
:1093E0004CF0010C6047DFE80CF0070802024FF078
:1093F0000040A0F5800010BD0846420018BFD2F121
:10940000807288BF00F0004010BDFF2141EAD050BB
:10941000C005704751EA000C00F113801CF5000FE5
:1094200058BFBCF5000F01D48142704707D711F532
:10943000000F58BF10F5000F15D4814270478942C4
:1094400070471CF5000F04D5BCF5000FF7D5884216
:1094500070474FF0807C1CEB410F38BF1CEB400F76
:1094600001D28842704780EA010081EA000180EA67
:109470000100FFF7F8BE80F0004090EA010F7FF591
:1094800054AD81F0004100F008B8000090EA010FEF
:1094900048BF81F000413FF548AD421A04D882F040
:1094A0000042A0EB020011444FEAD0524FF07F4C33
:1094B0001CEA410FA2EBD15318BF9CEA026F4AD0BD
:1094C0004FF0004C4CEA00204CEA012121FA03FC49
:1094D000B0EB0C0C0FD412F0FE0F36D05FEA4C004C
:1094E0001DD5001240EBC25038BF70471CF03F0F33
:1094F00018BF70470BE0A2F101025FEA1C2040EBAD
:10950000C25038BF70471CF07F0F18BF7047C3F1BF
:109510002003994014BF401E20F0010070478008CE
:109520004FEA122308BF7047B0FA80FCA2EB0C028E
:10953000CCF1280C60FA0CF093EA122F04BF00EB78
:10954000C25070474FEAC3707047130A5FEADC10DD
:1095500008BF7047F6E79CEA026F04D010EA5C0F80
:1095600008BF0020704710B5FFF709FF40DFF63E47
:1095700081F0004070470CF00F03092B08BF082052
:1095800000F059800A2B0BD0082B18BF704708BF7A
:109590001CF0400F0AD04FF000004FF00001704760
:1095A0001CF0400F18BF4FF0004070471CF0100F28
:1095B00008D020F0704300F07F4242EAD3014FEA26
:1095C0004370704700F0604021F07F4242EA0002A1
:1095D00001F07F4040EA727070474FF0FF0C4CF48E
:1095E000E06C1CEA11531CBF9CEA030C9445C2BFFB
:1095F000DA4201EB02517047002B0DD0BCF1000F95
:109600000FD0002A01F00041A4BF41F0E04141F039
:109610007F614FF00000704701F000414FF0000003
:10962000704750EA01334FF09B0C18BF4CF0806C30
:109630007EF436AF70471CF4801F11D01CF4E02F6D
:1096400003D06FEACC31490070474FF04050EFF340
:10965000008222F0704242EA000282F300887047E2
:109660004FF0000070470000000000000000010201
:1096700003040607080900000000010203040001BA
:10968000020304050607080C10141820304030317E
:109690003233343536373839414243444546000089
:1096A00000000000545452205245474745530030B3
:1096B0003132333435363738394142434445460038
:1096C0004C5555555555A53F7751C1166CC156BFE0
:1096D0009015CB19A001FA3EAD529C804F7E92BEF0
:1096E000C4B1B4BD9EEE213ED43888BEE9FAA8BD0F
:1096F00000004054FB21F93F3163621A61B4D03D50
:109700000000601A61B4D03D7370032E8A19A33B28
:109710000000002E8A19A33BC14920259A837B397A
:1097200000000000000000006E83F9A22915444EDD
:10973000D15727FCC0DD34F5999562DB4190433C5D
:10974000AB6351FE61C5BBDE3A6E24B7E0D24D4239
:10975000EA2E49061C92D1091CEB1DFE3EA729B139
:10976000F53582E88444BB2E26709CE9417E5FB4C7
:1097700039D69139F43953838B5F849C3B28F9BDEA
:10978000FF97F81F0F9805DE8B112FEF1F6D0A5AF8
:10979000CF7E366DB709CB27663F464F2DEA5F9ED9
:1097A000C7BA27757BF1E5EBF739073DEA92528A94
:1097B000B15FFB6B085D8D1FA6F810111111813F81
:1097C000D561C119A0012ABF7DFEB157E31DC73E77
:1097D000EB9C2B8AE6E55ABE7CD5CF5A3AD9E53DBB
:1097E0004D5436383335000008980008000000203A
:1097F0007C02000014020008309900087C0200205E
:10980000042000005002000801126324F4421002F8
:10981000E60193803F0258012015010302010F0267
:1098200002020F0F030F0F030100E097000810FF63
:10983000070E091C1B1215383F363124232A2D70C0
:10984000777E796C6B6265484F464154535A5DE0B0
:10985000E7EEE9FCFBF2F5D8DFD6D1C4C3CACD9060
:10986000979E998C8B8285A8AFA6A1B4B3BABDC7C9
:10987000C0C9CEDBDCD5D2FFF8F1F6E3E4EDEAB700
:10988000B0B9BEABACA5A28F88818693949D9A2770
:1098900020292E3B3C35321F18111603040D0A57A0
:1098A00050595E4B4C45426F68616673747D7A898E
:1098B0008E878095929B9CB1B6BFB8ADAAA3A4F940
:1098C000FEF7F0E5E2EBECC1C6CFC8DDDAD3D46930
:1098D0006E676075727B7C51565F584D4A434419E0
:1098E0001E171005020B0C21262F283D3A33344E4B
:1098F00049404752555C5B7671787F6A6D64633E80
:1099000039303722252C2B0601080F1A1D1413AEEF
:10991000A9A0A7B2B5BCBB9691989F8A8D8483DE1F
:10992000D9D0D7C2C5CCCBE6E1E8EFFAFDF452F3CB
:04000005080001D915
:00000001FF
