:020000040800F2
:1000000000000220B1280008E5240008F1240008BF
:10001000F924000801250008092500080000000057
:100020000000000000000000000000001125000892
:100030001F250008000000002D2500083B250008B2
:1000400001290008012900080129000801290008E8
:1000500001290008012900080129000801290008D8
:1000600001290008012900080129000801290008C8
:1000700001290008012900080129000801290008B8
:100080000129000801290008492500080129000864
:1000900001290008C92500080129000801290008D4
:1000A00001290008DD2500080129000801290008B0
:1000B0000129000801290008012900080129000878
:1000C0000129000801290008012900080129000868
:1000D0000129000801290008012900080129000858
:1000E0000129000801290008012900080129000848
:1000F0000129000801290008012900080129000838
:100100000129000801290008012900080129000827
:100110000129000801290008012900080129000817
:100120000129000801290008012900080129000807
:1001300001290008012900080129000801290008F7
:1001400001290008012900080129000801290008E7
:1001500001290008012900080129000801290008D7
:1001600001290008012900080129000801290008C7
:1001700001290008012900080129000801290008B7
:1001800001290008012900080129000801290008A7
:1001900001290008000000000129000801290008C9
:1001A0000129000801290008012900080129000887
:1001B0000129000801290008012900080129000877
:1001C0000129000801290008012900080129000867
:0801D0000129000801290008C3
:1001D8000348044B834202D0034B03B118477047CE
:1001E8008C0100208C010020000000000548064B0F
:1001F8001B1AD90F01EBA301491002D0034B03B11D
:10020800184770478C0100208C0100200000000076
:1002180010B5064C237843B9FFF7DAFF044B13B146
:100228000448AFF300800123237010BD9001002023
:1002380000000000D4DC000808B5044B1BB10449D9
:100248000448AFF30080BDE80840CFE70000000095
:1002580094010020D4DC000808B52DED028BF0EEE7
:10026800408AB0EE608A00F051F8F4EE488AF1EE68
:1002780010FA06D6DFED098AB4EE688AF1EE10FAB4
:1002880002D0BDEC028B08BD01F0F4F988EEA80A93
:10029800BDEC028B2123036008BD00BF00000000F5
:1002A800F8B52DED028B57EC106B55EC114B00F0A7
:1002B800EFF83046394622462B46B0EE408AF0EE3B
:1002C800608A00F011FF30B9002200232046294639
:1002D80000F0D8FE30B9B0EE480AF0EE680ABDEC7E
:1002E800028BF8BD01F0C6F900220023212101602C
:1002F8001046194600F088FD41EC180BB0EE480A8C
:10030800F0EE680ABDEC028BF8BD00BF70B582B094
:10031800CDED010A019820F000435A1EB2F1FF4FBB
:100328003BD210EE101A21F00044B4F1FF4F34D242
:100338009C4238DB01F0004258D011F0FF4F00F02A
:10034800FF463ED14FEA042C6FF07D054FEA4C0C76
:10035800BCF1000F05F1FF35F8DC002E66D118025C
:100368006FF07D0E40000EF1FF3EFBD515F17E0FBC
:1003780077DA6FF07D00411B04FA01F1A5EB0E0559
:10038800A0EB0E04A340681EA5B9CB1A002B75DBA1
:100398002CD0B3F5000F35DB41E0DDED017A60EEDE
:1003A800277A87EEA70A02B070BD1FD04FEA4C012A
:1003B800013822D3A1EB030CBCF1000FF5DA490098
:1003C800F6E7E51586B3DB15C0F31600ED1AC1F3A1
:1003D8001601A3F17F0E41F4000140F40003681EEA
:1003E800002DE7D1CB1A002B30DB0BD1274B03EBC9
:1003F800527393ED000A02B070BDCB1A48BF0B468A
:100408001BB9F3E75B000EF1FF3EB3F5000FF9DB14
:100418001EF17E0F1BDA6FF07D04A4EB0E0423415E
:10042800134300EE103ABEE77F3D98E7DB15A3F1D2
:100438007F0EC0F316006FF07D0140F40003491BE6
:10044800A5EB0E0004FA01F10138B3E70B46A3F55A
:1004580000030EF17F0E134343EACE5300EE103A29
:10046800A1E76FF07D04C1F31601A5EB0E00A4EB24
:100478000E0441F400010138A3409BE70029B5D0E0
:10048800B1F5000F0B46BDDBC9E700BF94DE0008DD
:1004980053EC112B2DE9F04123F0004752EA0704F1
:1004A80051EC100B53D0C14C21F00048A0458C46AC
:1004B8004DD85442BE4E144347EAD474B44215464C
:1004C80045D8B8459E46024601F0004449DCC0F2D2
:1004D800BC80854200F2B98000F00581314250D1DC
:1004E800B8F1000F3FD10028034640F35481B149C9
:1004F8005B00002B01F1FF31FADCAD4B0EEA030380
:10050800002B40F0C680002F40F0F480002D2B46D1
:1005180000F3A480A848401A1F2800F3758101F24F
:100528001E4322FA03F308FA00F8A24E43EA08032E
:1005380082404FF0150E06F21E4007FA0EFC25FA0F
:1005480000F005FA0EF5571B40EA0C0E2EE000F0FD
:1005580031FB02460B4600F057FC41EC100BBDE89E
:10056800F08131420DD194494FEAC8235B00002B3A
:1005780001F1FF31C1DD5B00002B01F1FF31F5DC3A
:10058800BBE78B4B4FEA28500EEA0303A0F2FF317A
:10059800002B5DD03F15CCF31303CEF3130EA7F257
:1005A800FF3643F480134EF4801E571B881B411EF0
:1005B80060B926E001381CD4A2EB050C4FEADC73C5
:1005C800013903EB40034FEA4C0219D3AA42A3EBCB
:1005D8000E00EFD30028A2EB050C0ADB50EA0C034F
:1005E800ECD1764BE40F03EBC40393ED000BBDE8AD
:1005F800F081D00F013900EB43034FEA4202E5D204
:10060800571BA3EB0E00AA4238BF00F1FF300028A9
:10061800BCBF1746184650EA070305D1E1E7FB0FB0
:1006280003EB40007F00013EB0F5801FF7DB624B13
:100638009E4242DBA0F5801006F2FF36204340EAD6
:1006480006533A4643EC102B89E741EC100B86E73A
:10065800002F4FD1002D2B4640F3B480554E5B0040
:10066800002B06F1FF36FADC534881424ADBA0EB47
:10067800060ECCF31303BEF11F0F43F480137FF76C
:100688005AAF4F48801B891B05FA00FE0139002527
:100698009CE74948401A4FEA275C1F28ACF2FF360E
:1006A80052DD474BCEF3130E5B1A891B02FA03F394
:1006B8004EF4801E0139002288E7A3EB060CBCF13A
:1006C800140F51DC06F21E4327FA0CF700FA03F365
:1006D80040FA0CFC4CEA040443EA070023460246AD
:1006E80043EC102B3BE7354B03EB147393ED000BF6
:1006F80035E73049304EFB025B00002B06F1FF3630
:10070800FADCB1E7A0EB010CBCF11F0F0FDCA0EB8A
:10071800060E01F21E4322FA03F308FA0CF8BEF1A2
:100728001F0F43EA080302FA0CF2AADC03E7A0EB66
:10073800060C2348BCF11F0FA0EB0103E64602FAA2
:1007480003F31DDC0022F6E601F21E4322FA03F34E
:1007580008FA00F843EA08038240CEF3130E891B17
:100768004EF4801E013931E7BCF11F0F0FDC06F291
:100778001E4327FA0CF700FA03F343EA0700ADE734
:10078800801B891B05FA00FE27D000227EE70C4B50
:100798009B1B1841A2E7064B0EEA03034BB33F1518
:1007A8000449A7F2FF36C30A4205D6E7FFFFEF7FE9
:1007B8000000F07FEDFBFFFF02FCFFFFA0DE00085A
:1007C800E2FBFFFFCCF313034FEAD52E194E43F497
:1007D800801300F113016D05F8E6A3EB0E00002865
:1007E8001EDB3FF4FEAEB0F5801F0F46FFF617AFD5
:1007F80065E7002F7FF47DAF002D0E492B46D8BF4B
:1008080015203FF72BAF8AE60B4B0A4E5B1A02FA0C
:1008180003F34FEAD52E01F212413A466D05D5E6AB
:10082800002B3FF4DEAEB3F5801F18460F46FFF6E7
:10083800F6AE44E7EDFBFFFFE2FBFFFF81F000416E
:1008480002E000BF83F0004330B54FEA41044FEAAD
:10085800430594EA050F08BF90EA020F1FBF54EA48
:10086800000C55EA020C7FEA645C7FEA655C00F0E4
:10087800E2804FEA5454D4EB5555B8BF6D420CDDB5
:100888002C4480EA020281EA030382EA000083EA38
:10089800010180EA020281EA0303362D88BF30BDD8
:1008A80011F0004F4FEA01314FF4801C4CEA11312E
:1008B80002D0404261EB410113F0004F4FEA03338D
:1008C8004CEA133302D0524263EB430394EA050F18
:1008D80000F0A780A4F10104D5F1200E0DDB02FA87
:1008E8000EFC22FA05F2801841F1000103FA0EF21B
:1008F800801843FA05F359410EE0A5F120050EF1E1
:10090800200E012A03FA0EFC28BF4CF0020C43FA11
:1009180005F3C01851EBE37101F0004507D54FF01E
:10092800000EDCF1000C7EEB00006EEB0101B1F56E
:10093800801F1BD3B1F5001F0CD349085FEA3000B4
:100948004FEA3C0C04F101044FEA445212F5800FBF
:1009580080F09A80BCF1004F08BF5FEA500C50F15C
:10096800000041EB045141EA050130BD5FEA4C0C3F
:10097800404141EB0101013C28BFB1F5801FE9D29C
:1009880091F0000F04BF01460020B1FA81F308BFBF
:100998002033A3F10B03B3F120020CDA0C3208DD8B
:1009A80002F1140CC2F10C0201FA0CF021FA02F166
:1009B8000CE002F11402D8BFC2F1200C01FA02F1D6
:1009C80020FA0CFCDCBF41EA0C019040E41AA2BFFB
:1009D80001EB0451294330BD6FEA04041F3C1CDAC3
:1009E8000C340EDC04F11404C4F1200220FA04F0E3
:1009F80001FA02F340EA030021FA04F345EA03018D
:100A080030BDC4F10C04C4F1200220FA02F001FA4E
:100A180004F340EA0300294630BD21FA04F02946D0
:100A280030BD94F0000F83F4801306BF81F4801169
:100A38000134013D4EE77FEA645C18BF7FEA655CDC
:100A480029D094EA050F08BF90EA020F05D054EAAE
:100A5800000C04BF1946104630BD91EA030F1EBFB3
:100A68000021002030BD5FEA545C05D140004941B7
:100A780028BF41F0004130BD14F580043CBF01F5AA
:100A8800801130BD01F0004545F0FE4141F4700190
:100A98004FF0000030BD7FEA645C1ABF194610466B
:100AA8007FEA655C1CBF0B46024650EA013406BF6C
:100AB80052EA033591EA030F41F4002130BD00BF2B
:100AC80090F0000F04BF0021704730B54FF48064E8
:100AD80004F132044FF000054FF0000150E700BF69
:100AE80090F0000F04BF0021704730B54FF48064C8
:100AF80004F1320410F0004548BF40424FF00001B5
:100B08003EE700BF42004FEAE2014FEA31014FEAF7
:100B180002701FBF12F07F4393F07F4F81F0605146
:100B2800704732F07F4208BF704793F07F4F04BF91
:100B380041F40021704730B54FF4607401F000456E
:100B480021F000411CE700BF50EA010208BF7047CE
:100B580030B54FF000050AE050EA010208BF7047BF
:100B680030B511F0004502D5404261EB41014FF428
:100B7800806404F132045FEA915C3FF4D8AE4FF030
:100B880003025FEADC0C18BF03325FEADC0C18BF13
:100B9800033202EBDC02C2F1200300FA03FC20FA64
:100BA80002F001FA03FE40EA0E0021FA02F11444B1
:100BB800BDE600BF70B54FF0FF0C4CF4E06C1CEACA
:100BC80011541DBF1CEA135594EA0C0F95EA0C0F3B
:100BD80000F0DEF82C4481EA030621EA4C5123EAAE
:100BE8004C5350EA013518BF52EA033541F48011DD
:100BF80043F4801338D0A0FB02CE4FF00005E1FB90
:100C080002E506F00042E0FB03E54FF00006E1FBD9
:100C180003569CF0000F18BF4EF0010EA4F1FF041C
:100C2800B6F5007F64F5407404D25FEA4E0E6D415C
:100C380046EB060642EAC62141EA55514FEAC5206D
:100C480040EA5E504FEACE2EB4F1FD0C88BFBCF5E9
:100C5800E06F1ED8BEF1004F08BF5FEA500E50F19A
:100C6800000041EB045170BD06F0004646EA010160
:100C780040EA020081EA0301B4EB5C04C2BFD4EB92
:100C88000C0541EA045170BD41F480114FF0000E8B
:100C9800013C00F3AB8014F1360FDEBF002001F0F9
:100CA800004170BDC4F10004203C35DA0C341BDC73
:100CB80004F11404C4F1200500FA05F320FA04F045
:100CC80001FA05F240EA020001F0004221F0004179
:100CD80010EBD37021FA04F642EB06015EEA430EEC
:100CE80008BF20EAD37070BDC4F10C04C4F120051C
:100CF80000FA04F320FA05F001FA04F240EA0200CF
:100D080001F0004110EBD37041F100015EEA430E9F
:100D180008BF20EAD37070BDC4F1200500FA05F2BF
:100D28004EEA020E20FA04F301FA05F243EA02033E
:100D380021FA04F001F0004121FA04F220EA02004D
:100D480000EBD3705EEA430E08BF20EAD37070BD93
:100D580094F0000F0FD101F00046400041EB010173
:100D680011F4801F08BF013CF7D041EA060195F055
:100D7800000F18BF704703F00046520043EB03030F
:100D880013F4801F08BF013DF7D043EA06037047FC
:100D980094EA0C0F0CEA135518BF95EA0C0F0CD007
:100DA80050EA410618BF52EA4306D1D181EA03014D
:100DB80001F000414FF0000070BD50EA410606BF47
:100DC8001046194652EA430619D094EA0C0F02D18C
:100DD80050EA013613D195EA0C0F05D152EA0336D1
:100DE8001CBF104619460AD181EA030101F00041EF
:100DF80041F0FE4141F470014FF0000070BD41F038
:100E0800FE4141F4780170BD70B54FF0FF0C4CF411
:100E1800E06C1CEA11541DBF1CEA135594EA0C0F30
:100E280095EA0C0F00F0A7F8A4EB050481EA030E7D
:100E380052EA03354FEA013100F088804FEA033364
:100E48004FF0805545EA131343EA12634FEA022232
:100E580045EA111545EA10654FEA00260EF00041F3
:100E68009D4208BF964244F1FD0404F5407402D245
:100E78005B084FEA3202B61A65EB03055B084FEAD6
:100E880032024FF480104FF4002CB6EB020E75EBD3
:100E9800030E22BFB61A754640EA0C005B084FEAFB
:100EA8003202B6EB020E75EB030E22BFB61A754678
:100EB80040EA5C005B084FEA3202B6EB020E75EBC3
:100EC800030E22BFB61A754640EA9C005B084FEA3B
:100ED8003202B6EB020E75EB030E22BFB61A754648
:100EE80040EADC0055EA060E18D04FEA051545EA37
:100EF80016754FEA06164FEAC30343EA52734FEAE0
:100F0800C2025FEA1C1CC0D111F4801F0BD141EA58
:100F180000014FF000004FF0004CB6E711F4801FBD
:100F280004BF01430020B4F1FD0C88BFBCF5E06F9D
:100F38003FF6AFAEB5EB030C04BFB6EB020C5FEAAD
:100F4800500C50F1000041EB045170BD0EF0004E02
:100F58004EEA113114EB5C04C2BFD4EB0C0541EA34
:100F6800045170BD41F480114FF0000E013C90E631
:100F780045EA060E8DE60CEA135594EA0C0F08BFF5
:100F880095EA0C0F3FF43BAF94EA0C0F0AD150EAF4
:100F980001347FF434AF95EA0C0F7FF425AF104687
:100FA80019462CE795EA0C0F06D152EA03353FF4AF
:100FB800FDAE1046194622E750EA410618BF52EA2C
:100FC80043067FF4C5AE50EA41047FF40DAF52EA00
:100FD80043057FF4EBAE12E74FF0FF3C06E000BF9D
:100FE8004FF0010C02E000BF4FF0010C4DF804CDAA
:100FF8004FEA410C7FEA6C5C4FEA430C18BF7FEA6A
:101008006C5C1BD001B050EA410C0CBF52EA430C97
:1010180091EA030F02BF90EA020F0020704710F117
:10102800000F91EA030F58BF994208BF90422CBFA6
:10103800D8176FEAE37040F0010070474FEA410C9F
:101048007FEA6C5C02D150EA013C07D14FEA430CBD
:101058007FEA6C5CD6D152EA033CD3D05DF8040B2E
:10106800704700BF8446104662468C461946634660
:1010780000E000BF01B5FFF7B7FF002848BF10F137
:10108800000F01BD4DF808EDFFF7F4FF0CBF01207C
:1010980000205DF808FB00BF4DF808EDFFF7EAFFF8
:1010A80034BF012000205DF808FB00BF4DF808EDB3
:1010B800FFF7E0FF94BF012000205DF808FB00BFA8
:1010C8004DF808EDFFF7CEFF94BF012000205DF832
:1010D80008FB00BF4DF808EDFFF7C4FF34BF01203F
:1010E80000205DF808FB00BF4FEA410C7FEA6C5C0A
:1010F80002D150EA013C0AD14FEA430C7FEA6C5C0A
:1011080002D152EA033C02D14FF0000070474FF081
:10111800010070474FEA410212F5001215D211D5AD
:101128006FF47873B3EB625212D94FEAC12343F0DC
:10113800004343EA505311F0004F23FA02F018BF5E
:10114800404270474FF00000704750EA013005D127
:1011580011F0004008BF6FF0004070474FF00000EA
:10116800704700BF4FEA4102B2F1E04324BFB3F534
:10117800001CDCF1FE5C0DD901F0004C4FEAC00206
:101188004CEA5070B2F1004F40EB830008BF20F0EA
:101198000100704711F0804F21D113F13872BCBFA4
:1011A80001F00040704741F480114FEA5252C2F1F9
:1011B8001802C2F1200C10FA0CF320FA02F018BF42
:1011C80040F001004FEAC1234FEAD32303FA0CFC95
:1011D80040EA0C0023FA02F34FEA4303CCE77FEA24
:1011E800625307D150EA01331EBF4FF0FE4040F46E
:1011F8004000704701F0004040F0FE4040F400001D
:10120800704700BF844641EA000313F003036DD121
:10121800403A41D351F8043B40F8043B51F8043BB1
:1012280040F8043B51F8043B40F8043B51F8043BB8
:1012380040F8043B51F8043B40F8043B51F8043BA8
:1012480040F8043B51F8043B40F8043B51F8043B98
:1012580040F8043B51F8043B40F8043B51F8043B88
:1012680040F8043B51F8043B40F8043B51F8043B78
:1012780040F8043B51F8043B40F8043B51F8043B68
:1012880040F8043B51F8043B40F8043B51F8043B58
:1012980040F8043B403ABDD2303211D351F8043BF8
:1012A80040F8043B51F8043B40F8043B51F8043B38
:1012B80040F8043B51F8043B40F8043B103AEDD2A7
:1012C8000C3205D351F8043B40F8043B043AF9D2F8
:1012D800043208D0D2071CBF11F8013B00F8013BCB
:1012E80001D30B8803806046704700BF082A13D3D8
:1012F8008B078DD010F003038AD0C3F10403D21AF0
:10130800DB071CBF11F8013B00F8013B80D331F823
:10131800023B20F8023B7BE7043AD9D3013A11F8A3
:10132800013B00F8013BF9D20B7803704B7843700E
:101338008B788370604670478842F0B514D98B1853
:10134800834211D9032A00EB020166D802F1FF3C5F
:101358004AB16FEA0C0C0A469C4413F8011D02F8C6
:10136800011D6345F9D1F0BD032A0FD8034602F1E8
:10137800FF3C002AF7D00CF1010C013B8C4411F81A
:10138800012B03F8012F6145F9D1F0BD41EA0003B3
:101398009B073ED10F2A64D9A2F1100301F1100472
:1013A80023F00F032031A446194400F1100E5CF815
:1013B800105C4EF8105C5CF80C5C4EF80C5C5CF849
:1013C800085C4EF8085C5CF8045C4EF8045C0CF1B0
:1013D800100C8C450EF1100EE9D1E11812F00C0F2B
:1013E800034402F00F0E03F1100338D02EF003056A
:1013F800043D1A1F5E198C465CF8044B42F8044FF2
:10140800B242F9D10431043329442B440EF00302CB
:10141800ADE702F1FF3C0346ADE741EA0304A40748
:101428001F4602D002F1FF3C93E7A2F1040E2EF012
:1014380003068E1B4FEA9E0E8C46644653F8045DE5
:101448004CF8045DB442F8D1CEEB8E7301EB830106
:1014580007EB83073B1F043902F0030276E7724665
:1014680085E703469646C1E770B5104E33680546D2
:101478000C46B3B12146284600F02AF9431C0CD08B
:10148800C41C24F00304A04205D0211A284600F009
:101498001FF9013001D0204670BD4FF0FF342046BF
:1014A80070BD194600F014F93060E3E7AC01002084
:1014B8002DE9F843CD1C25F0030508350C2D38BF60
:1014C8000C25002D064618DBA94216D8DFF8DC806B
:1014D80000F0CCF8D8F80420A2B1144603E0636801
:1014E80022467BB11C4623685B1BF8D40B2B1FD804
:1014F800A242636854D053600CE00C233360002090
:10150800BDE8F88329463046FFF7AEFF431C044682
:1015180019D00560304600F0ABF804F10B00231D2C
:1015280020F00700C21A1CBF1B1AA350BDE8F8839D
:101538006119A242256014BF5160C8F804106351B4
:1015480063684B60E6E7D8F804701FB33C467F68D1
:10155800002FFBD123683946304604EB030900F01D
:10156800B7F8814516D12368ED1A29463046FFF7AA
:101578007BFF01300ED02368D8F804202B44236069
:10158800536883B1A34203D01A465B689C42FBD1DF
:101598000023B0E70C233360304600F069F8AEE76B
:1015A800C8F80430B6E7C8F80470B3E7AC01002007
:1015B800024B01461868FFF77BBF00BF0000002000
:1015C800024B0146186800F095B800BF00000020E3
:1015D800830730B546D08418844604E003F8011B1D
:1015E8009D0704D09C46A4456346F7D130BD013A17
:1015F8000244A2EB0C02032A29D9CCB204EB04243E
:101608000F2A04EB04442FD9A2F1100C2CF00F0C74
:1016180003F11005AC44C3E90044C3E902441033A4
:101628006345F8D112F00C0F02F00F0E18D02EF00F
:10163800030C9C44AEF104051A4642F8044B62457B
:10164800FBD125F0030404330EF003022344002ADF
:10165800CCD0C9B21A4403F8011B9342FBD130BD68
:101668007246F4E70346C6E79646E0E7704700BFD0
:10167800704700BF014B1868704700BF000000208A
:1016880070B50F4B0F4DAB42A3EB050607D0B61054
:10169800002455F8043B01349847A642F9D80CF0C9
:1016A80015FB094D094B5E1BAB424FEAA60606D057
:1016B800002455F8043B01349847A642F9D870BD78
:1016C80010E7000810E7000810E7000814E7000812
:1016D80038B5074D0022044608462A6001F0ACF8E8
:1016E800431C00D038BD2B68002BFBD0236038BDCD
:1016F800F0020020002950D038B551F8043C0C1FE6
:10170800002BB8BFE4180546FFF7B0FF274A136857
:101718002BB1A3420CD92168601883422CD0636096
:1017280028461460BDE83840FFF7A2BFA3420FD88F
:101738001A465B68002BF9D111685018844217D0FB
:101748002CD3636054602846BDE83840FFF790BF4B
:1017580011685018A04214D020D82168601883421C
:10176800EFD118685B680844C4E900035460EAE7ED
:1017780023680B441360E6E718685B680844206038
:10178800CDE720680144501883421160DBD1D3E9CA
:1017980000040144C2E90014D5E770470C232B600C
:1017A8002846BDE83840FFF763BF00BFB0010020FE
:1017B80080B52DED028B82B000AF07F0DFF900F0A5
:1017C800B3F800F009F900F05BFB00F097FB00F0BC
:1017D800B9FC00F0BFFD00F095F900F09BFA00F0AD
:1017E800CDFB04F0B5FC002004F0B8FC434804F03D
:1017F80002FB434803F044F8424803F0DBFC03F0E3
:1018080083FC0346404A136004F044F94FF47A70AD
:1018180007F024FA00237B6046E03A4803F0DEFC38
:10182800384BD3ED017AB0EE670A354802F01CFE5A
:10183800334BD3F858325B0007EE903AF8EEE77A6C
:101848009FED327A27EE878A2D4B93EDB37A2C4B96
:10185800D3ED927A77EE677AB0EE670A01F00CF969
:10186800F0EE407A78EE277A254B03F58863C3EDCE
:10187800007A234B03F58863D3ED007A204B93ED70
:10188800917AF0EE470AB0EE670A01F029F9F0EE16
:10189800407A1B4BC3EDB67A194BD3F88C32012032
:1018A80098477B6801337B607B681D2B06DC144BF3
:1018B800D3F858324FF6FF729342AED092221449B1
:1018C800144804F085FA92221349124804F004FAE5
:1018D8001249002005F06AF9114B1B685A68104B31
:1018E8001B6842F020025A600E4B1B68DA680D4BE9
:1018F8001B6842F00102DA6000BFFDE7F402002035
:10190800000300207C07002078070020DB0F4940F7
:1019180018030020000004088C070020F0DC0008F1
:10192800600A00205C0C002080B594B000AF07F17D
:101938001803382200211846FFF74AFE3B1D0022F3
:101948001A605A609A60DA601A61002008F08EFD09
:101958000123BB614FF48033FB6102237B630323C4
:10196800BB630223FB6355233B6402237B6402238E
:10197800BB640223FB6407F11803184607F090F9CB
:101988000346002B01D000F01BF80F237B600323D4
:10199800BB600023FB6000233B6100237B613B1D90
:1019A8000421184607F08EFC0346002B01D000F0F6
:1019B80007F807F025FE00BF5037BD4680BD000080
:1019C80080B500AF72B600BF0249002005F0EEF8FE
:1019D800FAE700BF04DD000880B58AB000AF07F160
:1019E800140300221A605A609A60DA601A61424B46
:1019F800DB6C414A43F00403D3643F4BDB6C03F0D8
:101A080004033B613B693C4BDB6C3B4A43F02003DE
:101A1800D364394BDB6C03F02003FB60FB68364B67
:101A2800DB6C354A43F00103D364334BDB6C03F0C2
:101A38000103BB60BB68304BDB6C2F4A43F00203E9
:101A4800D3642D4BDB6C03F002037B607B680022C0
:101A58004FF46041294808F0D7FC002241F6C161E3
:101A6800274808F0D1FC00224FF400414FF0904085
:101A780008F0CAFC4FF460437B610123BB6100237B
:101A8800FB6100233B6207F1140319461B4808F069
:101A98002FFB41F6C1437B610123BB610023FB613E
:101AA80003233B6207F114031946154808F020FB8D
:101AB8004FF400437B610123BB610023FB610323D7
:101AC8003B6207F1140319464FF0904008F010FBF1
:101AD8004FF400737B610123BB610023FB6100238A
:101AE8003B6207F114031946054808F001FB00BFE3
:101AF8002837BD4680BD00BF0010024000080048DE
:101B08000004004880B592B000AF07F13C03002202
:101B18001A605A609A603B463C2200211846FFF73B
:101B280057FD4A4B4FF0A0421A60484B4FF44032E1
:101B38005A60464B00229A60444B0022DA60434BBD
:101B480000221A61414B01225A61404B04229A61DA
:101B58003E4B00221A773D4B00225A773B4B01221D
:101B68001A623A4B002283F82420384B002283F86B
:101B78003820364B0022DA63344B002283F84020A9
:101B8800324805F043FA0346002B01D0FFF718FF4F
:101B98000023FB6307F13C0319462C4806F0E6FED8
:101BA8000346002B01D0FFF70BFF294B3B600923AD
:101BB8007B600023BB607F23FB6004233B61002321
:101BC8007B6103233B62002387F82430002387F8D6
:101BD8002530002387F826308423BB624FF48073B6
:101BE800FB62002387F830303B461946174806F059
:101BF80091F90346002B01D0FFF7E2FE154B3B603D
:101C080040F20F137B603B461946104806F082F9F4
:101C18000346002B01D0FFF7D3FE0F4B3B6040F289
:101C280015237B603B461946084806F073F90346BE
:101C3800002B01D0FFF7C4FE044800F00FF803485A
:101C480006F02EF800BF4837BD4680BD600A002068
:101C580002003004040060080800900C80B59EB0B3
:101C680000AF786007F1640300221A605A609A6036
:101C7800DA601A6107F11003542200211846FFF7B1
:101C8800A7FC7B681B68B3F1A04F3CD14FF400431D
:101C98003B614FF000537B6507F11003184607F0CE
:101CA80021FD0346002B01D0FFF78AFE184BDB6CA1
:101CB800174A43F40053D364154BDB6C03F4005309
:101CC800FB60FB68124BDB6C114A43F00103D364E1
:101CD8000F4BDB6C03F00103BB60BB6807237B661B
:101CE8000323BB660023FB6607F1640319464FF024
:101CF800904008F0FDF900220021122008F045FD6F
:101D0800122008F05CFD00BF7837BD4680BD00BFDB
:101D18000010024080B500AF254B264A1A60244BBC
:101D280000225A60224B4FF440729A60204B0022E6
:101D3800DA601F4B01221A741D4B00225A741C4B87
:101D480000229A741A4B11225A61194B03229A6184
:101D5800174B0522DA61164B04221A62144B012232
:101D68005A62134B05229A62114B1C22DA62104BFD
:101D780005221A630E4B01225A630D4B00229A6307
:101D88000B4B0022DA630A4808F034FD0346002BA7
:101D980001D0FFF715FE084803F01CFD00220121C1
:101DA800034809F0B5F8024808F009FF00BF80BDF4
:101DB800CC0A002000640040D409002080B59EB001
:101DC80000AF786007F1640300221A605A609A60D5
:101DD800DA601A6107F11003542200211846FFF750
:101DE800F7FB7B681B68244A934241D14FF4805328
:101DF8003B614FF00073BB6407F11003184607F00E
:101E080071FC0346002B01D0FFF7DAFD1B4B9B6DDD
:101E18001A4A43F000739365184B9B6D03F00073E7
:101E2800FB60FB68154BDB6C144A43F00103D36479
:101E3800124BDB6C03F00103BB60BB684FF4C0536B
:101E48007B660223BB660023FB6603233B670923EB
:101E58007B6707F1640319464FF0904008F048F992
:101E680000220221152008F090FC152008F0A7FC9C
:101E780000BF7837BD4680BD0064004000100240B6
:101E880080B500AF1B4B1C4A1A601A4B4FF4827284
:101E98005A60184B00229A60164B4FF47062DA6051
:101EA800144B00221A61134B01225A61114B4FF453
:101EB80000729A610F4B3822DA610E4B00221A62C7
:101EC8000C4B00225A620B4B00229A62094B0722E4
:101ED800DA62084B00221A63064B00225A6305484F
:101EE80009F080FB0346002B01D0FFF769FD00BF16
:101EF80080BD00BF300B00200030014080B500AF2E
:101F08001C4800F079F81B4B1B4A1A60194B4FF418
:101F180082725A60174B00229A60164B4FF4E062A7
:101F2800DA60144B02221A61124B01225A61114BDA
:101F38004FF400729A610F4B1022DA610D4B0022A8
:101F48001A620C4B00225A620A4B00229A62094B11
:101F58000722DA62074B00221A63064B00225A63F3
:101F6800044809F03FFB0346002B01D0FFF728FD8A
:101F780000BF80BD940B00200038004080B500AF42
:101F88001B4B1C4A1A601A4B4FF482725A60184B4A
:101F980000229A60164B4FF4E062DA60144B02227A
:101FA8001A61134B01225A61114B4FF400729A6166
:101FB8000F4B1822DA610E4B00221A620C4B0022DA
:101FC8005A620B4B00229A62094B0722DA62084BCD
:101FD80000221A63064B00225A63054809F002FBE7
:101FE8000346002B01D0FFF7EBFC00BF80BD00BF0C
:101FF800F80B0020003C004080B58EB000AF786040
:1020080007F1240300221A605A609A60DA601A61A4
:102018007B681B68464A934229D1464B1B6E454A4A
:1020280043F480531366434B1B6E03F480533B62A7
:102038003B6A404BDB6C3F4A43F00103D3643D4BA2
:10204800DB6C03F00103FB61FB69E0237B62022385
:10205800BB620023FB6200233B6305237B6307F11C
:10206800240319464FF0904008F042F85BE07B6883
:102078001B68314A934229D12E4B9B6D2D4A43F45C
:10208800804393652B4B9B6D03F48043BB61BB6915
:10209800284BDB6C274A43F00203D364254BDB6CE7
:1020A80003F002037B617B694FF460437B62022388
:1020B800BB620023FB6200233B6305237B6307F1BC
:1020C800240319461D4808F013F82CE07B681B68A8
:1020D8001B4A934227D1174B9B6D164A43F4004382
:1020E8009365144B9B6D03F400433B613B69114BB3
:1020F800DB6C104A43F00203D3640E4BDB6C03F035
:102108000203FB60FB6838237B620223BB62002367
:10211800FB6200233B6306237B6307F12403194614
:10212800064807F0E5FF00BF3837BD4680BD00BF51
:102138000030014000100240003800400004004810
:10214800003C004080B59CB000AF07F1600300225E
:102158001A605A609A60DA6007F1540300221A6024
:102168005A609A6007F1380300221A605A609A6030
:10217800DA601A615A619A613B1D342200211846BF
:10218800FFF726FA714B724A1A60704B00225A60A8
:102198006E4B20229A606D4B41F29A02DA606B4BCB
:1021A80000221A61694B00225A61684B80229A61A9
:1021B80066480AF059F90346002B01D0FFF700FCE6
:1021C8004FF480533B6607F1600319465F480AF0F5
:1021D800EBFD0346002B01D0FFF7F2FB5B480AF04A
:1021E8000BFA0346002B01D0FFF7EAFB00237B65BF
:1021F8000023BB650023FB6507F1540319465348C8
:102208000BF0F4FB0346002B01D0FFF7D9FB60234A
:10221800BB630023FB6300233B6400237B64002330
:10222800BB640023FB6400233B6507F138030022ED
:10223800194646480AF0A4FC0346002B01D0FFF7D4
:10224800BFFB07F138030422194640480AF098FCFE
:102258000346002B01D0FFF7B3FB07F13803082230
:1022680019463A480AF08CFC0346002B01D0FFF7C8
:10227800A7FB07F138030C22194634480AF080FC02
:102288000346002B01D0FFF79BFB00237B60002354
:10229800BB600023FB6000233B6100237B614FF49C
:1022A8000053BB610023FB6100233B6200237B6278
:1022B8004FF00073BB620023FB6200233B630023E3
:1022C8007B633B1D194621480BF026FC0346002B77
:1022D80001D0FFF775FB1D4800F0C8F81B480AF04D
:1022E8001BF90346002B01D0FFF76AFB00211748B2
:1022F8000AF0E4F90346002B01D0FFF761FB042143
:1023080012480AF0DBF90346002B01D0FFF758FB0F
:1023180008210E480AF0D2F90346002B01D0FFF736
:102328004FFB0C2109480AF0C9F90346002B01D0DC
:10233800FFF746FB054B1B684FF47A621A640348A3
:1023480000F094F800BF7037BD4680BD5C0C0020DB
:10235800002C014080B588B000AF07F110030022BF
:102368001A605A609A60DA603B1D00221A605A604F
:102378009A601F4B1F4A1A601D4B4FF496725A60A1
:102388001B4B00229A601A4B4FF6FF72DA60184B0B
:1023980000221A61164B00229A6115480AF064F867
:1023A8000346002B01D0FFF70BFB4FF480533B6132
:1023B80007F1100319460E480AF0F6FC0346002BF5
:1023C80001D0FFF7FDFA00237B600023FB603B1D73
:1023D800194607480BF00AFB0346002B01D0FFF70C
:1023E800EFFA03480AF098F800BF2037BD4680BDD1
:1023F800A80C00200004004080B584B000AF7860CD
:102408007B681B68164A934214D1164B1B6E154AFB
:1024180043F400631366134B1B6E03F40063FB6005
:10242800FB6800220121192008F0AFF9192008F0F3
:10243800C6F910E07B681B680B4A93420BD1094B25
:102448009B6D084A43F002039365064B9B6D03F0AE
:102458000203BB60BB6800BF1037BD4680BD00BF2C
:10246800002C0140001002400004004080B588B0F4
:1024780000AF786007F10C0300221A605A609A6076
:10248800DA601A617B681B68124A93421DD1124BAD
:10249800DB6C114A43F00103D3640F4BDB6C03F090
:1024A8000103BB60BB684FF4E063FB6002233B6140
:1024B80000237B610023BB610623FB6107F10C034A
:1024C80019464FF0904007F013FE00BF2037BD4675
:1024D80080BD00BF002C01400010024080B500AF55
:1024E80007F09EF800BFFDE780B400AF00BFFDE72E
:1024F80080B400AF00BFFDE780B400AF00BFFDE7C8
:1025080080B400AF00BFFDE780B400AF00BFBD4698
:102518005DF8047B704780B400AF00BFBD465DF82E
:10252800047B704780B400AF00BFBD465DF8047BF4
:10253800704780B500AF06F073FB00BF80BD000098
:1025480080B500AF1A4804F01DFF4FF40061194828
:1025580007F072FF184B1B68002B0AD1174BD3F8F2
:102568005C321946154801F0CFFD0346124A136044
:1025780008E0124BD3F85C32104A126A19460F4829
:1025880001F018FB0D4801F087FA0C4800F0CEFA6C
:102598000A4800F067FC094800F0D8FC074800F03A
:1025A800B8FE4FF40061034807F046FF00BF80BD46
:1025B800600A0020000400485C0A00200003002094
:1025C80080B500AF024808F089FD00BF80BD00BF9C
:1025D800CC0A002080B500AF02480AF081F900BF9C
:1025E80080BD00BF5C0C002080B582B000AF786071
:1025F8003960364B364A4021364808F04DFB364B99
:102608001B6E40F23122934251D040F23122934264
:102618004FD840F22122934245D040F221229342E2
:1026280047D840F21122934236D040F21122934209
:102638003FD8412B3FD0412B3BD8012B02D0112B47
:102648003BD036E02149244802F07CFE234B93ED31
:10265800B66A224BD3EDB85A204B93EDAA7A1F4B9A
:10266800D3ED0E6AB7EE005AC5EE267A67EE277AE2
:102678009FED1B2ADFED1A1AB0EE671AF0EE650A15
:10268800B0EE460A144802F0E7FE164B01221A6023
:10269800144B154A9A6011E0124B02221A600E4838
:1026A80002F0C8FF0AE00F4B03221A6006E000BFE1
:1026B80004E000BF02E000BF00E000BF064802F0EF
:1026C800E3FF00BF0837BD4680BD00BF080A0020F1
:1026D800340A0020CC0A0020D4090020000300207E
:1026E80000000000F4020020CDCCCC3D80B52DEDDB
:1026F800028B84B000AF7860354B5B6AFB817B68E6
:102708001B68334A93425CD1FB89B3F5FA7F58D2F0
:102718004FF480612F4807F08FFE2F4B1B68002B6A
:102728004AD02E4B93EDB78A2C4BD3E9042310469D
:102738001946FEF717FD0346294801EE103AF0EE58
:10274800480AB3EE040A00F0ADFE87ED020A234BF7
:1027580093EDAA8A214BD3E9042310461946FEF7C4
:1027680001FD03461F4801EE103AF0EE480A97EDC6
:10277800020A00F097FEF0EE407A184BC3EDB17AEA
:10278800164B93EDAB8A154BD3E904231046194633
:10279800FEF7E8FC0346144801EE103AF0EE480A4A
:1027A8009FED120A00F07EFEF0EE407A0B4BC3ED6F
:1027B800B27A0A4800F0FEFE4FF48061054807F03F
:1027C8003BFE00BF1037BD46BDEC028B80BD00BF8D
:1027D800002C0140000400485C0A0020000300208F
:1027E80020060020980600205C060020000000005B
:1027F80080B582B000AF0F4B1B6E0E4A43F0010349
:1028080013660C4B1B6E03F001037B607B68094B5E
:102818009B6D084A43F080539365064B9B6D03F00C
:1028280080533B603B6807F0C5FE00BF0837BD46D4
:1028380080BD00BF0010024080B586B000AF786050
:10284800154A164BD31A7B617B693B61144B1B6895
:10285800002B02D1124B134A1A60114B1B68FB6004
:102868000F4B1A687B6813441A463B699A4207D98A
:10287800FEF700FF03460C221A604FF0FF3306E014
:10288800074B1A687B681344054A1360FB681846AF
:102898001837BD4680BD00BF0000022000040000BC
:1028A800F40C0020501200200D48854604F09EFAD2
:1028B8000C480D490D4A002302E0D458C450043393
:1028C800C4188C42F9D30A4A0A4C002301E0136069
:1028D8000432A242FBD3FEF7D3FEFEF769FFFEE700
:1028E80000000220000000208C01002018E70008EA
:1028F8008C0100204C120020FEE780B483B000AFAA
:1029080087ED010AD7ED017AF5EEC07AF1EE10FAFB
:1029180002DBD7ED017A03E0D7ED017AF1EE677AB1
:10292800B0EE670A0C37BD465DF8047B704780B48B
:1029380087B000AF87ED050AC7ED040A87ED031AD3
:10294800C7ED021A87ED012A97ED057AD7ED047ACB
:1029580037EE677AD7ED016AD7ED027A36EEE76A85
:10296800D7ED036AD7ED047A76EEE76AC6EE267AE3
:1029780027EE277AD7ED027A77EE277AB0EE670A44
:102988001C37BD465DF8047B70470000B0B58AB0BF
:1029980000AF87ED030AC7ED020A87ED011A354B30
:1029A800FB6197ED017AD7ED027A77EE677AC7ED8A
:1029B800097AD7ED097AF0EEE77A97ED077AB4EE5F
:1029C800E77AF1EE10FA02DD4FF000034AE0D7EDA6
:1029D800097AF5EEC07AF1EE10FA0BD5BB68BB6147
:1029E8007B68BB60BB697B60D7ED097AF1EE677ADB
:1029F800C7ED097A97ED037AD7ED027A77EE677A11
:102A0800C7ED087A386AFEF77DF804460D46786AFD
:102A1800FEF778F802460B4643EC112B45EC104BB9
:102A2800FDF73EFC53EC102B10461946FEF79AFBB7
:102A380003463B62D7ED087AF5EEC07AF1EE10FA5C
:102A480007D597ED087AD7ED097A77EE277AC7ED9B
:102A5800087A97ED027AD7ED087A77EE277AC7EDEC
:102A6800057A7B6907EE903AB0EE670A2837BD46CB
:102A7800B0BD00BFBD37863580B483B000AF87EDE9
:102A8800010A07E0D7ED017A9FED147A77EEC77A4D
:102A9800C7ED017AD7ED017A9FED107AF4EEC77A87
:102AA800F1EE10FAEEDA07E0D7ED017A9FED0B7A36
:102AB80077EE877AC7ED017AD7ED017AF5EEC07A1D
:102AC800F1EE10FAF0D47B6807EE903AB0EE670AA0
:102AD8000C37BD465DF8047B704700BFDB0FC9406B
:102AE80080B584B000AF87ED010AC7ED000AD7EDC5
:102AF800016A97ED007AC6EE877AC7ED037A9FEDF3
:102B0800091ADFED090A97ED030AFFF73FFF87ED82
:102B1800030AFB6807EE903AB0EE670A1037BD4625
:102B280080BD00BFDB0F4940DB0F49C080B584B0D2
:102B380000AF78607B6893EDB37A7B68D3EDB47AA5
:102B480077EE677AC7ED037AD7ED037AF0EEE77A86
:102B58009FED497AF4EEC77AF1EE10FA3FDDD7ED32
:102B6800037AF5EEC07AF1EE10FA18D57B6803F512
:102B7800886393ED007A7B68D3EDB47ADFED3F6A22
:102B880076EEE76A7B68D3EDB37A76EEA77A77EECE
:102B9800277A7B6803F58863C3ED007A2DE0D7EDCB
:102BA800037AF5EEC07AF1EE10FA26DB7B6803F5BE
:102BB800886393ED007A7B68D3EDB37ADFED2F6AF3
:102BC80076EEE76A7B68D3EDB47A76EEA77A77EE8D
:102BD800677A7B6803F58863C3ED007A0DE07B684C
:102BE80003F5886393ED007AD7ED037A77EE277AB9
:102BF8007B6803F58863C3ED007A7B68D3F8CC2241
:102C08007B68C3F8D0227B68D3F8843298470246A1
:102C18007B68C3F844247B68D3F888327A68D2F892
:102C2800442410469847F0EE407A7B68C3EDB37AA7
:102C38007B689B6907EE903AF8EE677A7B6893EDBC
:102C4800B37A7B68D3ED106AB0EE661AF0EE470AE5
:102C5800B0EE670A00F014F8F0EE407A7B68C3ED36
:102C6800B57A7B68D3F8CC3207EE903AB0EE670AB3
:102C78001037BD4680BD00BF7CD9A040DB0FC940DE
:102C880080B584B000AF87ED030AC7ED020A87ED6F
:102C9800011A97ED027AD7ED037A27EE277AD7ED56
:102CA800017A77EE277AB0EE670AFFF7E5FEF0EED5
:102CB800407AB0EE670A1037BD4680BD80B485B053
:102CC80000AF87ED030AC7ED020A87ED011A97EDF9
:102CD800037AD7ED017AB4EEE77AF1EE10FA01D56E
:102CE8007B680BE097ED037AD7ED027AB4EEE77ACA
:102CF800F1EE10FA01DDBB6800E0FB6807EE903AE0
:102D0800B0EE670A1437BD465DF8047B70470000D3
:102D180080B586B000AF87ED030AC7ED020A87EDDC
:102D2800011A97ED010A03F0DBFF87ED050A97ED1D
:102D3800010A03F053FF87ED040A97ED027AD7EDF5
:102D4800057A27EE277AD7ED036AD7ED047A66EE7F
:102D5800A77A77EE677A0C4BC3ED007A97ED037A82
:102D6800D7ED057A27EE277AD7ED026AD7ED047AF0
:102D780066EEA77A77EE277A034BC3ED017A024B0A
:102D880018461837BD4680BDF80C002080B52DEDDB
:102D9800028B82B000AF78607B6893EDB18A7B6864
:102DA800D3EDB28A7B68D3EDB57AB0EE670AFFF748
:102DB80063FEF0EE407AB0EE671AF0EE680AB0EE05
:102DC800480AFFF7A5FF03460A4A1360094B1B6828
:102DD8001A687B68C3F8BC22064B1B685A687B6874
:102DE800C3F8C022034B1B6818460837BD46BDEC24
:102DF800028B80BD000D002080B485B000AF87ED48
:102E0800030AC7ED020A87ED011AD7ED037A37EEF8
:102E1800A77AD7ED027A37EE677AD7ED017A77EE9F
:102E2800677A9FED0D7A67EE877A0C4BC3ED007ACF
:102E380097ED027AD7ED017A77EE677A9FED087AF7
:102E480067EE877A054BC3ED017A044B18461437B1
:102E5800BD465DF8047B7047ABAAAA3E040D00206E
:102E68003ACD133F80B582B000AF78607B68D3ED70
:102E7800A57A7B6893EDA67A7B68D3EDA76AB0EE56
:102E8800661AF0EE470AB0EE670AFFF7B5FF034689
:102E9800094A1360084B1B681A687B68C3F8A022AC
:102EA800054B1B685A687B68C3F8A422024B1B6851
:102EB80018460837BD4680BD0C0D002080B52DEDA5
:102EC800028B84B000AF87ED030AC7ED020A87EDD5
:102ED800011A97ED010A03F003FFB0EE407AD7ED2F
:102EE800037A27EE278A97ED010A03F077FEB0EE02
:102EF800407AD7ED027A67EE277A78EE277A124B76
:102F0800C3ED007AD7ED037AB1EE678A97ED010A2F
:102F180003F064FEF0EE407A28EE278A97ED010A66
:102F280003F0DEFEB0EE407AD7ED027A67EE277A3C
:102F380078EE277A044BC3ED017A034B1846103715
:102F4800BD46BDEC028B80BD100D002080B52DED77
:102F5800028B82B000AF78607B6893EDA88A7B68AB
:102F6800D3EDA98A7B68D3EDB57AB0EE670AFFF78F
:102F780083FDF0EE407AB0EE671AF0EE680AB0EE24
:102F8800480AFFF79BFF03460A4A1360094B1B6870
:102F98001A687B68C3F8AC22064B1B685A687B68C2
:102FA800C3F8A822034B1B6818460837BD46BDEC7A
:102FB800028B80BD180D002080B588B000AFF86086
:102FC80087ED020AC7ED010A87ED001A9FED3F1A47
:102FD800F7EE000A97ED020AFFF770FE87ED070A81
:102FE8009FED3A1AF7EE000A97ED010AFFF766FE21
:102FF80087ED060A9FED351AF7EE000A97ED000AED
:10300800FFF75CFE87ED050AFB68D3F86032002BFA
:1030180014BF01230023DAB2FB68D3F86432002B13
:1030280014BF01230023DBB21343DBB21A46FB684B
:10303800D3F86832002B14BF01230023DBB21343FB
:10304800002B3FD0FB68DB69B3F1FF3F14D0012BA5
:1030580025D1FB68D3F8603297ED070A9847FB68DB
:10306800D3F8643297ED060A9847FB68D3F86832BC
:1030780097ED050A984725E0FB68D3F8603297ED8D
:10308800060A9847FB68D3F8643297ED070A984711
:10309800FB68D3F8683297ED050A984712E0FB6899
:1030A800D3F8603297ED070A9847FB68D3F8643283
:1030B80097ED060A9847FB68D3F8683297ED050A3A
:1030C800984700BF00BF2037BD4680BD0000000004
:1030D80080B52DED028B82B000AF87ED010AC7EDF8
:1030E800000AD7ED007AF5EE407AF1EE10FA0AD12F
:1030F800D7ED017AF5EEC07AF1EE10FA01DB012383
:10310800C2E00423C0E0D7ED017AF5EE407AF1EE93
:1031180010FA0AD1D7ED007AF5EEC07AF1EE10FA7E
:1031280001DB0223B0E00523AEE0D7ED017AF5EE2E
:10313800C07AF1EE10FA15DDD7ED007AF5EEC07A17
:10314800F1EE10FA0EDDD7ED006A97ED017AC6EEC2
:10315800877A9FED507AF4EEC77AF1EE10FA01D52E
:10316800012391E0D7ED007AF5EEC07AF1EE10FA7E
:1031780012DD97ED010AFFF7C0FBF0EE406A97ED0C
:10318800007AC7EE267A9FED437AF4EEC77AF1EE1D
:1031980010FA01DD022377E0D7ED017AF5EEC07A67
:1031A800F1EE10FA17D5D7ED007AF5EEC07AF1EE08
:1031B80010FA10DDD7ED007AF1EE676A97ED017A23
:1031C800C6EE877A9FED337AF4EEC77AF1EE10FAFD
:1031D80001D5032358E0D7ED017AF5EEC07AF1EE78
:1031E80010FA15D5D7ED007AF5EEC07AF1EE10FA9F
:1031F8000ED5D7ED006A97ED017AC6EE877A9FED76
:10320800257AF4EEC77AF1EE10FA01D504233BE0F3
:10321800D7ED007AF5EEC07AF1EE10FA14D5D7EDB5
:10322800007AB1EE678A97ED010AFFF766FBB0EE08
:10323800407AC8EE077A9FED177AF4EEC77AF1EE76
:1032480010FA01DD05231FE0D7ED017AF5EEC07A0B
:10325800F1EE10FA17DDD7ED007AF5EEC07AF1EE4F
:1032680010FA10D5D7ED007AF1EE676A97ED017A7A
:10327800C6EE877A9FED077AF4EEC77AF1EE10FA78
:1032880001D5062300E0002318460837BD46BDECEB
:10329800028B80BDD7B3DD3F80B582B000AF7860C8
:1032A8007B68D3EDAF7A7B6893EDB07AF0EE470A8E
:1032B800B0EE670AFFF70CFF02467B68C3F81024DC
:1032C8007B68D3F8103418460837BD4680BD80B4F3
:1032D80085B000AF87ED030AC7ED020A87ED011A32
:1032E80097ED017AD7ED037A27EE277AF7EE006A91
:1032F800D7ED017A76EEE76AD7ED027A66EEA77A1D
:1033080077EE277AB0EE670A1437BD465DF8047B7E
:10331800704780B52DED028B82B000AF78607B6876
:1033280093EDB38A7B68D3EDB48A7B68D3E9042331
:1033380010461946FDF716FF034601EE103AF0EE67
:10334800680AB0EE480A00F037F8F0EE407A7B6879
:1033580003F23443C3ED007A7B6803F23443D3EDC0
:10336800007A7B6803F23C4393ED007A7B6803F5AF
:103378008763D3ED006AB0EE661AF0EE470AB0EE46
:10338800670AFFF7A4FFF0EE407A7B68C3EDB77ACF
:103398007B68D3F8DC227B6803F23C431A607B68C5
:1033A800D3F8DC3207EE903AB0EE670A0837BD462C
:1033B800BDEC028B80BD000080B487B000AF87ED04
:1033C800030AC7ED020A87ED011AD7ED017AF5EE77
:1033D800C07AF1EE10FA02D84FF0000355E097EDED
:1033E800037AD7ED027A77EE677AF0EEE77A9FED07
:1033F8002B7AF4EEC77AF1EE10FA39DD97ED037AFD
:10340800D7ED027A77EE677AF5EEC07AF1EE10FA28
:1034180010D59FED237AD7ED027A37EE677AD7ED8C
:10342800037A77EE276A97ED017AC6EE877AC7EDB9
:10343800057A29E097ED037AD7ED027A77EE677A75
:10344800F5EEC07AF1EE10FA1EDB9FED157AD7ED96
:10345800037A37EE677AD7ED027A77EE277AF1EEBC
:10346800676A97ED017AC6EE877AC7ED057A0BE0B1
:1034780097ED037AD7ED027A77EE676A97ED017ACE
:10348800C6EE877AC7ED057A7B6907EE903AB0EE0B
:10349800670A1C37BD465DF8047B70477CD9A0409D
:1034A800DB0FC94080B586B000AF87ED030AC7EDD2
:1034B800020A87ED011A386097ED037AD7ED027A90
:1034C80077EE677A3B68C3ED057A3B6893ED027A3D
:1034D8003B68D3ED056AD7ED017A66EEA77A77EEF9
:1034E800277A3B68C3ED027A3B68D3ED027A3B68E2
:1034F80093ED0A7A3B68D3ED0B6AB0EE661AF0EEEC
:10350800470AB0EE670AFFF7D9FBF0EE407A3B684E
:10351800C3ED027A3B6893ED057A3B68D3ED077AF1
:1035280077EE676A97ED017AC6EE877AC7ED057A76
:103538003B6893ED007A3B68D3ED057A27EE277A4E
:103548003B68D3ED016A3B68D3ED027A66EEA77A51
:1035580037EE277A3B68D3ED046AD7ED057A66EE35
:10356800A77A77EE277A3B68C3ED067A3B68D3EDF6
:10357800067A3B6893ED0D7A3B68D3ED0E6AB0EEA0
:10358800661AF0EE470AB0EE670AFFF797FBF0EE0F
:10359800407A3B68C3ED067A3B685A693B68DA6152
:1035A8003B689B6907EE903AB0EE670A1837BD464C
:1035B80080BD000080B586B000AF78607868FFF7FE
:1035C800E5FB7868FFF768FE7B68D3ED0B7AF0EED1
:1035D800006A87EEA67ADFEDBC6AC6EE877ABB4B37
:1035E800C3ED007A7B68D3F8C032B94A13607B68B0
:1035F800D3EDAF7A9FEDB77A27EE877A7B68D3ED64
:10360800B07AF6EE006A67EEA67A77EE677AB24B82
:10361800C3ED007A7B68D3EDAF7A9FEDAE7A27EEE3
:10362800877A7B68D3EDB07AF6EE006A67EEA67A01
:1036380077EE277AA94BC3ED007A7B68D3F810346C
:10364800013B052B00F2A68001A252F823F000BF2F
:10365800713600089F360008D13600080337000885
:10366800393700086B370008984B93ED007A9A4B6E
:10367800D3ED007A67EE277A994BC3ED007A934B26
:1036880093ED007A924BD3ED007A67EE277A954B4B
:10369800C3ED007A7FE08D4BD3ED007AB1EE677A07
:1036A8008D4BD3ED007A67EE277A8D4BC3ED007A08
:1036B800864B93ED007A894BD3ED007A67EE277A33
:1036C800884BC3ED007A66E0804B93ED007A804B1F
:1036D800D3ED007A67EE277A814BC3ED007A7B4BF6
:1036E800D3ED007AB1EE677A7C4BD3ED007A67EEC2
:1036F800277A7C4BC3ED007A4DE0744BD3ED007A0A
:10370800B1EE677A724BD3ED007A67EE277A744B85
:10371800C3ED007A6D4BD3ED007AB1EE677A6E4B4C
:10372800D3ED007A67EE277A6E4BC3ED007A32E06C
:10373800664BD3ED007AB1EE677A684BD3ED007A29
:1037480067EE277A664BC3ED007A604B93ED007AFB
:10375800614BD3ED007A67EE277A624BC3ED007AAE
:1037680019E05A4B93ED007A5C4BD3ED007A67EE83
:10377800277A5B4BC3ED007A544BD3ED007AB1EE58
:10378800677A534BD3ED007A67EE277A554BC3ED32
:10379800007A00E000BF524BD3ED007AB7EE007A12
:1037A80037EE677A4F4BD3ED007A77EE677AB6EE4D
:1037B800007A67EE877A4C4BC3ED007A484B93ED5D
:1037C800007A484BD3ED007A77EE277AB7EE007A85
:1037D800F4EEC77AF1EE10FA1FDD414BD3ED006A23
:1037E8003F4B93ED007A3F4BD3ED007A37EE277AC3
:1037F800C6EE877A3A4BC3ED007A3A4BD3ED006AAE
:10380800374B93ED007A374BD3ED007A37EE277AB2
:10381800C6EE877A334BC3ED007A7B68D3F8103451
:10382800013B052B00F2E88001A252F823F000BF0B
:10383800513800089138000801390008413900085A
:1038480081390008C1390008274B1B68274A1360D3
:10385800254B93ED007A234BD3ED007A77EE277A48
:10386800234BC3ED007A204B93ED007A1D4BD3ED2B
:10387800007A37EE277A1A4BD3ED007A77EE277A5B
:103888001C4BC3ED007AB8E0174B1B68174A13604E
:10389800154B93ED007A134BD3ED007A77EE277A28
:1038A800144BC3ED007A104B93ED007A0D4BD3ED1A
:1038B800007A37EE277A0A4BD3ED007A77EE277A2B
:1038C8000B4BC3ED007A98E0D7B3DD3F1C0D002009
:1038D800200D0020D7B35D3F240D0020280D0020C7
:1038E8002C0D0020300D0020340D0020380D002054
:1038F8003C0D0020400D0020604B1B68604A13609F
:103908005E4B93ED007A5F4BD3ED007A77EE277A22
:103918005D4BC3ED007A594B93ED007A594BD3EDCB
:10392800007A37EE277A594BD3ED007A77EE277A6B
:10393800574BC3ED007A60E0504B1B68504A136048
:103948004E4B93ED007A4F4BD3ED007A77EE277A02
:103958004F4BC3ED007A494B93ED007A494BD3EDB9
:10396800007A37EE277A494BD3ED007A77EE277A3B
:10397800454BC3ED007A40E0404B1B68444A136056
:103988003E4B93ED007A3F4BD3ED007A77EE277AE2
:103998003B4BC3ED007A394B93ED007A394BD3EDAD
:1039A800007A37EE277A394BD3ED007A77EE277A0B
:1039B800354BC3ED007A20E0304B1B68344A136066
:1039C8002E4B93ED007A2F4BD3ED007A77EE277AC2
:1039D8002D4BC3ED007A294B93ED007A294BD3ED9B
:1039E800007A37EE277A294BD3ED007A77EE277ADB
:1039F800234BC3ED007A00E000BF214BD3ED007AE2
:103A0800B7EE002ADFED231AB7EE001AFFEE000A20
:103A1800B0EE670AFEF78BFF87ED050A1C4BD3ED66
:103A2800007AB7EE002ADFED1B1AB7EE001AFFEE98
:103A3800000AB0EE670AFEF77AFF87ED040A124B18
:103A4800D3ED007AB7EE002ADFED121AB7EE001AAE
:103A5800FFEE000AB0EE670AFEF769FF87ED030A7A
:103A680097ED031AD7ED040A97ED050A7868FFF772
:103A7800A3FA00BF1837BD4680BD00BF340D002033
:103A8800400D0020300D0020380D00202C0D0020A6
:103A98003C0D00200000000080B582B000AF7860C7
:103AA8007B68D3F890327A680832104698477B686A
:103AB800D3E9042310461946FDF754FB034607EEE5
:103AC800903AB0EE670A0837BD4680BD80B489B029
:103AD80000AF87ED030AC7ED020A87ED011A3860C7
:103AE800FB68FB61BB68BB617B687B613B68013B32
:103AF800052B4BD801A252F823F000BF1D3B00084C
:103B0800313B0008453B0008593B00086D3B000865
:103B1800813B0008264AFB691360254ABB6953604C
:103B2800234A7B6993603BE0214ABB691360204AC2
:103B3800FB6953601E4A7B69936031E01C4A7B69CC
:103B480013601B4ABB695360194AFB69936027E0FD
:103B5800174A7B691360164AFB695360144ABB69AC
:103B680093601DE0124ABB691360114A7B69536078
:103B78000F4AFB69936013E00D4AFB6913600C4A16
:103B88007B6953600A4ABB69936009E0084AFB698C
:103B98001360074ABB695360054A7B69936000BF9D
:103BA800034B18462437BD465DF8047B704700BFB9
:103BB800440D002080B586B000AFF860B9607A6027
:103BC800BB68B3F5897F80F27082BB68B3F5807FEC
:103BD80010DABB68112B00F05581BB68112B00F37C
:103BE8006482BB68012B00F02582BB68102B00F0B3
:103BF800E6815AE2BB68A3F58073112B00F2558267
:103C080001A252F823F000BF513F0008C93D000847
:103C1800B3400008B3400008B3400008B3400008B0
:103C2800B3400008B3400008B3400008B3400008A0
:103C3800B3400008B3400008B3400008B340000890
:103C4800B3400008B3400008193D0008593C00087B
:103C5800FB68D3F86C32002B09D0FB68D3F87032BC
:103C6800002B04D0FB68D3F87432002B01D1002359
:103C780046E2FB68D3F86C3298470246FB68C3F803
:103C88006C24FB68D3F8703298470246FB68C3F887
:103C98007024FB68D3F8743298470246FB68C3F86F
:103CA8007424FB68D3F87832FA68D2F86C04FA689E
:103CB800D2F8282411469847F0EE407AFB6803F2C0
:103CC8001C43C3ED007AFB68D3F87C32FA68D2F85B
:103CD8007004FA68D2F82C2411469847F0EE407A1E
:103CE800FB6803F58463C3ED007AFB68D3F8803280
:103CF800FA68D2F87404FA68D2F830241146984762
:103D0800F0EE407AFB6803F22443C3ED007ACEE17B
:103D1800FB68D3F86C32002B04D0FB68D3F8703200
:103D2800002B01D10023EBE1FB68D3F86C329847F4
:103D38000246FB68C3F86C24FB68D3F870329847D6
:103D48000246FB68C3F87024FB680022C3F8742499
:103D5800FB68D3F87832FA68D2F86C04FA68D2F8BB
:103D6800282411469847F0EE407AFB6803F21C437A
:103D7800C3ED007AFB68D3F87C32FA68D2F8700495
:103D8800FA68D2F82C2411469847F0EE407AFB687E
:103D980003F58463C3ED007AFB6803F21C4393EDDB
:103DA800007AFB6803F58463D3ED007A77EE277A0F
:103DB800F1EE677AFB6803F22443C3ED007A76E1FB
:103DC800FB68D3F86C32002B0ED0FB68D3F8743242
:103DD800002B09D0FB68D3F87832002B04D0FB689D
:103DE800D3F88032002B01D1002389E1FB68D3F896
:103DF8006C3298470246FB68C3F86C24FB680022C3
:103E0800C3F87024FB68D3F8743298470246FB68FD
:103E1800C3F87424FB68D3F87832FA68D2F86C04D3
:103E2800FA68D2F8282411469847F0EE407AFB68E1
:103E380003F21C43C3ED007AFB68D3F88032FA68BA
:103E4800D2F87404FA68D2F8302411469847F0EE94
:103E5800407AFB6803F22443C3ED007AFB6803F25F
:103E68001C4393ED007AFB6803F22443D3ED007AF8
:103E780077EE277AF1EE677AFB6803F58463C3ED82
:103E8800007A14E1FB68D3F87032002B0ED0FB687F
:103E9800D3F87432002B09D0FB68D3F87C32002B9E
:103EA80004D0FB68D3F88032002B01D1002327E12E
:103EB800FB680022C3F86C24FB68D3F8703298477B
:103EC8000246FB68C3F87024FB68D3F8743298473D
:103ED8000246FB68C3F87424FB68D3F87C32FA689E
:103EE800D2F87004FA68D2F82C2411469847F0EEFC
:103EF800407AFB6803F58463C3ED007AFB68D3F866
:103F08008032FA68D2F87404FA68D2F8302411467C
:103F18009847F0EE407AFB6803F22443C3ED007A39
:103F2800FB6803F5846393ED007AFB6803F224438E
:103F3800D3ED007A77EE277AF1EE677AFB6803F221
:103F48001C43C3ED007AB2E0FB68D3F86C32002B57
:103F580004D0FB68D3F87832002B01D10023CFE0DE
:103F6800FB68D3F86C3298470246FB68C3F86C24A8
:103F7800FB680022C3F87024FB680022C3F874248D
:103F8800FB68D3F87832FA68D2F86C04FA68D2F889
:103F9800282411469847F0EE407AFB6803F21C4348
:103FA800C3ED007AFB6803F584634FF000021A60E2
:103FB800FB6803F224434FF000021A6077E0FB68C5
:103FC800D3F87032002B04D0FB68D3F87C32002B76
:103FD80001D1002394E0FB680022C3F86C24FB683D
:103FE800D3F8703298470246FB68C3F87024FB6820
:103FF8000022C3F87424FB6803F21C434FF000024C
:104008001A60FB68D3F87C32FA68D2F87004FA6850
:10401800D2F82C2411469847F0EE407AFB6803F555
:104028008463C3ED007AFB6803F224434FF0000277
:104038001A603CE0FB68D3F87432002B04D0FB68AC
:10404800D3F88032002B01D1002359E0FB6800220D
:10405800C3F86C24FB680022C3F87024FB68D3F80B
:10406800743298470246FB68C3F87424FB6803F26D
:104078001C434FF000021A60FB6803F584634FF09D
:1040880000021A60FB68D3F88032FA68D2F8740428
:10409800FA68D2F8302411469847F0EE407AFB6867
:1040A80003F22443C3ED007A01E0002328E0FB6813
:1040B80003F21C43D3ED007AFB6803F5846393EDA8
:1040C800007AFB6803F22443D3ED006A7868B0EE07
:1040D800661AF0EE470AB0EE670AFFF7F7FC786158
:1040E8007B691A68FB68C3F894227B695A68FB6885
:1040F800C3F898227B699A68FB68C3F89C2201235D
:1041080018461837BD4680BD80B582B000AF7860CC
:1041180039609F4B1B68B3F57A7F80F069813B68F3
:10412800B3F5897F80F25B813B68B3F5807F10DA55
:104138003B68112B00F0BE803B68112B00F34F81C8
:104148003B68012B00F02C813B68102B00F00081AC
:1041580045E13B68A3F58073112B00F2408101A271
:1041680052F823F01B4300085F420008E7430008A9
:10417800E7430008E7430008E7430008E74300086F
:10418800E7430008E7430008E7430008E74300085F
:10419800E7430008E7430008E7430008E74300084F
:1041A800E743000815420008B54100087B68D3F8CA
:1041B8006C32002B09D07B68D3F87032002B04D006
:1041C8007B68D3F87432002B01D100233FE17B6870
:1041D800D3F86C32984702466E4B1B6813446D4AFD
:1041E80013607B68D3F87032984702466A4B1B68A5
:1041F8001344694A13607B68D3F8743298470246BF
:10420800664B1B681344654A1360EAE07B68D3F881
:104218006C32002B04D07B68D3F87032002B01D1AC
:10422800002314E17B68D3F86C3298470246594B57
:104238001B681344574A13607B68D3F87032984759
:104248000246554B1B681344534A1360534B1B6873
:10425800524A1360C5E07B68D3F86C32002B0ED04D
:104268007B68D3F87432002B09D07B68D3F8783296
:10427800002B04D07B68D3F88032002B01D10023B7
:10428800E5E07B68D3F86C3298470246414B1B68DF
:104298001344404A1360404B1B683F4A13607B68D5
:1042A800D3F87432984702463C4B1B6813443B4A88
:1042B800136096E07B68D3F87032002B0ED07B68D1
:1042C800D3F87432002B09D07B68D3F87C32002BEA
:1042D80004D07B68D3F88032002B01D10023B6E0EC
:1042E8002C4B1B682B4A13607B68D3F870329847B5
:1042F8000246294B1B681344274A13607B68D3F88E
:10430800743298470246254B1B681344234A1360AE
:1043180067E07B68D3F86C32002B04D07B68D3F855
:104328007832002B01D1002391E07B68D3F86C32FE
:1043380098470246174B1B681344164A1360164BDE
:104348001B68154A1360154B1B68144A136048E034
:104358007B68D3F87032002B04D07B68D3F87C32AA
:10436800002B01D1002372E00A4B1B68094A136035
:104378007B68D3F8703298470246074B1B68134492
:10438800054A1360054B1B68044A136029E000BF07
:10439800500D0020540D0020580D00205C0D002009
:1043A8007B68D3F87432002B04D07B68D3F8803252
:1043B800002B01D100234AE0274B1B68264A1360D3
:1043C800264B1B68254A13607B68D3F874329847DC
:1043D8000246234B1B681344214A136001E0002363
:1043E80035E0204B1B6801331E4A136000232EE082
:1043F8001C4B1B68B3F57A7F28D3174B1A68194BE7
:104408001B68B2FBF3F27B68C3F82824134B1A68C5
:10441800144B1B68B2FBF3F27B68C3F82C24104BD7
:104428001A68104B1B68B2FBF3F27B68C3F83024A0
:10443800094B00221A60094B00221A60084B00221F
:104448001A60084B00221A60012300E00023184676
:104458000837BD4680BD00BF540D0020580D002010
:104468005C0D0020500D002080B584B000AF78604E
:1044780087ED000A7868FEF759FB7B6893EDB37AFD
:104488007B68D3ED927A77EE677AB0EE670AFEF72B
:10449800F3FAF0EE407A384BC3ED007A9FED377AA5
:1044A800D7ED007A37EE677A7B68D3ED937A77EEAB
:1044B800277AB0EE670AFEF7DFFAF0EE407A304B63
:1044C800C3ED007A6FF00703FB6048E0FB6807EE76
:1044D800903AF8EEE77A77EEA77A9FED2A7A27EEF8
:1044E800877A254BD3ED007A37EE277A7B6893EDF0
:1044F800946A7B68D3ED956AC6EE267A67EE277ACA
:10450800DFED1E0AB0EE670AFBF7A6FEF0EE407A72
:10451800B0EE670AFEF7B0FAF0EE407A1A4BC3ED38
:10452800007A194B93ED007A154BD3ED007A77EEAC
:10453800677AF0EEE77A17EE900AFCF7E3FA0CA335
:10454800D3E90023FCF7A8FD0346002B04D07B68C1
:10455800FA68C3F8582206E0FB680133FB60FB6881
:10456800082BB3DD00BF00BF1037BD4680BD00BFBC
:104578009A9999999999A93F600D0020DB0FC94034
:10458800640D0020DB0F4940680D002080B483B023
:1045980000AF87ED010AD7ED017A9FED097A67EE42
:1045A800877AFCEEE77A17EE903A9AB2054B1B68C9
:1045B8005A6300BF0C37BD465DF8047B704700BFE7
:1045C80000D084455C0C002080B483B000AF87ED38
:1045D800010AD7ED017A9FED097A67EE877AFCEE3A
:1045E800E77A17EE903A9AB2054B1B689A6300BFB8
:1045F8000C37BD465DF8047B704700BF00D084458A
:104608005C0C002080B483B000AF87ED010AD7EDC1
:10461800017A9FED097A67EE877AFCEEE77A17EE62
:10462800903A9AB2054B1B68DA6300BF0C37BD4657
:104638005DF8047B704700BF00D084455C0C002007
:1046480080B500AF0921034803F0FAFB034618467A
:1046580080BD00BF600A002080B500AF40F20F1196
:10466800024803F0EDFB0346184680BD600A0020AF
:1046780080B500AF40F21521024803F0E1FB034684
:10468800184680BD600A002080B483B000AF78600F
:1046980039607A683B68D31A07EE903AF8EEE77A01
:1046A8009FED0A7A27EE877AF3EE046AC7EE267A38
:1046B8009FED077AC7EE876AF0EE667AB0EE670A72
:1046C8000C37BD465DF8047B704700BF5940533A2C
:1046D8006F12033B80B483B000AF786039607A68AA
:1046E8003B68D31A07EE903AF8EEE77A9FED0A7A1C
:1046F80027EE877AF3EE046AC7EE267A9FED077AEB
:10470800C7EE876AF0EE667AB0EE670A0C37BD46E8
:104718005DF8047B704700BF5940533A6F12033B62
:1047280080B483B000AF786039607A683B68D31A88
:1047380007EE903AF8EEE77A9FED0A7A27EE877A45
:10474800F3EE046AC7EE267A9FED077AC7EE876A0A
:10475800F0EE667AB0EE670A0C37BD465DF8047B6A
:10476800704700BF5940533A6F12033B80B500AF02
:10477800044B1B680121184600F050FB03461846FD
:1047880080BD00BF7807002080B483B000AF786098
:104798007B6807EE903AF8EE677A9FED087A67EE45
:1047A800877A9FED077AC7EE876AF0EE667AB0EEF1
:1047B800670A0C37BD465DF8047B7047DB0FC940BC
:1047C8000000004A80B582B000AF7860786804F0D5
:1047D80045FA00BF0837BD4680BD00000000000054
:1047E80080B586B000AF78607B685B68FB82204B41
:1047F8001B685B6ABB82BA8A7B685A60BA8A7B6824
:104808001A60BA8AFB8AD31A7B827B8A07EE903AAF
:10481800F8EE677A9FED177A67EE877AC7ED037A25
:10482800D7ED037A9FED147AF4EEC77AF1EE10FA19
:1048380003D50DA3D3E9002304E0F868FCF762F977
:1048480002460B467968C1E902237B68D3E9022353
:1048580010461946FCF786FC034607EE903AB0EE80
:10486800670A1837BD4680BD000000A0F7C6B03EF5
:10487800A80C0020D5DAEC355F7089300000000004
:1048880080B582B000AF78604FF48F6200217868FD
:10489800FCF79EFE7B68B64AC3F860227B68B54A7F
:1048A800C3F864227B68B44AC3F868227B68B34AB9
:1048B800C3F86C227B68B24AC3F870227B68B14A9D
:1048C800C3F874227B68B04AC3F878227B68AF4A81
:1048D800C3F87C227B68AE4AC3F880227B68AD4A65
:1048E800C3F88C227B68AC4AC3F890227B68AB4A39
:1048F800C3F884227B68AA4AC3F888227B6801220D
:104908001A607B6800229A607B680022DA60796806
:1049180095A3D3E90023C1E904237B680E229A6199
:104928007B68A04AC3F844227B680122DA617B686D
:1049380003221A627B684FF48872C3F85C227B6892
:10494800994A9A627B68994ADA627B68984A1A633C
:104958007B684FF07C525A637B68964AC3F84822BA
:104968007B68954AC3F84C227B68D3F848227B6859
:10497800DA637B68914A1A647B688B4AC3F85022D1
:104988007B688F4AC3F854227B688E4A9A637B6897
:104998004FF6FF72C3F858227B688B4AC3F8E422AB
:1049A8007B684FF00002C3F8E8227B684FF00002F2
:1049B800C3F8F4227B68854AC3F80C237B68844AD1
:1049C800C3F810237B68814AC3F818237B68804AA0
:1049D800C3F81C237B687F4AC3F808237B687B4A9B
:1049E800C3F814237B687C4AC3F820237B684FF004
:1049F8007C52C3F824237B684FF00002C3F83023AD
:104A08007B68724AC3F848237B68714AC3F84C2311
:104A18007B686E4AC3F854237B686D4AC3F85823F1
:104A28007B686C4AC3F844237B68684AC3F8502300
:104A38007B686A4AC3F85C237B68694AC3F86023C9
:104A48007B684FF00002C3F86C237B6893ED0B7A08
:104A5800F0EE006AC7EE267A7B68C3EDE17A7B68E0
:104A6800D3ED0B7AB1EE677AF0EE006AC7EE267ADC
:104A78007B68C3EDE27A7B6893ED0B7AF0EE006A0F
:104A8800C7EE267A7B68C3EDE47A7B68D3ED0B7AB0
:104A9800B1EE677AF0EE006AC7EE267A7B68C3ED5E
:104AA800E57A7B6893ED0B7AF0EE006AC7EE267A1A
:104AB8007B68C3EDE07A7B6893ED0B7AF0EE006AD1
:104AC800C7EE267A7B68C3EDE37A7B68434AC3F86E
:104AD80098237B68424AC3F89C237B684FF0000206
:104AE800C3F8A8237B6893ED0B7AF0EE006AC7EE53
:104AF800267A7B68C3EDF07A7B68D3ED0B7AB1EE4A
:104B0800677AF0EE006AC7EE267A7B68C3EDF17A21
:104B18007B6893ED0B7AF0EE006AC7EE267A7B6825
:104B2800C3EDF37A7B68D3ED0B7AB1EE677AF0EEDA
:104B3800006AC7EE267A7B68C3EDF47A7B6893ED4A
:104B48000B7AF0EE006AC7EE267A7B68C3EDEF7A3F
:104B58007B6893ED0B7AF0EE006AC7EE267A7B68E5
:104B6800C3EDF27A7B683DE000000040E17A843FC3
:104B780095450008D14500080D460008494600083B
:104B8800614600087946000891460008DD4600089D
:104B980029470008CD470008E9470008754700087D
:104BA80091470008CDCC2C410000A0410000C04135
:104BB8006F12833AD3DEBE406440C64073634640FA
:104BC80000009841606B4E3F6666A2410000C842F3
:104BD8000000C8C200002041CDCCCC3D53AE703D92
:104BE800F97166421C4AC3F8D4237B681B4AC3F890
:104BF800D8237B684FF00002C3F8E4237B68184A87
:104C0800C3F8F8237B6803F20443164A1A607B68EA
:104C180003F23C434FF000021A607B6803F5876398
:104C28004FF07C521A607B684FF6FF72C3F8282455
:104C38007B684FF6FF72C3F82C247B684FF6FF722F
:104C4800C3F830247B6803F588634FF000021A60CC
:104C580000BF0837BD4680BDCDCCCC3D0AD7233C2C
:104C6800000020410000C84280B485B000AF7860E1
:104C78000B46FB700023FB730023BB730DE0BB7B6B
:104C88007A6813441A78FB7B5340FB73FB7B084A12
:104C9800D35CFB73BB7B0133BB73BA7BFB789A4253
:104CA800EDD3FB7B18461437BD465DF8047B70478F
:104CB8005000002080B483B000AF0346FB7100BFF2
:104CC8000C37BD465DF8047B704780B483B000AFF5
:104CD80078600B46FB7000BF0C37BD465DF8047B5F
:104CE800704780B483B000AF78600B46FB7000BF9C
:104CF8000C37BD465DF8047B704780B485B000AFC3
:104D0800F860B9601346FB7100BF1437BD465DF803
:104D1800047B704780B582B000AF2020FCF748FCC8
:104D280003467B607B68002B01D1002308E020222A
:104D380000217868FCF74CFC7B6800225A777B6876
:104D480018460837BD4680BD80B483B000AF786090
:104D580039607B68002B0AD03B68002B03D17B6845
:104D6800064A1A6004E07B683A681A6000E000BFEF
:104D78000C37BD465DF8047B704700BFBD4C00088A
:104D880080B483B000AF786039607B68002B09D0AD
:104D98003B68002B02D17B68054A5A607B683A68F9
:104DA8005A6000E000BF0C37BD465DF8047B7047D1
:104DB800D34C000880B483B000AF786039607B685A
:104DC800002B09D03B68002B02D17B68054A9A600A
:104DD8007B683A689A6000E000BF0C37BD465DF812
:104DE800047B7047EB4C000880B483B000AF786058
:104DF80039607B68002B09D03B68002B02D17B68A7
:104E0800054ADA607B683A68DA6000E000BF0C3770
:104E1800BD465DF8047B7047034D000880B586B039
:104E280000AF78600B46FB7007F1100300221A6090
:104E38009A8007F1080300221A609A80FB78002BF9
:104E480002D0012B1DD070E00321786800F09AF899
:104E580003463B740421786800F094F803467B7499
:104E68000521786800F08EF80346BB747B685B7F89
:104E7800002B57D00621786800F084F80346FB74AD
:104E880050E07B685B7F002B01D0062300E0052300
:104E9800FB757B681B68012098477A68137E0A2196
:104EA80061F3071313767B6803225A767B689B6944
:104EB800DBB23B727B689B691B0ADBB27B727B6847
:104EC8001B68002098477B68DB68002B08D07B684C
:104ED800DB68FA7D07F1100107F1080098470DE03B
:104EE8007B685B68F97D07F10802104698477B6884
:104EF8009B68F97D07F11002104698477B681B688C
:104F08000120984707F11003991C07F110030322A9
:104F18001846FCF711FA7B685B7F002B04D07B7D79
:104F2800FB7401E000BF00E000BF7B685B7F002BE3
:104F380015D0FA7C7B681A7407F110030321184610
:104F4800FFF792FE03461A46FB7C9A4204D07B6820
:104F580000225A74002311E07B6801225A74BB7C3A
:104F680003F00703DAB27B681A773B7C5A037B7C31
:104F78005B011343BA7CD208D2B2134318461837E0
:104F8800BD4680BD80B584B000AF78600B46FB702D
:104F980007F10C0300210A461A800A469A707B68BA
:104FA8001B68012098477A68137E032161F3071371
:104FB80013767B68FA785A767B681B6800209847D6
:104FC8007B68DB68002B09D07B68DB687A6802F1B4
:104FD800180007F10C01032298470DE07B685B6815
:104FE8007A6818320321104698477B689B6807F156
:104FF8000C020321104698477B681B6801209847DC
:10500800BB7B18461037BD4680BD000080B582B016
:1050180000AF0346FB71FB79012B06D101224FF447
:105028008051074805F0F0F905E000224FF480515F
:10503800034805F0E9F900BF0837BD4680BD00BF49
:105048000004004880B584B000AF78600B46FB7060
:105058000023FB73FB789AB20A237968044806F0A8
:105068006CFB0346FB73FB7B002B1037BD4680BDF2
:10507800940B002080B584B000AF78600B46FB70BD
:105088000023FB73FB789AB20A237968044806F078
:10509800CAFC0346FB73FB7B002B1037BD4680BD63
:1050A800940B002080B588B002AFF860B960134651
:1050B800FB710023FB75FB799BB24FF6FF720092E0
:1050C800BA68F9680F4806F0E6FD0346FB75FB7DF4
:1050D800002B11D103F0B6FD386106E003F0B2FDF4
:1050E80002463B69D31A012B08D8064806F0F2FF9E
:1050F8000346012BF2D102E000BF00E000BF1837E1
:10510800BD4680BD940B002080B582B000AFFFF78C
:1051180001FE78600A497868FFF716FE0949786841
:10512800FFF762FE08497868FFF72AFE07497868A2
:10513800FFF740FE7B6818460837BD4680BD00BFB4
:1051480015500008AD5000084D5000087D5000086B
:1051580080B586B002AFF860B9601346FB80FB8863
:105168004FF6FF720092BA68F968034806F093FD9B
:1051780000BF1037BD4680BDF80B002080B582B057
:1051880000AF0346FB71FB79002B07D100224FF4D7
:1051980000414FF0904005F037F906E001224FF446
:1051A80000414FF0904005F02FF900BF0837BD4689
:1051B80080BD000080B483B000AF78607B68054A8A
:1051C8009A607B68044ADA6000BF0C37BD465DF818
:1051D800047B7047595100088551000880B586B096
:1051E80000AF786007F10C0300210A461A800A46CE
:1051F8009A7007F1080300210A461A800A469A7035
:1052080083233B737B68DB68002098477B689B6837
:1052180007F1080107F10C00032298477B68DB6857
:10522800012098477B7A1A02BB7A03F0FC031343E8
:105238009B10FB82FB8A07EE903AF8EE677A9FEDA7
:105248000C7A27EE877ADFED0B6AC7EE267AC7ED70
:10525800047A7B68FA8A1A807B683A695A603B69E3
:1052680007EE903AB0EE670A1837BD4680BD00BF1A
:10527800DB0FC9400000804680B487B000AF87EDDF
:10528800030AC7ED020A87ED011A386097ED017A23
:10529800D7ED027A77EE677AC7ED057ABB683B618E
:1052A80097ED037AD7ED047A37EE677A01223B68E7
:1052B80002FA03F3013B07EE903AF8EEE77A67EE5D
:1052C800276A97ED057AC6EE877AFDEEE77A17EE3C
:1052D800903A18461C37BD465DF8047B704780B489
:1052E80087B000AFF86087ED020AC7ED010A3960A0
:1052F80097ED017AD7ED027A77EE677AC7ED057AEE
:10530800BB683B61FB6807EE903AB8EEE77AD7EDE9
:10531800057A67EE276A01223B6802FA03F3013B2C
:1053280007EE903AF8EEE77A86EEA77AD7ED047A98
:1053380077EE277AB0EE670A1C37BD465DF8047B26
:105348007047000080B588B000AF786039603B686E
:105358001B781B023A68013212781343FB613B68E1
:1053680002331B781B013A68033212781209D2B251
:105378001343BB613B6803331B781B0203F4706360
:105388003A680432127813437B613B6805331B7813
:105398001B013A68063212781209D2B213433B61F4
:1053A8003B6806331B781B0203F470633A680732C4
:1053B80012781343FB601021F2EE090ABAEE090ACB
:1053C800F869FFF78CFFF0EE407A7B68C3ED027A4C
:1053D8000C21DFED1B0A9FED1B0AB869FFF77FFF61
:1053E800F0EE407A7B68C3ED047A0C21DFED160AF3
:1053F8009FED160A7869FFF772FFF0EE407A7B6836
:10540800C3ED077A0C21F1EE040A9FED100A386902
:10541800FFF765FFF0EE407A7B68C3ED087A0C2150
:10542800DFED0B0A9FED0B0AF868FFF758FFF0EE67
:10543800407A7B68C3ED067A00BF2037BD4680BD41
:1054480000003442000034C20000FA4300000000AB
:1054580000001643000016C3B0B58CB000AF7861E9
:1054680087ED040AC7ED030A87ED021AC7ED011A92
:1054780087ED002A1020B2EE091AFAEE090A97ED14
:10548800040AFFF7F9FEF8620C209FED631ADFEDBE
:10549800630A97ED030AFFF7EFFEB8620C209FED51
:1054A800601ADFED600A97ED020AFFF7E5FE786201
:1054B8007868FBF727FB54A3D3E90023FBF77AFBB3
:1054C80002460B4614461D467B695B6A1846FBF785
:1054D80019FB4FA3D3E90023FBF76CFB02460B46ED
:1054E80020462946FBF7B0F902460B4610461946F6
:1054F800FBF738FE03467B603868FBF703FB42A3E3
:10550800D3E90023FBF756FB02460B4614461D461B
:105518007B699B6A1846FBF7F5FA3DA3D3E900239C
:10552800FBF748FB02460B4620462946FBF78CF959
:1055380002460B4610461946FBF714FE03463B602D
:105548007B697A685A627B693A689A620C209FED97
:10555800361ADFED360A97ED010AFFF78DFE38623D
:105568000C209FED311ADFED310A97ED000AFFF7A5
:1055780083FEF861FB6A1B12DAB27B6983F82C2080
:10558800FB6ADAB27B6983F82D20BB6A1B11DAB299
:105598007B6983F82E20BB6ADBB21B01DAB27B6A17
:1055A8001B12DBB21344DAB27B6983F82F207B6AC3
:1055B800DAB27B6983F830203B6A1B11DAB27B6967
:1055C80083F831203B6A5BB21B015AB2FB691B129C
:1055D8005BB213435BB2DAB27B6983F83220FB69B2
:1055E800DAB27B6983F833207B6903F13C017B697C
:1055F8002C331A460E4805F00AFB00BF3037BD466B
:10560800B0BD00BFAFF300805A643BDF4F8DE33F6E
:105618004C37894160E5D83F00003442000034C26D
:1056280000001643000016C300002042000020C2FC
:10563800CC0A002080B483B000AF78607B684FF05C
:105648000002DA617B684FF000021A627B684FF053
:1056580000025A607B685A687B689A607B684FF0E2
:1056680000021A617B681A697B68DA607B684FF010
:1056780000029A617B689A697B685A6100BF0C379F
:10568800BD465DF8047B704780B586B004AF78608E
:105698004149002001F08AFA7B681B6E1A463F498F
:1056A800002001F083FA7B689B681846FBF72AFA0A
:1056B80002460B464FF000003949CDE902014FF090
:1056C80000003849CDE900013749002001F06EFAA1
:1056D8007B681B691846FBF715FA02460B464FF024
:1056E80000003249CDE902014FF000003049CDE910
:1056F80000013049002001F059FA7B68DB6918463F
:10570800FBF700FA02460B464FF000002A49CDE9A4
:1057180002014FF000004FF00001CDE900012749D8
:10572800002001F043FA7B681B6A1846FBF7EAF988
:1057380002460B464FF000002149CDE902014FF027
:1057480000004FF00001CDE900011E49002001F0E2
:105758002DFA7B689B691846FBF7D4F902460B467D
:105768000BA1D1E90001CDE902014FF00000164973
:10577800CDE900011549002001F018FA144900206C
:1057880001F014FA00BF0837BD4680BDAFF30080B2
:105798000000000000C062400CDD000840DD000889
:1057A80000002940000029C058DD0008008046405C
:1057B800008046C088DD000800407F40B8DD000852
:1057C80000001440E8DD000800C062C018DE0008D0
:1057D80048DE000880B58AB002AF78600023FB601D
:1057E8000023BB6002233B610123BB610F23FB61E4
:1057F80001237B6107F108031946234805F054F992
:105808000346002B01D0FCF7DBF8012201211E48DA
:1058180005F04AFB0346002B01D0FCF7D1F8002322
:105828000093002302220221174805F097F9034646
:10583800002B01D0FCF7C4F87B6801221A707B6842
:1058480008229A647B6800221A657B6800225A65E0
:105858007B680022DA657B680122DA637B680022B4
:10586800DA647B6800221A647B6800225A647B68C9
:1058780000229A6500224FF40071044804F0C4FD28
:1058880000BF2037BD4680BDCC0A00200004004878
:1058980080B582B000AF022000F072F903461A46C4
:1058A8007A4BDA81062000F06BF903461A46774BEB
:1058B8005A80072000F064F903461A46734B1A8091
:1058C800032000F05DF903461A46704B1A81042044
:1058D80000F056F903461A466C4BDA80052000F0B2
:1058E8004FF903461A46694B9A80002000F048F9A0
:1058F80003461A46654B5A81012000F041F90346D8
:105908001A46624B9A81624B1B7803F00303D9B2A3
:105918005E4A937B61F3461393735C4BDB89FB8090
:10592800FB881946022000F0E3F8594B1B7A03F074
:105938000F03D9B2554A137A61F307131372544B04
:105948005B7A03F00F03D9B2504A137A61F3030369
:1059580013724F4B9B7A03F00703D9B24B4A537A21
:1059680061F302035372494B1B89FB80FB8819467C
:10597800032000F0BDF8464BDB7A03F00F03D9B2E1
:10598800424A937961F303039371414B1B7B03F004
:105998000F03D9B23D4A937961F3071393713C4BD6
:1059A8005B7B03F00303D9B2384AD37961F301036F
:1059B800D371374B9B7B03F00103D9B2334AD379B8
:1059C80061F38203D371314BDB88FB80FB88194676
:1059D800042000F08DF82E4B1B7903F00F03D9B289
:1059E8002A4A137961F303031371294B5B7903F096
:1059F8000303D9B2254A137961F305131371244BB4
:105A08009B7903F00303D9B2204A137961F3871312
:105A180013711F4BDB7903F00303D9B21B4A537987
:105A280061F301035371194B9B88FB80FB8819466E
:105A3800052000F05DF8164B5B7803F00303D9B23C
:105A4800124A937861F301039370114B9B7803F02A
:105A58000303D9B20D4A937861F3871393700C4B03
:105A6800DB7803F00103D9B2084AD37861F3410324
:105A7800D370064B5B88FB80FB881946062000F034
:105A880037F800BF0837BD4680BD00BF6C0D002049
:105A98005001002080B500AF00224021134804F0D7
:105AA800B3FC642003F0DAF8012240210F4804F027
:105AB800ABFC642003F0D2F8002280210B4804F0EC
:105AC800A3FCC82003F0CAF8FFF7E2FE01228021F8
:105AD800064804F099FC01224021044804F094FC93
:105AE800C82003F0BBF800BF80BD00BF0004004819
:105AF80080B586B002AF03460A46FB801346BB80DA
:105B08007B7A23F080037B72FB8803F00F03DAB201
:105B18007B7A62F3C6037B72BB88C3F30A039AB22B
:105B28003B8962F30A033B813B89FB810022012107
:105B3800114804F069FC07F10C0207F10E014FF659
:105B4800FF73009301230D4806F0A5F801220121F7
:105B5800094804F059FC012003F080F8FB88184636
:105B680000F00EF803461A46BB889342DED10023A4
:105B780018461037BD4680BD00040048300B002091
:105B880080B586B002AF0346FB807B7A43F0800382
:105B98007B72FB8803F00F03DAB27B7A62F3C603E9
:105BA8007B723B89FB81002201210F4804F02CFC09
:105BB80007F10C0207F10E014FF6FF730093012362
:105BC8000A4806F068F801220121074804F01CFC85
:105BD800012003F043F8BB89C3F30A039BB21846BC
:105BE8001037BD4680BD00BF00040048300B0020C0
:105BF80080B588B000AF03460A46FB801346BB80D9
:105C0800FB88BB6100233B6102237B61BB88FB618E
:105C180004F022F807F10C0207F1100311461846A8
:105C280004F004F904F03AF800BF2037BD4680BDFF
:105C380080B584B000AFF860B9607A6004F00CF801
:105C4800214AFB681360F86800F058F803461F4AB9
:105C580013601F4ABB6813601E4B00221A6025E0C0
:105C6800194B19681A4B1B68D3E90023002003F06D
:105C780087FF0346002B14D1134B1B680833124AC5
:105C88001360134B1B680833114A1360114B1B68D0
:105C98000133104A13600F4B1B687A689A4205D18A
:105CA8000AE003F0FBFF4FF0FF3308E0064B1A68E9
:105CB800064B1B689A42D3D903F0F0FF002318461D
:105CC8001037BD4680BD00BF7C0D0020800D002030
:105CD800840D0020880D002080B584B000AFF860E6
:105CE800B9607A60F9687B689B001A46B868FBF768
:105CF80089FA00BF1037BD4680BD000080B485B06A
:105D080000AF78600023FB607B68294A934206D283
:105D18007B68284A934202D9254BFB6040E07B68A8
:105D2800254A934206D27B68214A934202D3224BEA
:105D3800FB6035E07B68214A934206D27B681E4AA5
:105D4800934202D31D4BFB602AE07B681C4A9342B6
:105D580006D27B68194A934202D3194BFB601FE0B5
:105D68007B68184A934206D27B68154A934202D34D
:105D7800144BFB6014E07B68134A934206D27B689D
:105D8800104A934202D3104BFB6009E07B680F4A2C
:105D9800934205D27B680C4A934201D30B4BFB60BC
:105DA800FB6818461437BD465DF8047B704700BF92
:105DB80000080408FFFF030800100408001804087E
:105DC80000200408002804080030040800380408EB
:105DD80080B584B000AFF860B9607A600121002016
:105DE800FFF706FF7A68B968F868FFF721FF00BF78
:105DF8001037BD4680BD80B483B000AF78607B6843
:105E080006221A607B6800225A607B684FF0000205
:105E18009A6000BF0C37BD465DF8047B70470000F0
:105E280080B582B000AF264B3B60A82200213868BD
:105E3800FBF7CEFB3B6803221A613B6803225A61D9
:105E48003B68204A9A613B681F4ADA613B684FF415
:105E580080621A623B6800229A623B6800225A629A
:105E68003B680022DA623B68164A1A663B68174AA2
:105E78005A663B6810229A663B6800221A673B689C
:105E88000022DA663B6800225A67BFF35F8F00235F
:105E98007B600CE07B68C3F10F030D4AD15C3A6864
:105EA8007B6813440A461A707B6801337B607B6801
:105EB8000F2BEFD9BFF35F8F00BF0837BD4680BDFA
:105EC8008C0D002080DE0008340E002034120020E3
:105ED800C0DE000880B58AB000AFF860B9607A60AB
:105EE80000233B62FB68DB68FB61FB681B69BB61E5
:105EF800BA69FB699A4205D9BA69FB69D31A013BA9
:105F08007B6207E0FB689A68B969FB69CB1A13449E
:105F1800013B7B62FB689A68FB69D31A7A6A9342F1
:105F280028BF13467B627A6A7B68934228BF134670
:105F38007B62FB685A68FB6913447B617A6AB968BB
:105F48007869FBF75FF93A6A7B6A13443B62BA687F
:105F58007B6A1344BB607A687B6AD31A7B60FA69F0
:105F68007B6A1344FB61FB689B68FA699A4201D11A
:105F78000023FB61BFF35F8FFB68FA69DA607B6817
:105F8800002BB2D13B6A18462837BD4680BD80B584
:105F980088B000AFF860B9607A60FB68DB68FB61C5
:105FA800FB689A68FB69D31ABB61BA697B689A4235
:105FB80011D9FB685A68FB6913443B617A68B96870
:105FC8003869FBF71FF9BFF35F8FFA697B681A44DA
:105FD800FB68DA601FE0BB697B61FB685A68FB6994
:105FE80013443B617A69B9683869FBF70BF97A6839
:105FF800BB69D31A7B61FB685B683B61BA68BB69A4
:1060080013447A6919463869FBF7FCF8BFF35F8FC8
:10601800FB687A69DA6000BF2037BD4680BD80B46E
:1060280087B000AF78607B681B693B617B68DB6881
:10603800FB603A69FB689A4208D87B689A68FB68F3
:10604800D21A3B691344013B7B6104E03A69FB685F
:10605800D31A013B7B617B6918461C37BD465DF846
:10606800047B704780B588B000AFF860B9607A608B
:10607800BB68BB61FB685A1C13465B001344DB001A
:106088001F4A13447B617B695B69022B29D0022B71
:106098002ED8002B02D0012B13D029E07869FFF706
:1060A800BEFF38613A697B689A4202D20023FB61DD
:1060B80021E07B68FB617A68B9697869FFF767FF57
:1060C80019E07869FFF7ABFF38617A683B6993425A
:1060D80028BF1346FB61FA69B9697869FFF757FF6A
:1060E80009E07A68B9697869FFF7F4FEF86102E0B7
:1060F8000023FB6100BFFB6918462037BD4680BD01
:106108008C0D002080B588B000AFF860B9607A6067
:106118000E4BFB61FB691B78DBB2532B01D0FFF7F9
:106128007FFEEFF311834FF0200181F31188BB61EB
:106138007A68B968F868FFF795FF7861BB6983F3F7
:1061480011887B6918462037BD4680BD8C0D00201C
:1061580080B500AFFFF764FE00BF80BD80B588B092
:1061680000AF0346FB71274BBB61BB691B78DBB2F1
:10617800532B01D0FFF754FE0023FB61FF233B7232
:10618800FB790F2B36D8FB791F4AD35C7B721F4BE8
:106198007B61EFF311834FF0200181F311883B619C
:1061A8007B695B6903F00303022B0AD1184AFB7968
:1061B800137007F10803022219467869FFF78AFE6F
:1061C80014E07869FFF72BFFF860FB68012B0AD908
:1061D8000F4AFB79137007F1080302221946786900
:1061E800FFF7D5FE02E04FF0FF33FB613B6983F315
:1061F800118802E04FF0FF33FB61FB691846203736
:10620800BD4680BD8C0D0020B0DE0008A40D002026
:106218004412002080B584B000AF78600B46FB7054
:106228007B689B68FB60FB685A1C7B685B689A42CA
:106238000ED87B681A68FB681344FA781A70FB68F2
:106248005A1C7B689A607B68DB685A1C7B68DA603A
:106258007B689A687B685B689A4215D17B68186985
:106268007B6819687B689B681A46FFF74BFF0246F4
:106278007B689B689A4204D07B684FF0FF32DA60F3
:1062880002E07B6800229A6000BF1037BD4680BDDF
:1062980080B58AB000AFF860B9607A603B60BB68CF
:1062A8003B6201237B620123FB6107E03A6A7B685A
:1062B800B2FBF3F33B62FB690133FB613A6A7B682B
:1062C8009A42F3D23A68FB699A4201D93B68FB616A
:1062D8007B6B03F00103002B25D13B6B002B22D0F5
:1062E8007B6B03F00203002B05D03B68002B02D127
:1062F8003023FB7601E02023FB760BE03B6B013B70
:106308003B63FB7E1946F868FFF784FFFB68DB6890
:10631800002B07DB3B6B002B05D0FA693B6B9A42DD
:10632800ECD300E000BFFB68DB68002B55DB3B6863
:10633800012B03D93B68013B3B6009E0BA687B6AE3
:10634800B2FBF3F37B617A697B689A4200D205E07D
:106358007B6A7A6802FB03F37B62E8E7BA687B6AC8
:10636800B2FBF3F37B617B697A6A02FB03F3BA68D9
:10637800D31ABB601B4A7B6913441B781946F8681B
:10638800FFF748FFFB68DB68002B08DB7A6A7B684D
:10639800B2FBF3F37B627B6A002BDFD100E000BF26
:1063A8007B6B03F00103002B17D03B6B002B14D041
:1063B8000AE03B6B013B3B632021F868FFF72AFFAB
:1063C800FB68DB68002B07DB3B6B002B05D0FA6909
:1063D8003B6B9A42EDD300E000BF00BF2837BD46B3
:1063E80080BD00BFD4DE000880B588B002AFF86079
:1063F800B9607A603B60BB68002BB8BF5B423B6109
:1064080001237B6107E07B683A6992FBF3F33B6108
:106418007B6901337B617B683A699A42F3DA3A68AF
:106428007B699A4201D93B687B613B6A002B0AD0A1
:10643800BB68002B04DB7B6A03F00403002B02D04B
:106448003B6A013B3B627B6A03F00203002B02D0EC
:106458003B68002B1CD07B6A03F00103002B17D18B
:106468003B6A002B14D00AE03B6A013B3B622021C7
:10647800F868FFF7CFFEFB68DB68002B07DB3B6A99
:10648800002B05D07A693B6A9A42EDD300E000BF41
:10649800FB68DB68002B4ADBBB68002B07DABB68AC
:1064A8005B42BB602D21F868FFF7B4FE08E07B6A09
:1064B80003F00403002B03D02B21F868FFF7AAFE92
:1064C800FB68DB68002B32DB7B6A03F00203002BDE
:1064D8001FD07B6A03F00103002B1AD13B68002B05
:1064E80017D13B6A002B14D00AE03B6A013B3B62A0
:1064F8003021F868FFF78EFEFB68DB68002B07DBAE
:106508003B6A002B05D07A693B6A9A42EDD300E0DA
:1065180000BFFB68DB68002B09DBB9687B6A019365
:106528003B6A00933B687A68F868FFF7B1FE00BFE2
:106538001837BD4680BD0000B0B59CB000AF78618B
:1065480087ED020B39617A603B6007F12803FB662F
:106558003B69002B01D03B6900E00623FB644FF048
:1065680000024FF00003D7E90201FAF795FD034650
:10657800002B0BD0FB6E5A1CFA662D221A70BC68D1
:10658800FB6883F00045C7E9024509E03B6803F072
:106598000403002B04D0FB6E5A1CFA662B221A70D7
:1065A800D7E90201FAF7B6FD0346BB66B86EFAF7FB
:1065B80097FA02460B46D7E90201FAF743F9024671
:1065C8000B46C7E91823BB6E002B05D1FB6E5A1C7E
:1065D800FA6630221A7030E007F11803BB651AE03A
:1065E800BA6E574B83FB02139910D317C91A0B467F
:1065F8009B000B445B00D11ACAB2BB6D591CB9652C
:106608003032D2B21A70BB6E4D4A82FB031292101E
:10661800DB17D31ABB66BB6E002BE1DC08E0BB6D51
:10662800013BBB65FB6E5A1CFA66BA6D12781A708C
:1066380007F11803BA6D9A42F1D8FB6C002B34D0DD
:10664800FB6E5A1CFA662E221A700023FB6528E09E
:106658004FF000023B4BD7E91801FAF7ABFA0246B4
:106668000B46C7E91823D7E91801FAF753FD034683
:10667800BB66BB6EDAB2FB6E591CF9663032D2B219
:106688001A70B86EFAF72CFA02460B46D7E91801C9
:10669800FAF7D8F802460B46C7E91823FB6D013311
:1066A800FB65FA6DFB6C9A42D2D3FB6E00221A701E
:1066B80007F12803FA6ED31ABB647A68BB6C9A4256
:1066C80012D97A68BB6CD31A7B653B6803F0010367
:1066D800002B09D103E020217869FFF79BFD7B6D32
:1066E8005A1E7A65002BF6D107F12803FB6607E0EE
:1066F800FB6E5A1CFA661B7819467869FFF78AFD03
:10670800FB6E1B78002BF3D17A68BB6C9A4212D9C6
:106718003B6803F00103002B0DD07A68BB6CD31AD9
:106728003B6503E020217869FFF774FD3B6D5A1E35
:106738003A65002BF6D100BF7037BD46B0BD00BF2B
:10674800676666660000244080B5A6B002AFF860B0
:10675800B9607A6007F110033B6540237B6500232D
:10676800BB65FB683B660023FB65BB681B7887F845
:106778008F30BB680133BB6097F88F30002B00F077
:10678800FB8197F88F30252B40F0E9810023FB67C8
:106798000123C7F88830BB681B7887F88F3097F8D3
:1067A8008F30233B0D2B3FD801A252F823F000BFB6
:1067B800216800083168000831680008316800085D
:1067C800316800083168000831680008316800083D
:1067D8001168000831680008F1670008316800088E
:1067E8003168000801680008FB6F43F00103FB678C
:1067F800BB680133BB601BE0FB6F43F00203FB6720
:10680800BB680133BB6013E0FB6F43F00403FB6715
:10681800BB680133BB600BE0FB6F43F00803FB6709
:10682800BB680133BB6003E00023C7F8883000BFB2
:10683800D7F88830002BAED10023BB67BB681B7824
:1068480087F88F3097F88F302F2B12D997F88F3021
:10685800392B0ED8BB680133BB60BA6F13469B0057
:1068680013445B001A4697F88F301344303BBB67DC
:10687800E4E7002387F887300023C7F88030BB6837
:106888001B7887F88F3097F88F302E2B35D1BB685F
:106898000133BB60BB681B782A2B0ED1BB68013360
:1068A800BB60012387F887307B681B68191D7A68ED
:1068B80011601B68C7F880301FE0BB681B7887F839
:1068C8008F3097F88F302F2B17D997F88F30392BB7
:1068D80013D8012387F88730BB680133BB60D7F82A
:1068E800802013469B0013445B001A4697F88F30AC
:1068F8001344303BC7F88030DFE7BB681B7887F864
:106908008F3097F88F306C2B03D097F88F30682B27
:1069180007D1BB680133BB60BB681B7887F88F3031
:10692800EFE797F88F30252B00F00D81252BC0F26B
:106938001181782B00F30E81582BC0F20B81583B44
:10694800202B00F2078101A252F823F05B6A0008AD
:106958005D6B00085D6B00085D6B00085D6B0008EF
:106968005D6B00085D6B00085D6B00085D6B0008DF
:106978005D6B00085D6B0008D9690008036A0008B0
:106988005D6B00081F6B00085D6B00085D6B0008FD
:106998005D6B00085D6B00085D6B00085D6B0008AF
:1069A8005D6B00085D6B00085D6B0008F56A000808
:1069B8005D6B00085D6B0008876A00085D6B000866
:1069C8002F6A00085D6B00085D6B00085B6A0008B1
:1069D8007B681B68191D7A6811601B68C7F88830C6
:1069E800D7F8883087F8673097F8672007F15003A1
:1069F80011461846FFF70EFCADE07B681B68191DB1
:106A08007A6811601B68C7F8883007F15000FB6F7F
:106A18000193BB6F0093D7F880300A22D7F888100B
:106A2800FFF7E2FC97E07B681B68191D7A68116024
:106A38001B68C7F88830D7F8881007F15000FB6F3B
:106A48000193BB6F0093D7F880300A22FFF720FC30
:106A580081E07B681B68191D7A6811601B68C7F89C
:106A68008830D7F8881007F15000FB6F0193BB6F8F
:106A78000093D7F880301022FFF70AFC6BE07B68A0
:106A88001B68191D7A6811601B687B677B6F002B78
:106A980004D1454B7B67002387F887307B6F1B78D1
:106AA80087F88F307B6F01337B6797F88F30002B27
:106AB80018D097F88730002B03D0D7F88030002BF8
:106AC80012D097F88F2007F1500311461846FFF7A8
:106AD800A1FBD7F88030013BC7F88030FB6D002B55
:106AE800DCDA38E000BF36E000BF34E07B681B68C2
:106AF800191D7A6811601B68C7F88830D7F88810A4
:106B080007F1500000230193082300930823102263
:106B1800FFF7BEFB1FE07B681B68073323F0070302
:106B280003F108017A681160D3E90023C7E91A2341
:106B380007F15000FB6FBA6FD7F8801097ED1A0B6A
:106B4800FFF7FAFC07E007F1500325211846FFF785
:106B580061FB00E000BFBB680133BB6007E097F84A
:106B68008F2007F1500311461846FFF753FBFB6DC2
:106B7800002BBFF6FAAD00E000BFFB6D002B0DDD6A
:106B8800BB6D002B06D0BA6D07F110031946F868E3
:106B9800FFF7B8FAFB6DBA6D1344FB65FB6D184639
:106BA8009037BD4680BD00BF8CDE00080EB480B5AE
:106BB80085B000AF786007F12003BB6007F10803D8
:106BC8001A46F9697868FFF7BFFDF860FB68184650
:106BD8001437BD46BDE8804003B0704780B48BB021
:106BE80000AF87ED010AD7ED017A9FED3A7A67EE9B
:106BF800877AC7ED067AD7ED067AFDEEE77A17EEC3
:106C0800903A3B62D7ED067AF5EEC07AF1EE10FACB
:106C180002D53B6A013B3B623B6A07EE903AF8EECD
:106C2800E77A97ED067A77EE677AC7ED067AD7EDB9
:106C3800067A9FED297A67EE877AC7ED077AD7ED4E
:106C4800077AFCEEE77A17EE903AFB84FB8CB3F5F3
:106C5800007F09D30023FB84D7ED077A9FED1E7AC6
:106C680077EEC77AC7ED077AFB8C07EE903AF8EE15
:106C7800677A97ED077A77EE677AC7ED057AFB8C26
:106C8800164A9B0013441B683B61FB8C0133134A73
:106C98009B0013441B68FB60B7EE007AD7ED057ABA
:106CA80037EE677AD7ED047A27EE277AD7ED056AAB
:106CB800D7ED037A66EEA77A77EE277AC7ED027AE0
:106CC800BB6807EE903AB0EE670A2C37BD465DF810
:106CD800047B704783F9223E00000044E4DE00088C
:106CE80080B48BB000AF87ED010AD7ED017A9FED34
:106CF8003C7A67EE877AB5EE007A77EE877AC7ED49
:106D0800067AD7ED067AFDEEE77A17EE903A3B62FF
:106D1800D7ED067AF5EEC07AF1EE10FA02D53B6AA5
:106D2800013B3B623B6A07EE903AF8EEE77A97ED53
:106D3800067A77EE677AC7ED067AD7ED067A9FED81
:106D4800297A67EE877AC7ED077AD7ED077AFCEEDE
:106D5800E77A17EE903AFB84FB8CB3F5007F09D3F2
:106D68000023FB84D7ED077A9FED1E7A77EEC77A6A
:106D7800C7ED077AFB8C07EE903AF8EE677A97ED45
:106D8800077A77EE677AC7ED057AFB8C164A9B007F
:106D980013441B683B61FB8C0133134A9B0013446B
:106DA8001B68FB60B7EE007AD7ED057A37EE677A95
:106DB800D7ED047A27EE277AD7ED056AD7ED037A5F
:106DC80066EEA77A77EE277AC7ED027ABB6807EEF8
:106DD800903AB0EE670A2C37BD465DF8047B7047E1
:106DE80083F9223E00000044E4DE000880B400AFCE
:106DF800064BD3F88830054A43F47003C2F888304C
:106E080000BFBD465DF8047B704700BF00ED00E0A1
:106E180080B483B000AF786039607B689B6823F4E6
:106E28007C123B681A437B689A6000BF0C37BD46EA
:106E38005DF8047B704780B483B000AF78607B68EE
:106E48009B6803F0E07318460C37BD465DF8047B79
:106E5800704780B483B000AF78607B68DB6803F468
:106E68004063002B01D1012300E0002318460C37B2
:106E7800BD465DF8047B704780B483B000AF78608E
:106E88007B68DB6C03F4C073002B01D1012300E0A5
:106E9800002318460C37BD465DF8047B704780B464
:106EA80083B000AF78607B689B6803F01F031846C7
:106EB8000C37BD465DF8047B704780B483B000AFE3
:106EC80078607B689B6803F4604318460C37BD46BE
:106ED8005DF8047B704780B483B000AF78607B684E
:106EE8009B6823F0204323F03F037A68936000BF38
:106EF8000C37BD465DF8047B704780B483B000AFA3
:106F080078607B689B6803F00053B3F1005F01D1A0
:106F1800012300E0002318460C37BD465DF8047BCA
:106F2800704780B483B000AF78607B689B6823F0BB
:106F3800104323F03F0343F080527B689A6000BF00
:106F48000C37BD465DF8047B704780B483B000AF52
:106F580078607B689B6803F08053B3F1805F01D150
:106F6800012300E0002318460C37BD465DF8047B7A
:106F7800704780B483B000AF78607B689B6823F06B
:106F8800004323F03F0343F001027B689A6000BF8F
:106F98000C37BD465DF8047B704780B483B000AF02
:106FA80078607B689B6803F00103012B01D1012302
:106FB80000E0002318460C37BD465DF8047B704797
:106FC80080B483B000AF78607B689B6803F00403EB
:106FD800042B01D1012300E0002318460C37BD46DD
:106FE8005DF8047B704780B483B000AF78607B683D
:106FF8009B6803F00803082B01D1012300E000235C
:1070080018460C37BD465DF8047B704790B589B0CB
:1070180000AF78600023FB770023FB607B68002BC0
:1070280001D10123A9E17B685B69002B7B68DB6DDB
:10703800002B09D17868FAF711FE7B6800221A66DE
:107048007B68002283F858207B681B681846FFF786
:1070580054FF0346002B04D07B681B681846FFF7D3
:107068003AFF7B681B681846FFF76FFF0346002B43
:1070780015D17B681B681846FFF753FF9C4B1B68AC
:107088009B099C4AA2FB03239B0901335B00FB601D
:1070980002E0FB68013BFB60FB68002BF9D17B68D1
:1070A8001B681846FFF751FF0346002B0DD17B687C
:1070B800DB6D43F010027B68DA657B681B6E43F07A
:1070C80001027B681A660123FB777B681B681846F8
:1070D800FFF776FF78617B68DB6D03F01003002B08
:1070E80040F042817B69002B40F03E817B68DB6D7C
:1070F80023F4817343F002027B68DA657B681B68BE
:107108001846FFF74AFF0346002B41D17B681B68EE
:10711800B3F1A04F04D07B681B68774A93420FD124
:107128004FF0A040FFF739FF04467348FFF735FFDB
:1071380003462343002B0CBF01230023DBB212E0DC
:107148006E48FFF72AFF04466D48FFF726FF0346FF
:107158001C436C48FFF721FF03462343002B0CBF59
:1071680001230023DBB2002B12D07B681B68B3F12C
:10717800A04F04D07B681B685F4A934201D1624AE2
:1071880000E0624A7B685B6819461046FFF740FEDC
:107198007B685B7F5A037B68DB6B1A437B68DB6821
:1071A8001A437B689B681A437B6893F824301B0456
:1071B8001343BB617B6893F82430012B06D17B68AD
:1071C8009B6A013B5B04BA691343BB617B68DB6A5A
:1071D800002B09D07B68DB6A03F478727B681B6B31
:1071E8001343BA691343BB617B681B68DA68484B71
:1071F80013407A681268B9690B43D3607B681B68CF
:107208001B6923F040617B685A6B7B681B680A43E3
:107218001A617B681B681846FFF7E5FE38617B69D1
:10722800002B7FD13B69002B7CD17B681B7F9A03A5
:107238007B6893F838305B001343BB617B681B683D
:10724800DB6823F4804323F002037A681268B96983
:107258000B43D3607B681B69002B17D07B681B68C6
:107268001A697B681B6842F480321A617B681B6864
:10727800D3F8C03023F47F5323F03F037A681169B1
:107288007A6812680B43C2F8C03013E07B681B6849
:107298001A697B681B6822F480321A617B681B6854
:1072A800D3F8C0307A68126823F47F5323F03F0381
:1072B800C2F8C0307B6893F84030012B2AD17B6834
:1072C8001B681B6923F4FF6323F004037A68516C7D
:1072D8007A68926C11437A68D26C11437A68126D9D
:1072E8000A431A437B681B6842F001021A6119E0DD
:1072F80060010020632D3E0500010050000400508D
:107308000005005000060050000300500007005020
:107318000740F0FF7B681B681A697B681B6822F0CE
:1073280001021A617B685B69012B0CD17B681B68C1
:107338001B6B23F00F017B681B6A5A1E7B681B6856
:107348000A431A6307E07B681B681A6B7B681B6833
:1073580022F00F021A637B68DB6D23F0030343F00E
:1073680001027B68DA6507E07B68DB6D43F0100299
:107378007B68DA650123FB77FB7F18462437BD4617
:1073880090BD00BF80B58AB000AF786000237B62F3
:107398007B681B681B68FB617B681B685B68BB615B
:1073A8007B681B68B3F1A04F04D07B681B688E4ACA
:1073B800934201D18D4B00E08D4B1846FFF76FFDCE
:1073C8007861FB6903F00203002B17D0BB6903F057
:1073D8000203002B12D07B68DB6D03F01003002B37
:1073E80005D17B68DB6D43F400627B68DA657868F9
:1073F80000F086FD7B681B6802221A60FB6903F0B7
:107408000403002B04D0BB6903F00403002B0BD149
:10741800FB6903F00803002B00F09480BB6903F0BC
:107428000803002B00F08E807B68DB6D03F01003EF
:10743800002B05D17B68DB6D43F400727B68DA654D
:107448007B681B681846FFF704FD0346002B72D0C3
:107458007B681B68644A934209D07B681B68654A4D
:10746800934202D07B681B6803E0634B01E04FF056
:10747800A0437A681268934208D07B69002B05D034
:107488007B69052B02D07B69092B04D17B681B68BB
:10749800DB683B6214E07B681B68534A934209D05F
:1074A8007B681B68534A934202D07B681B6803E0E1
:1074B800514B01E04FF0A0433B613B69DB683B6205
:1074C8003B6A03F40053002B35D17B681B681B68AB
:1074D80003F00803082B2ED17B681B681846FFF7BA
:1074E8006FFD0346002B1AD17B681B685A687B68BE
:1074F8001B6822F00C025A607B68DB6D23F48072F3
:107508007B68DA657B68DB6D03F48053002B12D14E
:107518007B68DB6D43F001027B68DA650BE07B6812
:10752800DB6D43F010027B68DA657B681B6E43F005
:1075380001027B681A66786800F084F97B681B682A
:107548000C221A60FB6903F02003002B04D0BB69EE
:1075580003F02003002B0BD1FB6903F04003002B41
:1075680000F0B380BB6903F04003002B00F0AD804E
:107578007B68DB6D03F01003002B05D17B68DB6DA6
:1075880043F400527B68DA657B681B681846FFF78E
:1075980073FCF8607B681B681846FFF75AFCB860F4
:1075A8007B681B68104A934209D07B681B68114AA4
:1075B800934202D07B681B6803E00F4B01E04FF059
:1075C800A0437A681268934208D07B69002B05D0E3
:1075D8007B69062B02D07B69072B0FD17B681B6860
:1075E800DB683B621FE000BF000100500003005051
:1075F8000007005000050050000400507B681B681D
:107608008B4A934209D07B681B688A4A934202D00E
:107618007B681B6803E0884B01E04FF0A0433B61A7
:107628003B69DB683B62FB68002B47D03B6A03F091
:107638000073002B07D0BB68002B3FD03B6A03F4D4
:107648000053002B3AD17B681B681B6803F040038A
:10765800402B33D13B6A03F40013002B2ED17B68F7
:107668001B681846FFF7BFFC0346002B1AD17B683E
:107678001B685A687B681B6822F060025A607B6846
:10768800DB6D23F480527B68DA657B68DB6D03F47D
:107698008073002B12D17B68DB6D43F001027B689D
:1076A800DA650BE07B68DB6D43F010027B68DA6516
:1076B8007B681B6E43F001027B681A66786800F0ED
:1076C800F7FB7B681B6860221A60FB6903F0800384
:1076D800002B11D0BB6903F08003002B0CD07B6812
:1076E800DB6D43F480327B68DA65786800F0B4F8C3
:1076F8007B681B6880221A60FB6903F48073002B87
:1077080012D0BB6903F48073002B0DD07B68DB6D4E
:1077180043F400327B68DA65786800F0DDFB7B684B
:107728001B684FF480721A60FB6903F40073002B26
:1077380012D0BB6903F40073002B0DD07B68DB6D9E
:1077480043F480227B68DA65786800F0CFFB7B68B9
:107758001B684FF400721A60FB6903F01003002BDA
:1077680043D0BB6903F01003002B3ED07B68DB6B72
:10777800002B02D101237B6221E07B69002B15D00D
:107788007B681B68B3F1A04F04D07B681B68284A4C
:10779800934201D1294B00E0294B1846FFF78DFB96
:1077A8000346002B0BD001237B6208E07B681B6833
:1077B800DB6803F00103002B01D001237B627B6AA5
:1077C800012B0ED17B68DB6D43F480627B68DA6540
:1077D8007B681B6E43F002027B681A66786800F0CB
:1077E80045F87B681B6810221A60FB6903F4806304
:1077F800002B18D0BB6903F48063002B13D07B687F
:10780800DB6D43F480427B68DA657B681B6E43F06E
:1078180008027B681A667B681B684FF480621A60EE
:10782800786800F04FFB00BF2837BD4680BD00BF19
:1078380000010050000500500004005000030050F3
:107848000007005080B483B000AF786000BF0C37E9
:10785800BD465DF8047B704780B483B000AF7860A4
:1078680000BF0C37BD465DF8047B704780B483B019
:1078780000AF786000BF0C37BD465DF8047B7047E9
:1078880080B584B000AF78600023BB607B681B685C
:107898001846FFF782FB0346002B76D17B681B68EE
:1078A8009A683C4B1340002B0DD07B68DB6D43F08E
:1078B80010027B68DA657B681B6E43F001027B6807
:1078C8001A66012362E07B681B681846FFF751FBC4
:1078D8007B681B68B3F1A04F04D07B681B682E4AF5
:1078E800934201D12D4B00E02D4B1846FFF7A3FA28
:1078F800034603F40003002B13D02A4B1B689B0993
:10790800294AA2FB03239B095A1C13465B00134414
:107918009B00BB6002E0BB68013BBB60BB68002BFF
:10792800F9D101F08FF9F86028E07B681B681846E8
:10793800FFF733FB0346002B04D17B681B6818460E
:10794800FFF717FB01F07EF90246FB68D31A022BFA
:1079580014D97B681B681B6803F00103012B0DD049
:107968007B68DB6D43F010027B68DA657B681B6E11
:1079780043F001027B681A66012307E07B681B68F5
:107988001B6803F00103012BCFD1002318461037E1
:10799800BD4680BD3F00008000010050000300503C
:1079A8000007005060010020632D3E0580B483B0BD
:1079B80000AF786039607B689B6823F0E0723B68B1
:1079C8001A437B689A6000BF0C37BD465DF8047B9C
:1079D800704780B483B000AF78607B689B6803F021
:1079E800E07318460C37BD465DF8047B704700000D
:1079F80080B487B000AFF860B9607A603B60FB681C
:107A080060331A46BB689B0013447B617B691A6824
:107A1800084B13407A6802F0F8413A680A43134366
:107A280043F000427B691A6000BF1C37BD465DF811
:107A3800047B704700F0FF0380B485B000AF786026
:107A480039607B6860331A463B689B001344FB60CF
:107A5800FB681B6803F0F84318461437BD465DF809
:107A6800047B704780B487B000AFF860B9607A6073
:107A7800FB6860331A46BB689B0013447B617B69D3
:107A88001B6823F000427B681A437B691A6000BFB9
:107A98001C37BD465DF8047B704780B487B000AFE3
:107AA800F860B9607A60FB6860331A46BB689B006F
:107AB80013447B617B691B6823F080727B681A43DF
:107AC8007B691A6000BF1C37BD465DF8047B7047B0
:107AD80080B487B000AFF860B9607A60FB68603343
:107AE8001A46BB689B0013447B617B691B6823F0C3
:107AF80000727B681A437B691A6000BF1C37BD4659
:107B08005DF8047B704780B483B000AF786039605B
:107B18007B685B6923F000423B681A437B685A61C3
:107B280000BF0C37BD465DF8047B704780B483B056
:107B380000AF78607B68DB6803F0007318460C3789
:107B4800BD465DF8047B704780B487B000AFF8602D
:107B5800B9607A60FB6814331A46BB685B0E9B00F9
:107B680003F0040313447B617B691A68BB681B0D2F
:107B780003F01F03072101FA03F3DB431A40BB6834
:107B88001B0D03F01F03796801FA03F31A437B699D
:107B98001A6000BF1C37BD465DF8047B70470000C3
:107BA80080B485B000AFF860B9607A60FB68D3F83C
:107BB800B020BB68C3F31203DB431A407B6803F0B1
:107BC80018030849D940BB680B40C3F312031A4392
:107BD800FB68C3F8B02000BF1437BD465DF8047BCE
:107BE800704700BFFFFF070080B483B000AF786024
:107BF8007B689B6803F01F0318460C37BD465DF889
:107C0800047B704780B483B000AF78607B689B6862
:107C180003F00103012B01D1012300E000231846E2
:107C28000C37BD465DF8047B704780B483B000AF65
:107C380078607B689B6803F00403042B01D101235F
:107C480000E0002318460C37BD465DF8047B7047FA
:107C580080B483B000AF78607B689B6823F00043F2
:107C680023F03F0343F008027B689A6000BF0C379B
:107C7800BD465DF8047B704780B483B000AF786080
:107C88007B689B6803F00803082B01D1012300E0FF
:107C9800002318460C37BD465DF8047B704700008A
:107CA80080B586B000AF78607B681B68B3F1A04FE1
:107CB80004D07B681B685D4A934201D15C4B00E0AD
:107CC8005C4B1846FFF790FF78617B681B68184685
:107CD800FFF7D2FF0346002B01D00223A2E07B6806
:107CE8001B68DB6803F000433B617B681B68DB6C47
:107CF80003F4C073002B0AD13B69002B07D17B68C2
:107D0800DB6D43F020027B68DA6501238AE07B683B
:107D180093F85830012B01D1022383E07B680122BC
:107D280083F858207868FFF7ABFD0346FB73FB7BAD
:107D3800002B72D17B68DB6D03F48073002B06D0B7
:107D48007B681B6E23F008027B681A6602E07B687A
:107D580000221A667B68DB6D23F4405323F001038D
:107D680043F480527B68DA657B681B682F4A93422C
:107D780009D07B681B68304A934202D07B681B6835
:107D880003E02E4B01E04FF0A0437A68126893425B
:107D980002D07B69002B05D17B68DB6D23F4801250
:107DA8007B68DA657B681B6860221A607B68002242
:107DB80083F858207B681B681C4A934209D07B686B
:107DC8001B681D4A934202D07B681B6803E01B4B6B
:107DD80001E04FF0A0437A681268934208D07B69AB
:107DE800002B05D07B69062B02D07B69072B0DD1B0
:107DF8007B681B681846FFF799FE0346002B10D1D5
:107E08007B681B681846FFF723FF0AE07B68DB6D79
:107E180043F480127B68DA6503E07B68002283F80C
:107E28005820FB7B18461837BD4680BD000100501E
:107E380000030050000700500005005000040050E7
:107E480080B485B000AF786039603B6840F21B327F
:107E580093420ED03B68B3F5477F1CD23B6840F293
:107E68000F12934211D03B6840F21522934206D07C
:107E780011E07B681B68D3F88C30FB6011E07B68ED
:107E88001B68D3F88830FB600BE07B681B68D3F86D
:107E98008430FB6005E07B681B68D3F88030FB60AA
:107EA80000BFFB6818461437BD465DF8047B704771
:107EB80080B483B000AF786000BF0C37BD465DF872
:107EC800047B704780B483B000AF786000BF0C3784
:107ED800BD465DF8047B704780B483B000AF78601E
:107EE80000BF0C37BD465DF8047B704780B483B093
:107EF80000AF786000BF0C37BD465DF8047B704763
:107F080080B483B000AF786000BF0C37BD465DF821
:107F1800047B704780B5B6B000AF78603960002345
:107F280087F8D7300023BB600023C7F8D0307B68C0
:107F380093F85830012B02D1022300F0FDBC7B6876
:107F4800012283F858207B685B69002B03D03B68CB
:107F58001B6A012B30D13B685B68092B79D13B68E0
:107F68009B6A002B10D03B681B689B0E5B0203F4D6
:107F780078523B689B6A03F07C031A433B68DB6AD0
:107F88001343C7F8D03007E03B681B689B0E5B02C1
:107F980003F47853C7F8D0307B681B68DA6C844BDD
:107FA80013407A681268D7F8D0100B43D3647B6803
:107FB800D7F8D0205A664CE07B689B6E002B1DD109
:107FC8003B681A6A7B689A667B6800225A663B6837
:107FD8009B6A002B0DD03B681B6A5A1E3B689B6A44
:107FE80003F07C031A433B68DB6A1343C7F8D030BD
:107FF80004E03B681B6A013BC7F8D0303B681B684C
:108008009B0E03F01F023B685B6803F01F0302FA34
:1080180003F3D7F8D0201343C7F8D0307B689B6EA2
:108028005A1E7B689A667B685A6ED7F8D0301A4316
:108038007B685A667B689B6E002B0AD17B681B683D
:10804800DA6C5B4B13407A68516E7A6812680B439E
:10805800D3647B681B681846FFF70EFE0346002BA7
:1080680024D13B6893F82530002B12D17B681B681C
:10807800DB6823F440113B6893F826305A053B68C7
:1080880093F824301B051A437B681B680A43DA609F
:108098000CE07B681B68DB6823F440113B6893F8AD
:1080A80026305A057B681B680A43DA607B681B68C0
:1080B8001846FFF7BAFDC7F8CC007B681B6818465E
:1080C800FFF7DAFDC7F8C800D7F8CC30002B40F02E
:1080D8002E82D7F8C830002B40F029823B689B6A73
:1080E800002B03D03B68DB6A002B16D13B6893F862
:1080F8002530012B08D17B681B68DA687B681B6810
:1081080042F00072DA601FE07B681B68DA687B68FF
:108118001B6822F00072DA6016E03B6893F825309D
:10812800012B09D17B68DB6D43F020027B68DA659F
:10813800012387F8D73007E07B681B68DA687B681B
:108148001B6822F00072DA603B6893F83030012B2C
:1081580010D17B681B681B6923F4FF723B68596B5D
:108168003B689B6B0B431A437B681B6842F0020217
:108178001A6107E07B681B681A697B681B6822F034
:1081880002021A613B689B68B3F1004F12D17B6809
:1081980018683B681B6800221946FFF7D5FC7B6806
:1081A8001B684FF000411846FFF7ADFC11E000BF17
:1081B800004010047B6818683B6819683B689B6836
:1081C8001A46FFF7C1FC7B681B6800211846FFF7B9
:1081D8009AFC3B685A697B681B68DB68DB0803F01C
:1081E80003035B0002FA03F3C7F8C4303B681B695A
:1081F800042B22D07B6818683B6819693B681A68A9
:10820800D7F8C430FFF7F4FB7B6818683B68196936
:108218003B689B691A46FFF740FC7B6818683B6817
:1082280019693B681B7F012B02D14FF0007300E0F6
:1082380000231A46FFF74CFC79E17B681B68002194
:108248001846FFF7F9FB0346C3F31203002B0AD1C4
:108258007B681B6800211846FFF7EEFB03469B0E60
:1082680003F01F021EE07B681B6800211846FFF719
:10827800E3FB0346C7F8B430D7F8B43093FAA3F356
:10828800C7F8B830D7F8B830C7F8B030D7F8B0303A
:10829800002B01D1202304E0D7F8B030B3FA83F3E0
:1082A800DBB21A463B681B68C3F31203002B05D1E7
:1082B8003B681B689B0E03F01F0318E03B681B68B4
:1082C800C7F8AC30D7F8AC3093FAA3F3C7F8A830A6
:1082D800D7F8A830C7F8BC30D7F8BC30002B01D18C
:1082E800202304E0D7F8BC30B3FA83F3DBB29A4218
:1082F80006D17B681B68002200211846FFF7B2FBF5
:108308007B681B6801211846FFF796FB0346C3F3F9
:108318001203002B0AD17B681B6801211846FFF75E
:108328008BFB03469B0E03F01F021EE07B681B6855
:1083380001211846FFF780FB0346C7F8A030D7F89D
:10834800A03093FAA3F3C7F89C30D7F89C30C7F84D
:10835800A430D7F8A430002B01D1202304E0D7F8AB
:10836800A430B3FA83F3DBB21A463B681B68C3F345
:108378001203002B05D13B681B689B0E03F01F03FB
:1083880018E03B681B68C7F89430D7F8943093FA24
:10839800A3F3C7F89030D7F89030C7F89830D7F8DB
:1083A8009830002B01D1202304E0D7F89830B3FA95
:1083B80083F3DBB29A4206D17B681B680022012155
:1083C8001846FFF74FFB7B681B6802211846FFF72A
:1083D80033FB0346C3F31203002B0AD17B681B68E7
:1083E80002211846FFF728FB03469B0E03F01F02E5
:1083F8001EE07B681B6802211846FFF71DFB034639
:10840800C7F88830D7F8883093FAA3F3C7F88430D0
:10841800D7F88430C7F88C30D7F88C30002B01D1CE
:10842800202304E0D7F88C30B3FA83F3DBB21A4682
:108438003B681B68C3F31203002B05D13B681B681C
:108448009B0E03F01F0314E03B681B68FB67FB6F80
:1084580093FAA3F3BB67BB6FC7F88030D7F88030B7
:10846800002B01D1202304E0D7F88030B3FA83F33E
:10847800DBB29A4206D17B681B68002202211846AB
:10848800FFF7F0FA7B681B6803211846FFF7D4FA58
:108498000346C3F31203002B0AD17B681B68032130
:1084A8001846FFF7C9FA03469B0E03F01F0217E0B0
:1084B8007B681B6803211846FFF7BEFA03463B6733
:1084C8003B6F93FAA3F3FB66FB6E7B677B6F002B16
:1084D80001D1202303E07B6FB3FA83F3DBB21A46A2
:1084E8003B681B68C3F31203002B05D13B681B686C
:1084F8009B0E03F01F0311E03B681B687B667B6ED5
:1085080093FAA3F33B663B6EBB66BB6E002B01D1AF
:10851800202303E0BB6EB3FA83F3DBB29A4206D1A1
:108528007B681B68002203211846FFF79BFA7B68CB
:108538001B681846FFF766FB0346002B40F03D8199
:108548007B6818683B6819683B68DB681A46FFF760
:1085580027FB3B68DB68A24A934240F02E817B6888
:1085680018683B681B68C3F31203002B0BD13B68E8
:108578001B689B0E013303F01F03092B94BF0123D3
:108588000023DBB219E03B681B68BB65BB6D93FA3F
:10859800A3F37B657B6DFB65FB6D002B01D120236D
:1085A80003E0FB6DB3FA83F3DBB2013303F01F037F
:1085B800092B94BF01230023DBB2002B79D03B6841
:1085C8001B68C3F31203002B07D13B681B689B0E83
:1085D80001339B0603F0F84215E03B681B68FB6417
:1085E800FB6C93FAA3F3BB64BB6C3B653B6D002B40
:1085F80001D1202303E03B6DB3FA83F3DBB20133EF
:108608009B0603F0F8423B681B68C3F31203002B78
:1086180009D13B681B689B0E013303F01F0301213E
:1086280001FA03F317E03B681B683B643B6C93FA61
:10863800A3F3FB63FB6B7B647B6C002B01D12023D2
:1086480003E07B6CB3FA83F3DBB2013303F01F035F
:10865800012101FA03F342EA03013B681B68C3F3F3
:108668001203002B0AD13B681B689B0E013303F0F1
:108678001F0213465B0013441B0518E03B681B6888
:108688007B637B6B93FAA3F33B633B6BBB63BB6B73
:10869800002B01D1202303E0BB6BB3FA83F3DBB2D9
:1086A800013303F01F0213465B0013441B050B4301
:1086B8007EE03B681B68C3F31203002B07D13B68BD
:1086C8001B689B0E01339B0603F0F84215E03B68DC
:1086D8001B68BB62BB6A93FAA3F37B627B6AFB628B
:1086E800FB6A002B01D1202303E0FB6AB3FA83F372
:1086F800DBB201339B0603F0F8423B681B68C3F307
:108708001203002B09D13B681B689B0E013303F051
:108718001F03012101FA03F317E03B681B68FB61A3
:10872800FB6993FAA3F3BB61BB693B623B6A002B0D
:1087380001D1202303E03B6AB3FA83F3DBB20133B0
:1087480003F01F03012101FA03F342EA03013B6826
:108758001B68C3F31203002B0DD13B681B689B0EEB
:10876800013303F01F0213465B0013441E3B1B0535
:1087780043F000731BE03B681B683B613B6993FA5D
:10878800A3F3FB60FB687B617B69002B01D120238D
:1087980003E07B69B3FA83F3DBB2013303F01F0212
:1087A80013465B0013441E3B1B0543F000730B4349
:1087B8003A6892681946FFF7C7F93B681A68094B87
:1087C8001340002B00F0B2807B681B68B3F1A04F08
:1087D80004D07B681B68044A934209D1034B08E024
:1087E80000007F4000000880000100500003005096
:1087F800534B1846FFF7EDF8C7F8C0003B681B68F5
:10880800504A934204D03B681B684F4A934239D17F
:10881800D7F8C03003F40003002B33D17B681B6802
:10882800B3F1A04F04D07B681B68484A93427AD1C1
:108838007B681B68B3F1A04F04D07B681B68444A6F
:10884800934201D1434A00E03D4AD7F8C03043F48F
:10885800000319461046FFF7A9F83F4B1B689B0910
:108868003E4AA2FB03239A0913465B0013449B006C
:108878001833BB6002E0BB68013BBB60BB68002BE0
:10888800F9D150E03B681B68354A934225D1D7F8A7
:10889800C03003F08073002B1FD17B681B682C4A03
:1088A800934242D07B681B682E4A93423DD07B6836
:1088B8001B68B3F1A04F04D07B681B68244A93421D
:1088C80001D1244A00E01E4AD7F8C03043F0807333
:1088D80019461046FFF76AF827E03B681B68224AEA
:1088E800934223D1D7F8C03003F48003002B1DD165
:1088F8007B681B68164A934218D07B681B68B3F1E3
:10890800A04F04D07B681B68114A934201D1114AD9
:1089180000E00B4AD7F8C03043F4800319461046EC
:10892800FFF744F802E000BF00E000BF7B680022C8
:1089380083F8582097F8D7301846D837BD4680BDF9
:1089480000070050000021C31000C090000600502E
:10895800000100500003005060010020632D3E0517
:10896800000052C700050050000084CB90B5A1B0AC
:1089780000AF78603960002387F87F307B6893F810
:108988005830012B01D10223E7E07B68012283F8EC
:10899800582000237B660023BB667B681B68B3F105
:1089A800A04F02D16F4BBB6009E07B681B686E4A21
:1089B800934202D16D4BBB6001E00023BB60BB68F2
:1089C800002B0BD17B68DB6D43F020027B68DA65F6
:1089D8007B68002283F858200123BEE0BB68184654
:1089E800FFF723F9B8677B681B681846FFF71DF97E
:1089F8000346002B40F0A080BB6F002B40F09C800A
:108A08007B681B68B3F1A04F04D07B681B68554A8C
:108A1800934201D1564B00E0564B7B673B681B687D
:108A2800002B4BD07B6F9B6823F460423B685968EE
:108A38007B6893F838305B030B431A437B6F9A606B
:108A48007B681B68B3F1A04F04D07B681B68454A5C
:108A580093420FD14FF0A040FFF7D4F804464148A5
:108A6800FFF7D0F803462343002B0CBF0123002354
:108A7800DBB212E03C48FFF7C5F804463B48FFF775
:108A8800C1F803461C433C48FFF7BCF803462343A0
:108A9800002B0CBF01230023DBB2002B56D07B6FC9
:108AA8009B6823F4716323F00F033A6811683A68EE
:108AB80092680A431A437B6F9A6047E07B6F9B6812
:108AC80023F460427B6F9A607B681B68B3F1A04F08
:108AD80004D07B681B68234A93420FD14FF0A04013
:108AE800FFF790F804461F48FFF78CF80346234326
:108AF800002B0CBF01230023DBB212E01A48FFF75A
:108B080081F804461948FFF77DF803461C431A48C4
:108B1800FFF778F803462343002B0CBF01230023FB
:108B2800DBB2002B12D07B6F9B6823F4716323F0B8
:108B38000F037A6F936009E07B68DB6D43F02002D6
:108B48007B68DA65012387F87F3000E000BF7B6827
:108B5800002283F8582097F87F3018468437BD469E
:108B680090BD00BF000100500004005000050050F7
:108B780000030050000700500006005080B582B086
:108B880000AF0023FB71032001F0F4FD0F2000F07B
:108B98000DF80346002B02D00123FB7101E0F9F721
:108BA80027FEFB7918460837BD4680BD80B584B0DE
:108BB80000AF78600023FB73164B1B68002B22D094
:108BC800154B1A68134B1B684FF47A71B1FBF3F31A
:108BD800B2FBF3F3184601F000FE0346002B0FD159
:108BE8007B680F2B09D8002279684FF0FF3001F01D
:108BF800CCFD0A4A7B68136007E00123FB7304E09D
:108C08000123FB7301E00123FB73FB7B184610373C
:108C1800BD4680BD6801002060010020640100207D
:108C280080B400AF054B1A68054B1B681344034A10
:108C3800136000BFBD465DF8047B704748120020F2
:108C48006801002080B400AF034B1B681846BD467E
:108C58005DF8047B704700BF4812002080B584B0DF
:108C680000AF7860FFF7EEFFB8607B68FB60FB68D9
:108C7800B3F1FF3F04D0094B1B68FA681344FB604B
:108C880000BFFFF7DFFF0246BB68D31AFA689A42B3
:108C9800F7D800BF00BF1037BD4680BD680100206F
:108CA80080B588B000AF78607B68002B01D10123C4
:108CB800FEE27B681B6803F00103002B75D0974B1D
:108CC8009B6803F00C03BB61944BDB6803F0030360
:108CD8007B61BB690C2B02D17B69032B02D0BB697A
:108CE800082B0BD18D4B1B6803F40033002B5BD092
:108CF8007B685B68002B57D10123D9E27B685B68EE
:108D0800B3F5803F06D1854B1B68844A43F4803312
:108D180013601DE07B685B68B3F5A02F0CD17F4B17
:108D28001B687E4A43F4802313607C4B1B687B4A94
:108D380043F4803313600BE0784B1B68774A23F4C5
:108D480080331360754B1B68744A23F480231360C7
:108D58007B685B68002B13D0FFF774FF386108E06D
:108D6800FFF770FF02463B69D31A642B01D903232E
:108D78009EE26A4B1B6803F40033002BF0D014E02A
:108D8800FFF760FF386108E0FFF75CFF02463B69C8
:108D9800D31A642B01D903238AE2604B1B6803F4BE
:108DA8000033002BF0D100E000BF7B681B6803F0A4
:108DB8000203002B75D0594B9B6803F00C03BB6171
:108DC800564BDB6803F003037B61BB690C2B02D1B4
:108DD8007B69022B02D0BB69042B1FD14F4B1B6848
:108DE80003F48063002B05D07B68DB68002B01D17E
:108DF80001235DE2494B5B6823F0FE427B681B69F7
:108E08001B06464913434B60454B1B681846FFF742
:108E1800CDFE0346002B43D0012349E27B68DB6883
:108E2800002B23D03D4B1B683C4A43F480731360EE
:108E3800FFF708FF386108E0FFF704FF02463B69C7
:108E4800D31A022B01D9032332E2344B1B6803F4F3
:108E58008063002BF0D0314B5B6823F0FE427B68C7
:108E68001B691B062D4913434B601AE02B4B1B68EB
:108E78002A4A23F480731360FFF7E4FE386108E0A0
:108E8800FFF7E0FE02463B69D31A022B01D9032300
:108E98000EE2224B1B6803F48063002BF0D100E044
:108EA80000BF7B681B6803F00803002B41D07B6878
:108EB8005B69002B1CD0194BD3F89430174A43F048
:108EC8000103C2F89430FFF7BDFE386108E0FFF7F0
:108ED800B9FE02463B69D31A022B01D90323E7E105
:108EE8000E4BD3F8943003F00203002BEFD020E0B0
:108EF8000A4BD3F89430094A23F00103C2F894309E
:108F0800FFF7A0FE38610DE0FFF79CFE02463B69C3
:108F1800D31A022B06D90323CAE100BF001002406E
:108F2800640100208C4BD3F8943003F00203002B2B
:108F3800EAD17B681B6803F00403002B00F0A680CD
:108F48000023FB77844B9B6D03F08053002B01D1EA
:108F5800012300E00023002B0DD07F4B9B6D7E4A40
:108F680043F0805393657C4B9B6D03F08053FB600B
:108F7800FB680123FB77794B1B6803F48073002B94
:108F880018D1764B1B68754A43F480731360FFF75A
:108F980059FE386108E0FFF755FE02463B69D31ACF
:108FA800022B01D9032383E16C4B1B6803F4807304
:108FB800002BF0D07B689B68012B08D1664BD3F857
:108FC8009030654A43F00103C2F8903024E07B6892
:108FD8009B68052B10D1604BD3F890305E4A43F064
:108FE8000403C2F890305C4BD3F890305A4A43F0EF
:108FF8000103C2F890300FE0574BD3F89030564A2F
:1090080023F00103C2F89030534BD3F89030524A02
:1090180023F00403C2F890307B689B68002B16D0BD
:10902800FFF710FE38610AE0FFF70CFE02463B69C5
:10903800D31A41F28832934201D9032338E1464BCF
:10904800D3F8903003F00203002BEDD015E0FFF7C2
:10905800F9FD38610AE0FFF7F5FD02463B69D31ACE
:1090680041F28832934201D9032321E13A4BD3F8E4
:10907800903003F00203002BEDD1FB7F012B05D1CB
:10908800354B9B6D344A23F0805393657B681B688E
:1090980003F02003002B3CD07B689B69002B1CD07D
:1090A8002D4BD3F898302C4A43F00103C2F898307E
:1090B800FFF7C8FD386108E0FFF7C4FD02463B69C9
:1090C800D31A022B01D90323F2E0234BD3F89830AB
:1090D80003F00203002BEFD01BE01F4BD3F89830AE
:1090E8001D4A23F00103C2F89830FFF7ABFD386141
:1090F80008E0FFF7A7FD02463B69D31A022B01D906
:109108000323D5E0144BD3F8983003F00203002B67
:10911800EFD17B68DB69002B00F0C9800E4B9B68A0
:1091280003F00C030C2B00F083807B68DB69022BB7
:109138005ED1094B1B68084A23F080731360FFF760
:1091480081FD38610CE0FFF77DFD02463B69D31ACB
:10915800022B05D90323ABE0001002400070004049
:10916800554B1B6803F00073002BECD1524BDA68A7
:10917800524B13407A68116A7A68526A013A1201AE
:1091880011437A68926A120211437A68126B520884
:10919800013A520511437A68526B5208013A520655
:1091A80011437A68D26AD2060A4343491343CB6013
:1091B800414B1B68404A43F0807313603E4BDB68A9
:1091C8003D4A43F08073D360FFF73CFD386108E007
:1091D800FFF738FD02463B69D31A022B01D9032356
:1091E80066E0354B1B6803F00073002BF0D05EE09F
:1091F800314B1B68304A23F080731360FFF722FD60
:10920800386108E0FFF71EFD02463B69D31A022BBE
:1092180001D903234CE0284B1B6803F00073002B93
:10922800F0D1254BDA682449254B1340CB603EE04A
:109238007B68DB69012B01D1012339E01E4BDB6818
:109248007B617B6903F003027B681B6A9A422CD11D
:109258007B6903F0F0027B685B6A013B1B019A4261
:1092680023D17B6903F4FE427B689B6A1B029A4206
:109278001BD17B6903F078427B68DB6ADB069A4284
:1092880013D17B6903F4C0027B681B6B5B08013B4D
:109298005B059A4209D17B6903F0C0627B685B6B0E
:1092A8005B08013B5B069A4201D0012300E00023E2
:1092B80018462037BD4680BD001002400C809F0133
:1092C800FCFFEEFE80B586B000AF78603960002301
:1092D8007B617B68002B01D101231EE1914B1B6848
:1092E80003F00F033A689A4210D98E4B1B6823F09B
:1092F8000F028C493B6813430B608A4B1B6803F0D1
:109308000F033A689A4201D0012306E17B681B6883
:1093180003F00103002B73D07B685B68032B29D112
:10932800814B1B6803F00073002B01D10123F4E08B
:1093380000F092F938613B697C4A93423FD97A4BF5
:109348009B6803F0F003002B09D07B681B6803F0CF
:109358000203002B33D07B689B68002B2FD1724B04
:109368009B6823F0F003704A43F0800393608023E6
:109378007B6124E07B685B68022B07D16A4B1B6822
:1093880003F40033002B09D10123C6E0664B1B68A8
:1093980003F48063002B01D10123BEE000F0CEF876
:1093A80038613B69614A934209D95F4B9B6823F056
:1093B800F0035D4A43F08003936080237B615A4B3E
:1093C8009B6823F003027B685B68574913438B60F3
:1093D800FFF738FCF8600AE0FFF734FC0246FB6848
:1093E800D31A41F28832934201D9032395E04E4BB8
:1093F8009B6803F00C027B685B689B009A42EBD188
:109408007B681B6803F00203002B23D07B681B6872
:1094180003F00403002B05D0434B9B68424A43F4F6
:10942800E06393607B681B6803F00803002B07D098
:109438003D4B9B6823F47C533B4A43F4E0639360C1
:10944800394B9B6823F0F0027B689B6836491343CD
:109458008B6008E07B69802B05D1334B9B68324ACF
:1094680023F0F00393602F4B1B6803F00F033A6857
:109478009A421DD22B4B1B6823F00F0229493B68E7
:1094880013430B60FFF7DEFBF8600AE0FFF7DAFB37
:109498000246FB68D31A41F28832934201D903236A
:1094A8003BE0204B1B6803F00F033A689A42EDD16A
:1094B8007B681B6803F00403002B08D01A4B9B68D9
:1094C80023F4E0627B68DB68174913438B607B6891
:1094D8001B6803F00803002B09D0134B9B6823F487
:1094E80060527B681B69DB000F4913438B6000F0F7
:1094F80025F802460C4B9B681B0903F00F030C4927
:10950800CB5C03F01F0322FA03F30A4A13600A4BE9
:109518001B681846FFF74AFB034618461837BD462E
:1095280080BD00BF002002400010024000B4C40407
:10953800E8E60008600100206401002080B487B0DC
:1095480000AF2C4B9B6803F00C03042B02D12A4B71
:109558003B6147E0274B9B6803F00C03082B02D1C3
:10956800264B3B613EE0234B9B6803F00C030C2B1E
:1095780036D1204BDB6803F00303FB601D4BDB682F
:109588001B0903F00F030133BB60FB68032B0CD1ED
:109598001A4ABB68B2FBF3F3164AD268120A02F001
:1095A8007F0202FB03F37B610CE0134ABB68B2FB4A
:1095B800F3F3104AD268120A02F07F0202FB03F3A7
:1095C8007B6100BF0B4BDB685B0E03F003030133C9
:1095D8005B007B607A697B68B2FBF3F33B6101E077
:1095E80000233B613B6918461C37BD465DF8047B88
:1095F800704700BF001002400024F40000127A00F7
:1096080080B400AF054B1B68044A43F40023136081
:1096180000BFBD465DF8047B704700BF00100240E4
:1096280080B500AF074BDB6903F48073B3F5807F27
:1096380005D100F009F8034B4FF480721A6200BF9D
:1096480080BD00BF0010024080B400AF00BFBD461F
:109658005DF8047B7047000080B487B000AF1E4BF4
:10966800DB6803F003033B611B4BDB681B0903F05A
:109678000F030133FB603B69032B0CD1174AFB68CE
:10968800B2FBF3F3144AD268120A02F07F0202FB1B
:1096980003F37B610CE0124AFB68B2FBF3F30E4A5A
:1096A800D268120A02F07F0202FB03F37B6100BF5B
:1096B800094BDB685B0E03F0030301335B00BB60FF
:1096C8007A69BB68B2FBF3F37B607B6818461C378A
:1096D800BD465DF8047B70470010024000127A0016
:1096E8000024F40080B586B000AF78600023FB74D6
:1096F8000023BB747B681B6803F40023002B00F075
:10970800988000237B74434B9B6D03F08053002BA0
:109718000DD1404B9B6D3F4A43F0805393653D4BC1
:109728009B6D03F08053BB60BB6801237B743A4B8D
:109738001B68394A43F480731360FFF783FAF860B3
:1097480009E0FFF77FFA0246FB68D31A022B02D919
:109758000323FB7405E0304B1B6803F48073002B74
:10976800EFD0FB7C002B59D12A4BD3F8903003F46F
:1097780040737B617B69002B1ED07B681B6D7A6907
:109788009A4219D0234BD3F8903023F440737B616D
:10979800204BD3F890301F4A43F48033C2F89030FE
:1097A8001C4BD3F890301B4A23F48033C2F8903016
:1097B800184A7B69C2F890307B6903F00103002BDB
:1097C80016D0FFF73FFAF8600BE0FFF73BFA0246C6
:1097D800FB68D31A41F28832934202D90323FB74FF
:1097E80006E00C4BD3F8903003F00203002BECD0CA
:1097F800FB7C002B0BD1074BD3F8903023F440723D
:109808007B681B6D03491343C1F8903008E0FB7C6B
:10981800BB7405E00010024000700040FB7CBB7484
:109828007B7C012B05D1A74B9B6DA64A23F0805367
:1098380093657B681B6803F00103002B0AD0A14BDA
:10984800D3F8883023F003027B685B689D49134393
:10985800C1F888307B681B6803F00203002B0AD02C
:10986800984BD3F8883023F00C027B689B689549A5
:109878001343C1F888307B681B6803F00403002B8E
:109888000AD0904BD3F8883023F030027B68DB682D
:109898008C491343C1F888307B681B6803F00803C0
:1098A800002B0AD0874BD3F8883023F0C0027B689E
:1098B8001B6984491343C1F888307B681B6803F02F
:1098C8001003002B0AD07F4BD3F8883023F4407262
:1098D8007B685B697B491343C1F888307B681B68E8
:1098E80003F02003002B0AD0764BD3F8883023F4FA
:1098F80040627B689B6973491343C1F888307B6871
:109908001B6803F04003002B0AD06E4BD3F8883055
:1099180023F440527B68DB696A491343C1F88830F5
:109928007B681B6803F08003002B0AD0654BD3F8D3
:10993800883023F440427B681B6A62491343C1F8AC
:1099480088307B681B6803F48073002B0AD05D4B5A
:10995800D3F8883023F440327B685B6A5949134353
:10996800C1F888307B681B6803F40033002B0AD0E9
:10997800544BD3F89C3023F003027B689B6A51490F
:109988001343C1F89C307B681B6803F40073002BF9
:109998000AD04C4BD3F8883023F440227B68DB6A2A
:1099A80048491343C1F888307B681B6803F4806317
:1099B800002B15D0434BD3F8883023F440127B6832
:1099C8001B6B40491343C1F888307B681B6BB3F5A8
:1099D800801F05D13B4BDB683A4A43F48013D360C0
:1099E8007B681B6803F40063002B15D0354BD3F854
:1099F800883023F440027B685B6B32491343C1F81B
:109A080088307B685B6BB3F5800F05D12D4BDB6825
:109A18002C4A43F48013D3607B681B6803F480539B
:109A2800002B15D0274BD3F8883023F040727B6881
:109A38009B6B24491343C1F888307B689B6BB3F157
:109A4800807F05D11F4BDB681E4A43F48013D36027
:109A58007B681B6803F40053002B15D0194BD3F80F
:109A6800883023F040627B68DB6B16491343C1F8EA
:109A780088307B68DB6BB3F1006F05D1114BDB6875
:109A8800104A43F48013D3607B681B6803F4804357
:109A9800002B19D00B4BD3F8883023F040627B6839
:109AA8001B6C08491343C1F888307B681B6CB3F101
:109AB800006F09D1034BDB68024A43F48013D3607B
:109AC80002E000BF001002407B681B6803F40043FB
:109AD800002B15D0294BD3F8883023F040527B68EF
:109AE8005B6C26491343C1F888307B685B6CB3F123
:109AF800805F05D1214BDB68204A43F48033D36073
:109B08007B681B6803F48033002B15D01B4BD3F8FC
:109B1800883023F040427B689B6C18491343C1F896
:109B280088307B689B6CB3F1804F05D1134BDB68A1
:109B3800124A43F48033D3607B681B6803F48023A4
:109B4800002B15D00D4BD3F89C3023F440127B68C2
:109B5800DB6C0A491343C1F89C307B68DB6CB3F5B6
:109B6800001F05D1054BDB68044A43F48013D3601A
:109B7800BB7C18461837BD4680BD00BF00100240A8
:109B880080B586B000AFF860B960C7E9002300234C
:109B98003B612F4B1B78012B01D1022353E02C4B47
:109BA80001221A704FF47A7000F092F80346FB75A0
:109BB800FB7D002B43D1264B00225A60254B1B68A6
:109BC80003F48063002B09D0224B1B68214A23F43D
:109BD800806313601E4B02221A7702E01C4B00229E
:109BE8001A77FB68002B07D1D7E90023B86800F083
:109BF800C1F801233B6110E0FB68012B02D0FB6830
:109C0800022B0AD13B681946B86800F0D9F8FB68FE
:109C1800022B02D14FF480233B614FF47A7000F09D
:109C280057F80346FB753B69002B06D0094B5A6968
:109C38003B69DB43074913404B6100F00FFA044BC3
:109C480000221A70FB7D18461837BD4680BD00BF3C
:109C58006C0100200020024080B483B000AF0023D4
:109C6800FB710B4B5B69002B0BDA094B094A9A60B5
:109C7800074B094A9A60064B5B69002B01DA0123FE
:109C8800FB71FB7918460C37BD465DF8047B7047BD
:109C98000020024023016745AB89EFCD80B483B033
:109CA80000AF0123FB71094B5B69084A43F000438D
:109CB8005361064B5B69002B01DA0023FB71FB79CA
:109CC80018460C37BD465DF8047B704700200240FB
:109CD80080B584B000AF7860FEF7B4FFF86009E0A3
:109CE800FEF7B0FF0246FB68D31A7A689A4201D29F
:109CF800032337E01D4B1B6903F48033B3F5803F22
:109D0800EED01A4B1A694CF2FA331340BB60BB68A9
:109D1800002B1DD0164B5A68BB681343144A536076
:109D2800BB68B3F1805F07D3104B9A69BB6803F037
:109D380070430E4913438B61BB6823F07043002BBB
:109D480004D00A4ABB6823F070431361012309E079
:109D5800064B1B6903F00103012B02D1034B0122BF
:109D68001A61002318461037BD4680BD0020024006
:109D78006C01002080B485B000AFF860C7E900230B
:109D88000E4B5B690D4A43F001035361FB683A6867
:109D98001A60BFF36F8F00BFD7E900014FF00002D0
:109DA8004FF000030A000023F968043113460B60E2
:109DB80000BF1437BD465DF8047B704700200240A1
:109DC80080B489B000AF786039604023FB777B6846
:109DD800BB613B687B61144B5B69134A43F4802386
:109DE8005361EFF31083FB60FB683B6172B600BF01
:109DF8007B691A68BB691A60BB690433BB617B69FC
:109E080004337B61FB7F013BFB77FB7F002BEFD1AA
:109E18003B69BB60BB6883F3108800BF00BF243771
:109E2800BD465DF8047B70470020024080B584B0D1
:109E380000AF78603960494B1B78012B01D10223B0
:109E480087E0464B01221A704FF47A70FFF740FF03
:109E58000346FB73FB7B002B77D1404B00225A60F3
:109E68003F4B1B6803F40073002B13D03C4B1B685B
:109E780003F48063002B09D0394B1B68384A23F45C
:109E880080631360354B03221A7716E0334B0122A7
:109E98001A7712E0324B1B6803F48063002B09D059
:109EA8002F4B1B682E4A23F4806313602B4B02222E
:109EB8001A7702E0294B00221A777B681B68012B6E
:109EC80013D17B685B68184600F04CF84FF47A7041
:109ED800FFF7FEFE0346FB73214B5B69204A23F420
:109EE800004323F0040353612DE03B684FF0FF3239
:109EF8001A607B689B68BB601DE07B685B681946DD
:109F0800B86800F067F84FF47A70FFF7E1FE03468F
:109F1800FB73134B5B69124A23F47E7323F002032D
:109F28005361FB7B002B03D03B68BA681A600AE0D8
:109F3800BB680133BB607B689A687B68DB68134445
:109F4800BA689A42D9D300F089F8044B00221A70F3
:109F5800FB7B18461037BD4680BD00BF6C01002052
:109F68000020024080B483B000AF7860184B1B6AB1
:109F780003F48003002B16D07B6803F00103002B49
:109F880005D0134B5B69124A43F0040353617B68A5
:109F980003F00203002B0ED00D4B5B690C4A43F40F
:109FA8000043536107E00A4B5B69094A43F40043E5
:109FB80043F004035361064B5B69054A43F480335D
:109FC800536100BF0C37BD465DF8047B704700BF86
:109FD8000020024080B483B000AF786039601E4B27
:109FE8001B6A03F48003002B06D11B4B5B691A4ADA
:109FF80023F40063536111E03B6803F00103002B75
:10A0080006D0154B5B69144A23F40063536105E0DD
:10A01800114B5B69104A43F4006353610E4B5B6953
:10A0280023F47E727B68DB0003F4FF630A49134361
:10A038004B61094B5B69084A43F002035361064BC5
:10A048005B69054A43F48033536100BF0C37BD4652
:10A058005DF8047B704700BF0020024080B483B0E5
:10A0680000AF214B1B7FFB71FB79012B02D0FB79E1
:10A07800032B17D11D4B1B681C4A23F40073136074
:10A088001A4B1B68194A43F400631360174B1B688B
:10A09800164A23F400631360144B1B68134A43F4F5
:10A0A80000731360FB79022B02D0FB79032B11D1CB
:10A0B8000E4B1B680D4A43F4805313600B4B1B680F
:10A0C8000A4A23F480531360084B1B68074A43F479
:10A0D80080631360044B00221A7700BF0C37BD461B
:10A0E8005DF8047B704700BF6C010020002002402F
:10A0F80080B487B000AF7860396000237B6164E189
:10A108003B681A6801217B6901FA03F31340FB607D
:10A11800FB68002B00F056813B685B6803F0030383
:10A12800012B05D03B685B6803F00303022B30D199
:10A138007B689B683B617B695B00032202FA03F33F
:10A14800DB433A6913403B613B68DA687B695B0033
:10A1580002FA03F33A6913433B617B683A699A60F0
:10A168007B685B683B6101227B6902FA03F3DB438E
:10A178003A6913403B613B685B681B0903F00102C5
:10A188007B6902FA03F33A6913433B617B683A69D6
:10A198005A603B685B6803F00303032B09D13B68F3
:10A1A8005B6803F00303032B1BD13B689B68012BFF
:10A1B80017D07B68DB683B617B695B00032202FA8E
:10A1C80003F3DB433A6913403B613B689A687B6958
:10A1D8005B0002FA03F33A6913433B617B683A690F
:10A1E800DA603B685B6803F00303022B23D17B69C9
:10A1F800DA087B68083253F822303B617B6903F048
:10A2080007039B000F2202FA03F3DB433A6913406A
:10A218003B613B681A697B6903F007039B0002FAFC
:10A2280003F33A6913433B617B69DA087B680832B8
:10A23800396943F822107B681B683B617B695B00C6
:10A24800032202FA03F3DB433A6913403B613B689C
:10A258005B6803F003027B695B0002FA03F33A6967
:10A2680013433B617B683A691A603B685B6803F497
:10A278004033002B00F0A6805B4B1B6E5A4A43F01C
:10A2880001031366584B1B6E03F00103BB60BB68E8
:10A29800564A7B699B08023352F823303B617B693D
:10A2A80003F003039B000F2202FA03F3DB433A692E
:10A2B80013403B617B68B3F1904F1FD07B684C4AD9
:10A2C800934219D07B684B4A934213D07B684A4A21
:10A2D80093420DD07B68494A934207D07B68484A2D
:10A2E800934201D105230AE0062308E0042306E08F
:10A2F800032304E0022302E0012300E000237A693B
:10A3080002F00302920093403A6913433B613749D4
:10A318007B699B0802333A6941F82320394B9B68D3
:10A328003B61FB68DB433A6913403B613B685B6810
:10A3380003F48013002B03D03A69FB6813433B6195
:10A34800304A3B6993602F4BDB683B61FB68DB431A
:10A358003A6913403B613B685B6803F40013002BC8
:10A3680003D03A69FB6813433B61264A3B69D360D3
:10A37800244B5B683B61FB68DB433A6913403B61F4
:10A388003B685B6803F40033002B03D03A69FB6831
:10A3980013433B611B4A3B6953601A4B1B683B6183
:10A3A800FB68DB433A6913403B613B685B6803F435
:10A3B8008033002B03D03A69FB6813433B61114A91
:10A3C8003B6913607B6901337B613B681A687B6971
:10A3D80022FA03F3002B7FF493AE00BF00BF1C37B3
:10A3E800BD465DF8047B7047001002400000014044
:10A3F8000004004800080048000C0048001000480D
:10A40800001400480004014080B483B000AF7860B5
:10A418000B467B8013467B707B78002B03D07A88B1
:10A428007B689A6102E07A887B689A6200BF0C3781
:10A43800BD465DF8047B704780B485B000AF786096
:10A448000B467B807B685B69FB607A88FB681340FE
:10A458001A04FB68D9437B880B401A437B689A61CE
:10A4680000BF1437BD465DF8047B704780B485B0E3
:10A4780000AF78607B68002B41D14B4B1B6803F41D
:10A48800C063B3F5806F31D1474BD3F88030464A6B
:10A4980023F48073C2F88030434B1B6823F4C063F5
:10A4A800414A43F400731360404B1B68322202FB9D
:10A4B80003F33F4AA2FB03239B0C0133FB6002E03A
:10A4C800FB68013BFB60384B5B6903F48063B3F5C1
:10A4D800806F02D1FB68002BF2D1334B5B6903F428
:10A4E8008063B3F5806F58D1032357E02E4BD3F820
:10A4F80080302D4A23F48073C2F880304DE07B68A9
:10A50800B3F5007F41D1284B1B6803F4C063B3F552
:10A51800806F31D1244BD3F88030234A43F48073C1
:10A52800C2F88030204B1B6823F4C0631E4A43F4F2
:10A53800007313601D4B1B68322202FB03F31C4A95
:10A54800A2FB03239B0C0133FB6002E0FB68013B89
:10A55800FB60154B5B6903F48063B3F5806F02D130
:10A56800FB68002BF2D1104B5B6903F48063B3F5F1
:10A57800806F12D1032311E00B4BD3F880300A4AC5
:10A5880043F48073C2F8803007E0074B1B6823F45C
:10A59800C063054A43F480631360002318461437E8
:10A5A800BD465DF8047B70470070004060010020E4
:10A5B80083DE1B4380B400AF054B9B68044A43F419
:10A5C8008043936000BFBD465DF8047B704700BFC1
:10A5D8000070004080B485B000AF78607B6803F0FD
:10A5E8000703FB600C4BDB68BB60BA684FF6FF03E0
:10A5F8001340BB60FB681A02BB68134343F0BF6398
:10A6080043F40033BB60044ABB68D36000BF14370F
:10A61800BD465DF8047B704700ED00E080B400AFF4
:10A62800044BDB681B0A03F007031846BD465DF8B8
:10A63800047B704700ED00E080B483B000AF0346B0
:10A64800FB7197F90730002B0BDBFB7903F01F0236
:10A65800074997F907305B09012000FA02F241F82F
:10A66800232000BF0C37BD465DF8047B704700BF50
:10A6780000E100E080B483B000AF03463960FB71AD
:10A6880097F90730002B0ADB3B68DAB20C4997F9D7
:10A6980007301201D2B20B4483F800230AE03B686A
:10A6A800DAB20849FB7903F00F03043B1201D2B276
:10A6B8000B441A7600BF0C37BD465DF8047B704723
:10A6C80000E100E000ED00E080B489B000AFF86080
:10A6D800B9607A60FB6803F00703FB61FB69C3F1AB
:10A6E8000703042B28BF0423BB61FB690433062B33
:10A6F80002D9FB69033B00E000237B614FF0FF3286
:10A70800BB6902FA03F3DA43BB681A407B699A40D3
:10A718004FF0FF317B6901FA03F3D9437B680B40A3
:10A72800134318462437BD465DF8047B7047000084
:10A7380080B582B000AF78607B68013BB3F1807F61
:10A7480001D301230FE00A4A7B68013B53600F21C4
:10A758004FF0FF30FFF78EFF054B00229A60044B45
:10A7680007221A60002318460837BD4680BD00BF7F
:10A7780010E000E080B582B000AF78607868FFF73D
:10A7880029FF00BF0837BD4680BD80B586B000AF41
:10A798000346B9607A60FB73FFF740FF78617A6817
:10A7A800B9687869FFF790FF024697F90F301146AC
:10A7B8001846FFF75FFF00BF1837BD4680BD80B55C
:10A7C80082B000AF0346FB7197F907301846FFF7D0
:10A7D80033FF00BF0837BD4680BD80B582B000AFEB
:10A7E80078607868FFF7A4FF034618460837BD4627
:10A7F80080BD000080B584B000AF78607B68002B16
:10A8080001D1012347E17B6893F85C30DBB2002B70
:10A8180006D17B68002283F85D207868F7F7CEFAC6
:10A828007B681B689A697B681B6822F010029A6132
:10A83800FEF708FAF86012E0FEF704FA0246FB6831
:10A84800D31A0A2B0BD97B681B6E43F001027B6875
:10A858001A667B68032283F85C2001231BE17B686E
:10A868001B689B6903F00803082BE5D07B681B680D
:10A878009A697B681B6842F001029A61FEF7E2F967
:10A88800F86012E0FEF7DEF90246FB68D31A0A2BDD
:10A898000BD97B681B6E43F001027B681A667B68E4
:10A8A800032283F85C200123F5E07B681B689B6921
:10A8B80003F00103002BE5D07B681B689A697B686D
:10A8C8001B6842F002029A617B681B68744A9342D3
:10A8D80003D1744A7B685B6813607B681B7C012B1F
:10A8E80008D17B681B689A697B681B6822F0400264
:10A8F8009A6107E07B681B689A697B681B6842F06D
:10A9080040029A617B685B7C012B08D17B681B68DD
:10A918009A697B681B6842F480429A6107E07B6809
:10A928001B689A697B681B6822F480429A617B687D
:10A938009B7C012B08D17B681B689A697B681B6824
:10A9480022F480529A6107E07B681B689A697B68E9
:10A958001B6842F480529A617B681B689B6923F4E8
:10A9680040717B689A687B681B680A439A617B68B8
:10A978001B689A697B681B6822F0A4029A617B684D
:10A988001B681A697B681B6822F010021A617B68D1
:10A99800DB68012B08D17B681B689A697B681B6898
:10A9A80042F004029A612CE07B68DB68002B28D017
:10A9B8007B68DB68022B1CD07B681B689A697B6804
:10A9C8001B6842F080029A617B681B681A697B6881
:10A9D8001B6842F010021A617B68DB68032B10D1F8
:10A9E8007B681B689A697B681B6842F020029A6141
:10A9F80007E07B681B689A697B681B6842F0200245
:10AA08009A617B689B69013B5A067B68DB69013B5D
:10AA18001B021A437B681B6A013B42EA03017B68FD
:10AA28005B69013B1A047B681B680A43DA617B682F
:10AA38009B68B3F5407F15D17B689B6A5A1E7B687B
:10AA4800DB6A013B1B021A437B681B6B013B1B0142
:10AA580042EA03017B685B6A013B1A047B681B6856
:10AA68000A43DA607B681B68D3F8C0107B68DA6B2E
:10AA78007B681B680A43C3F8C020786800F0CAFCEA
:10AA88007B6800229A657B6800221A667B6801222F
:10AA980083F85C20002318461037BD4680BD00BFF0
:10AAA800006400400065004080B487B000AF786063
:10AAB80039607B6893F85C30FB75FB7D012B02D015
:10AAC800FB7D022B3DD13B681B68002B19D13B68ED
:10AAD8009B689A073B68DB68DB061A433B681B697F
:10AAE8001B041A433B685B6913433B617B681A6C20
:10AAF8003B685B689B001344BB60BB683A691A609B
:10AB08001DE03B68DB685A073B681B6913433B61E0
:10AB18003B689B689A073B685B691343FB607B68EB
:10AB28005A6C3B685B68DB001344BB60BB683A69DE
:10AB38001A60BB680433BB60BB68FA681A600023FC
:10AB480006E07B681B6E43F002027B681A660123ED
:10AB580018461C37BD465DF8047B704780B485B045
:10AB680000AFF860B9607A603B60FB6893F85C30CE
:10AB7800DBB2012B16D1FB681B68D3F8803023F0B9
:10AB88003F01BB681A017B689B001A433B685B0066
:10AB98001A43BB691A43FB681B680A43C3F8802041
:10ABA800002306E0FB681B6E43F00402FB681A668C
:10ABB800012318461437BD465DF8047B704780B4FE
:10ABC80083B000AF78607B6893F85C30DBB2012B10
:10ABD80010D17B68022283F85C207B681B689A6925
:10ABE8007B681B6822F001029A617B6800221A6662
:10ABF800002306E07B681B6E43F004027B681A663C
:10AC0800012318460C37BD465DF8047B704780B5B4
:10AC180086B000AFF860B9607A60FB6893F85C3082
:10AC2800DBB2022B2CD1FB681B68D3F8C43003F4C9
:10AC38000013002B07D0FB681B6E43F40072FB68FF
:10AC48001A66012323E0FB681B68D3F8C4301B0C89
:10AC580003F003037B617B697A68B968F86800F0E0
:10AC680045FCFB681B6801217A6901FA02F2C3F806
:10AC7800CC2001227B699A40FB689A65002306E094
:10AC8800FB681B6E43F00802FB681A66012318462E
:10AC98001837BD4680BD000080B48BB000AFF860A7
:10ACA800B9607A603B60FB6893F85C30FB76FB7EAA
:10ACB800022B40F0EA80BB68402B38D1FB681B6848
:10ACC800D3F8903003F00F03002B07D1FB681B6EFD
:10ACD80043F48072FB681A660123DDE0FB681B6899
:10ACE800D3F890301B0A03F00303FB61FB681B6871
:10ACF800D3F8903003F08073B3F1807F0DD1FB68F7
:10AD08001B68D3F8803003F40073B3F5007F04D1D7
:10AD1800FB69013303F00303FB61FB68996CFA6973
:10AD28001346DB001344DB000B447B6237E0FB680F
:10AD38001B68D3F8983003F00F03002B07D1FB688A
:10AD48001B6E43F48072FB681A660123A4E0FB685B
:10AD58001B68D3F898301B0A03F00303FB61FB68F8
:10AD68001B68D3F8983003F08073B3F1807F0DD15E
:10AD7800FB681B68D3F8803003F48073B3F5807FD9
:10AD880004D1FB69013303F00303FB61FB68D96C51
:10AD9800FA691346DB001344DB000B447B627B6AD1
:10ADA8001B6803F080427B685A607B685B68002BF5
:10ADB80007D17B6A1B689B0CC3F30A027B681A6085
:10ADC80005E07B6A1B6823F060427B681A607B6A37
:10ADD8001B6803F000527B689A607B6A1B6803F06B
:10ADE80000427B681A617B6A04337B627B6A1B685A
:10ADF8009AB27B68DA617B6A1B681B0C03F00F024E
:10AE08007B68DA607B6A1B6803F480127B685A618E
:10AE18007B6A1B6803F400127B689A617B6A1B6873
:10AE28001B0E03F07F027B681A627B6A1B68DA0FCD
:10AE38007B685A627B6A04337B627B6A7B6100238E
:10AE48003B620AE07A693B6A1A4439683B6A0B44F8
:10AE580012781A703B6A01333B627B68DB68114ADF
:10AE6800D35C1A463B6A9342ECD3BB68402B05D1AE
:10AE7800FB681B68FA69C3F8942004E0FB681B6848
:10AE8800FA69C3F89C20002306E0FB681B6E43F0B8
:10AE98000802FB681A66012318462C37BD465DF880
:10AEA800047B7047F8E6000880B487B000AFF8600C
:10AEB800B9607A60FB6893F85C30FB75FB7D012B09
:10AEC80002D0FB7D022B16D17B68012B09D1FB68D0
:10AED8001B68996DBB68DA43FB681B680A409A6572
:10AEE80007E0FB681B68996DFB681B68BA680A4332
:10AEF8009A65002306E0FB681B6E43F00202FB68BC
:10AF08001A66012318461C37BD465DF8047B704756
:10AF180080B487B000AFF860B9607A60FB6893F8D6
:10AF28005C30FB75FB7D012B03D0FB7D022B40F0D1
:10AF3800C880FB681B689B6D3B61BB6803F0070317
:10AF4800002B04D03B6903F00103002B3BD0BB6806
:10AF580003F03803002B04D03B6903F00203002BF5
:10AF680031D0BB6803F4E073002B04D03B6903F0D5
:10AF78000403002B27D0BB6803F4F053002B04D044
:10AF88003B6903F00803002B1DD0BB6803F4604342
:10AF9800002B04D03B6903F01003002B13D0BB68CF
:10AFA80003F44033002B04D03B6903F02003002B4B
:10AFB80009D0BB6803F47C03002B0CD03B6903F079
:10AFC8004003002B07D1FB681B68DA6DFB681B6820
:10AFD80042F00102DA65BB6803F00703002B04D0D6
:10AFE8003B6903F00103002B3BD1BB6803F0380336
:10AFF800002B04D03B6903F00203002B31D1BB685E
:10B0080003F4E073002B04D03B6903F00403002B26
:10B0180027D1BB6803F4F053002B04D03B6903F03D
:10B028000803002B1DD1BB6803F46043002B04D038
:10B038003B6903F01003002B13D1BB6803F44033C2
:10B04800002B04D03B6903F02003002B09D1BB6817
:10B0580003F47C03002B0CD03B6903F04003002B66
:10B0680007D0FB681B68DA6DFB681B6842F00202B8
:10B07800DA65BB6803F08003002B09D0FB681B6806
:10B08800D3F8DC10FB681B687A680A43C3F8DC2035
:10B09800BB6803F48073002B09D0FB681B68D3F8E6
:10B0A800E010FB681B687A680A43C3F8E020FB6875
:10B0B8001B68596DFB681B68BA680A435A65002308
:10B0C80006E0FB681B6E43F00202FB681A66012368
:10B0D80018461C37BD465DF8047B704780B58CB0B8
:10B0E80000AF78607B681B681B6D03F4E053FB625C
:10B0F8007B681B685B6DFA6A1340FB627B681B68A0
:10B108001B6D03F00703BB627B681B685B6DBA6A43
:10B118001340BB627B681B681B6D03F038037B62BE
:10B128007B681B685B6D7A6A13407B627B681B686F
:10B138001B6D03F471033B627B681B685B6D3A6AA5
:10B1480013403B627B681B681B6D03F46023FB6143
:10B158007B681B685B6DFA691340FB617B681B6841
:10B168005B6DBB617B681B681B6D7B617B699B09A1
:10B1780003F00103002B0CD0BB699B0903F001030A
:10B18800002B06D07B681B6840221A65786800F09F
:10B1980022F97B691B0A03F00103002B1AD0BB6953
:10B1A8001B0A03F00103002B14D07B681B68D3F83B
:10B1B800D8303B617B681B68D3F8E0303A691340AC
:10B1C8003B617B681B684FF480721A65396978683F
:10B1D80000F0E2F8FB6A002B07D07B681B68FA6A6C
:10B1E8001A65F96A786800F0ACF8BB6A002B07D0DA
:10B1F8007B681B68BA6A1A65B96A7868F7F7F4F960
:10B208007B6A002B07D07B681B687A6A1A65796AA3
:10B21800786800F0A1F87B695B0A03F00103002B52
:10B228000DD0BB695B0A03F00103002B07D07B68D4
:10B238001B684FF400721A65786800F098F87B690B
:10B24800DB0903F00103002B19D0BB69DB0903F00C
:10B258000103002B13D07B681B68D3F8D430FB6044
:10B268007B681B68D3F8DC30FA681340FB607B68A6
:10B278001B6880221A65F968786800F082F87B6993
:10B288005B0B03F00103002B0DD0BB695B0B03F0D4
:10B298000103002B07D07B681B684FF400521A6526
:10B2A800786800F084F87B69DB0B03F00103002B5E
:10B2B8000DD0BB69DB0B03F00103002B07D07B68C3
:10B2C8001B684FF400421A65786800F07AF87B69C9
:10B2D8009B0B03F00103002B10D0BB699B0B03F001
:10B2E8000103002B0AD07B681B684FF480421A6563
:10B2F8007B681B6E43F080027B681A66FB69002B33
:10B3080007D07B681B68FA691A65F969786800F0E4
:10B3180076F83B6A002B09D07B681B683A6A1A6585
:10B328007B681A6E3B6A1A437B681A667B681B6ED9
:10B33800002B02D0786800F058F800BF3037BD46BF
:10B3480080BD80B483B000AF7860396000BF0C372F
:10B35800BD465DF8047B704780B483B000AF786069
:10B36800396000BF0C37BD465DF8047B704780B478
:10B3780083B000AF786000BF0C37BD465DF8047B32
:10B38800704780B483B000AF7860396000BF0C3775
:10B39800BD465DF8047B704780B483B000AF786029
:10B3A800396000BF0C37BD465DF8047B704780B438
:10B3B80083B000AF786000BF0C37BD465DF8047BF2
:10B3C800704780B483B000AF786000BF0C37BD46CB
:10B3D8005DF8047B704780B483B000AF786000BF2D
:10B3E8000C37BD465DF8047B704780B483B000AF6E
:10B3F800786000BF0C37BD465DF8047B704780B4A9
:10B4080083B000AF7860396000BF0C37BD465DF887
:10B41800047B704780B485B000AF7860304BBB6068
:10B428007B681B682F4A934203D1BB6803F55473AA
:10B43800BB607B681B682C4A934203D1BB6803F549
:10B44800D463BB607B68BA681A647B681B68D3F8EE
:10B45800803023F4F8117B685B6B1A047B681B68E7
:10B468000A43C3F88020BB6803F170027B685A6402
:10B478007B681B68D3F8803023F070617B689B6B16
:10B488001A067B681B680A43C3F88020BB6803F16F
:10B49800B0027B689A64BB6803F5C4727B68DA649F
:10B4A800BB6803F518727B681A65BB6803F51E72E2
:10B4B8007B685A65BB68FB6005E0FB6800221A6080
:10B4C800FB680433FB60BB6803F55473FA689A425F
:10B4D800F3D300BF00BF1437BD465DF8047B704747
:10B4E80000A4004000680040006C004080B489B0AF
:10B4F80000AFF860B9607A603B60BB685B68002B9E
:10B508000AD1BB681A69BB689B681A43BB681B6889
:10B518009B041343FB610AE0BB681A69BB689B681C
:10B528001A43BB681B68134343F08043FB61BB6845
:10B538001B6A1A06BB68DB691A43BB689B691A4316
:10B54800BB685B691A43BB68DB681B0413433B6138
:10B55800FB68596D3A681346DB001344DB000B4463
:10B56800BB61BB69FA691A60BB690433BB61BB691B
:10B578003A691A60BB690433BB6100237B6120E030
:10B588007B6903337A6813441B781A067B69023394
:10B5980079680B441B781B041A437B69013379686B
:10B5A8000B441B781B02134379687A690A441278A2
:10B5B8001A43BB691A60BB690433BB617B690433F6
:10B5C8007B61BB68DB68064AD35C1A467B69934299
:10B5D800D6D300BF00BF2437BD465DF8047B704753
:10B5E800F8E6000880B584B000AF78607B68002B6F
:10B5F80001D101239DE07B685B6A002B08D17B6841
:10B608005B68B3F5827F09D07B680022DA6105E0C8
:10B618007B6800221A617B6800225A617B680022DD
:10B628009A627B6893F85D30DBB2002B06D17B68A9
:10B63800002283F85C207868F6F7DEFC7B6802223B
:10B6480083F85D207B681B681A687B681B6822F09A
:10B6580040021A607B68DB68B3F5E06F02D900230B
:10B66800FB6002E04FF48053FB607B68DB68B3F556
:10B67800706F07D07B68DB68B3F5E06F02D07B683A
:10B6880000229A627B685B6803F482727B689B681D
:10B6980003F404431A437B681B6903F002031A434B
:10B6A8007B685B6903F001031A437B689B6903F4B9
:10B6B80000731A437B68DB6903F038031A437B681D
:10B6C8001B6A03F0800342EA03017B689B6A03F468
:10B6D80000527B681B680A431A607B689B691B0CD5
:10B6E80003F004027B685B6A03F010031A437B686B
:10B6F8005B6B03F008031A437B68DB6803F4706331
:10B7080042EA0301FB6803F480527B681B680A4322
:10B718005A607B681B68DA697B681B6822F40062E0
:10B72800DA617B6800221A667B68012283F85D2053
:10B73800002318461037BD4680BD80B588B000AFDD
:10B74800F860B9603B601346FB80FDF77BFAF8614F
:10B75800FB887B83FB6893F85D30DBB2012B01D05B
:10B7680002235CE1BB68002B02D0FB88002B01D1CF
:10B77800012354E1FB6893F85C30012B01D10223CB
:10B788004DE1FB68012283F85C20FB68032283F803
:10B798005D20FB6800221A66FB68BA689A63FB683A
:10B7A800FA889A87FB68FA88DA87FB6800221A64A5
:10B7B800FB680022A3F84420FB680022A3F8462077
:10B7C800FB6800221A65FB680022DA64FB689B6844
:10B7D800B3F5004F0FD1FB681B681A68FB681B683C
:10B7E80022F040021A60FB681B681A68FB681B6835
:10B7F80042F480421A60FB681B681B6803F0400330
:10B80800402B07D0FB681B681A68FB681B6842F06E
:10B8180040021A60FB68DB68B3F5E06F52D9FB6839
:10B828005B68002B02D07B8B012B45D1FB689B6B9F
:10B838001A88FB681B68DA60FB689B6B9A1CFB68BC
:10B848009A63FB68DB8F9BB2013B9AB2FB68DA878D
:10B8580032E0FB681B689B6803F00203022B12D1DD
:10B86800FB689B6B1A88FB681B68DA60FB689B6B3C
:10B878009A1CFB689A63FB68DB8F9BB2013B9AB208
:10B88800FB68DA8718E0FDF7DDF90246FB69D31A91
:10B898003A689A4203D83B68B3F1FF3F02D13B684C
:10B8A800002B09D1FB68012283F85D20FB68002288
:10B8B80083F85C200323B2E0FB68DB8F9BB2002B8C
:10B8C800C7D183E0FB685B68002B02D07B8B012B20
:10B8D80077D1FB68DB8F9BB2012B12D9FB689B6B7E
:10B8E8001A88FB681B68DA60FB689B6B9A1CFB680C
:10B8F8009A63FB68DB8F9BB2023B9AB2FB68DA87DC
:10B908005FE0FB689A6BFB681B680C3312781A704F
:10B91800FB689B6B5A1CFB689A63FB68DB8F9BB2C6
:10B92800013B9AB2FB68DA874BE0FB681B689B68AF
:10B9380003F00203022B2BD1FB68DB8F9BB2012B98
:10B9480012D9FB689B6B1A88FB681B68DA60FB6876
:10B958009B6B9A1CFB689A63FB68DB8F9BB2023B6C
:10B968009AB2FB68DA872CE0FB689A6BFB681B6865
:10B978000C3312781A70FB689B6B5A1CFB689A632D
:10B98800FB68DB8F9BB2013B9AB2FB68DA8718E051
:10B99800FDF758F90246FB69D31A3A689A4203D868
:10B9A8003B68B3F1FF3F02D13B68002B09D1FB682C
:10B9B800012283F85D20FB68002283F85C200323C2
:10B9C8002DE0FB68DB8F9BB2002BAED1FA6939689A
:10B9D800F86800F003FD0346002B02D0FB68202224
:10B9E8001A66FB689B68002B0AD100237B61FB6801
:10B9F8001B68DB687B61FB681B689B687B617B69F4
:10BA0800FB68012283F85D20FB68002283F85C2034
:10BA1800FB681B6E002B01D0012300E000231846B1
:10BA28002037BD4680BD80B588B002AFF860B960E8
:10BA38003B601346FB80FB6893F85D30DBB2012B5B
:10BA480001D0022323E1BB68002B02D0FB88002B26
:10BA580001D101231BE1FB685B68B3F5827F12D13A
:10BA6800FB689B68002B0ED1FB68042283F85D20DD
:10BA7800FA883B6800931346BA68B968F86800F01A
:10BA88000AF9034603E1FDF7DDF87861FB6893F8EE
:10BA98005C30012B01D10223F9E0FB68012283F815
:10BAA8005C20FB68042283F85D20FB6800221A668C
:10BAB800FB68BA681A64FB68FA88A3F84420FB6834
:10BAC800FA88A3F84620FB6800229A63FB680022E4
:10BAD8009A87FB680022DA87FB680022DA64FB6831
:10BAE80000221A65FB68DB68B3F5E06F08D9FB68CC
:10BAF8001B685A68FB681B6822F480525A6007E08A
:10BB0800FB681B685A68FB681B6842F480525A60DD
:10BB1800FB689B68B3F5004F0FD1FB681B681A6878
:10BB2800FB681B6822F040021A60FB681B681A68F1
:10BB3800FB681B6822F480421A60FB681B681B685C
:10BB480003F04003402B07D0FB681B681A68FB68AA
:10BB58001B6842F040021A60FB68DB68B3F5E06FCF
:10BB680075D837E0FB681B689B6803F00103012B5D
:10BB780017D1FB681B6803F10C02FB681B6C127879
:10BB8800D2B21A70FB681B6C5A1CFB681A64FB68FB
:10BB9800B3F846309BB2013B9AB2FB68A3F8462043
:10BBA80018E0FDF74FF802467B69D31A3A689A42C3
:10BBB80003D83B68B3F1FF3F02D13B68002B09D1A2
:10BBC800FB68012283F85D20FB68002283F85C2073
:10BBD80003235CE0FB68B3F846309BB2002BC1D16D
:10BBE8003BE0FB681B689B6803F00103012B15D140
:10BBF800FB681B68DA68FB681B6C92B21A80FB68EA
:10BC08001B6C9A1CFB681A64FB68B3F846309BB23D
:10BC1800013B9AB2FB68A3F8462018E0FDF712F83A
:10BC280002467B69D31A3A689A4203D83B68B3F153
:10BC3800FF3F02D13B68002B09D1FB68012283F842
:10BC48005D20FB68002283F85C2003231FE0FB686B
:10BC5800B3F846309BB2002BC3D17A693968F868CB
:10BC680000F064FB0346002B02D0FB6820221A6612
:10BC7800FB68012283F85D20FB68002283F85C20C2
:10BC8800FB681B6E002B01D0012300E0002318463F
:10BC98001837BD4680BD80B58AB000AFF860B9607E
:10BCA8007A607B8001237B62FCF7CCFF3862FB68FB
:10BCB80093F85D30FB77FB685B68BB617B88FB8230
:10BCC8007B88BB82FB7F012B0CD0BB69B3F5827FDD
:10BCD80006D1FB689B68002B02D1FB7F042B01D0A7
:10BCE8000223F3E1BB68002B05D07B68002B02D050
:10BCF8007B88002B01D10123E8E1FB6893F85C30D5
:10BD0800012B01D10223E1E1FB68012283F85C20C9
:10BD1800FB6893F85D30DBB2042B03D0FB68052287
:10BD280083F85D20FB6800221A66FB687A681A644B
:10BD3800FB687A88A3F84620FB687A88A3F8442031
:10BD4800FB68BA689A63FB687A88DA87FB687A883E
:10BD58009A87FB680022DA64FB6800221A65FB6890
:10BD6800DB68B3F5E06F02D8BB8A012B08D9FB6802
:10BD78001B685A68FB681B6822F480525A6007E007
:10BD8800FB681B685A68FB681B6842F480525A605B
:10BD9800FB681B681B6803F04003402B07D0FB6857
:10BDA8001B681A68FB681B6842F040021A60FB684F
:10BDB800DB68B3F5E06F40F28380FB685B68002BBB
:10BDC80002D0FB8A012B6FD1FB689B6B1A88FB683A
:10BDD8001B68DA60FB689B6B9A1CFB689A63FB68BC
:10BDE800DB8F9BB2013B9AB2FB68DA875CE0FB68A9
:10BDF8001B689B6803F00203022B1BD1FB68DB8FD7
:10BE08009BB2002B16D07B6A012B13D1FB689B6B6E
:10BE18001A88FB681B68DA60FB689B6B9A1CFB68D6
:10BE28009A63FB68DB8F9BB2013B9AB2FB68DA87A7
:10BE380000237B62FB681B689B6803F00103012BEE
:10BE48001CD1FB68B3F846309BB2002B16D0FB68B8
:10BE58001B68DA68FB681B6C92B21A80FB681B6C63
:10BE68009A1CFB681A64FB68B3F846309BB2013B26
:10BE78009AB2FB68A3F8462001237B62FCF7E2FE36
:10BE880002463B6AD31A3A6B9A420DD83B6BB3F120
:10BE9800FF3F09D0FB68012283F85D20FB68002280
:10BEA80083F85C20032311E1FB68DB8F9BB2002B36
:10BEB8009DD1FB68B3F846309BB2002B97D1E5E0E3
:10BEC800FB685B68002B03D0FB8A012B40F0D18014
:10BED800FB68DB8F9BB2012B12D9FB689B6B1A881E
:10BEE800FB681B68DA60FB689B6B9A1CFB689A63AB
:10BEF800FB68DB8F9BB2023B9AB2FB68DA87B8E03B
:10BF0800FB689A6BFB681B680C3312781A70FB6825
:10BF18009B6B5A1CFB689A63FB68DB8F9BB2013BE7
:10BF28009AB2FB68DA87A4E0FB681B689B6803F099
:10BF38000203022B34D1FB68DB8F9BB2002B2FD07E
:10BF48007B6A012B2CD1FB68DB8F9BB2012B12D9AA
:10BF5800FB689B6B1A88FB681B68DA60FB689B6B45
:10BF68009A1CFB689A63FB68DB8F9BB2023B9AB210
:10BF7800FB68DA8712E0FB689A6BFB681B680C3376
:10BF880012781A70FB689B6B5A1CFB689A63FB68F3
:10BF9800DB8F9BB2013B9AB2FB68DA8700237B6296
:10BFA800FB681B689B6803F00103012B48D1FB6801
:10BFB800B3F846309BB2002B42D0FB68B3F846304A
:10BFC8009BB2012B23D9FB681B68DA68FB681B6CE2
:10BFD80092B21A80FB681B6C9A1CFB681A64FB6897
:10BFE800B3F846309BB2023B9AB2FB68A3F84620EE
:10BFF800FB68B3F846309BB2012B1FD8FB681B685F
:10C008005A68FB681B6842F480525A6016E0FB6865
:10C018001B6803F10C02FB681B6C1278D2B21A7011
:10C02800FB681B6C5A1CFB681A64FB68B3F8463043
:10C038009BB2013B9AB2FB68A3F8462001237B62BE
:10C04800FCF700FE02463B6AD31A3A6B9A4203D8C1
:10C058003B6BB3F1FF3F02D13B6B002B09D1FB686F
:10C06800012283F85D20FB68002283F85C2003230B
:10C078002CE0FB68DB8F9BB2002B7FF455AFFB688D
:10C08800B3F846309BB2002B7FF44EAF3A6A396B57
:10C09800F86800F0A3F90346002B08D0FB682022BB
:10C0A8001A66FB68002283F85C2001230EE0FB6817
:10C0B800012283F85D20FB68002283F85C20FB687E
:10C0C8001B6E002B01D0012300E0002318462837FF
:10C0D800BD4680BD80B483B000AF78607B6893F8BC
:10C0E8005D30DBB218460C37BD465DF8047B7047FF
:10C0F80080B588B000AFF860B9603B601346FB714B
:10C10800FCF7A0FD0246BB6A9B1A3A681344FB6120
:10C11800FCF798FDB861394B1B685B011B0DFA6988
:10C1280002FB03F37B6155E03B68B3F1FF3F51D05D
:10C13800FCF788FD0246BB69D31AFA699A4202D90C
:10C14800FB69002B3DD1FB681B685A68FB681B68BC
:10C1580022F0E0025A60FB685B68B3F5827F11D178
:10C16800FB689B68B3F5004F04D0FB689B68B3F588
:10C17800806F07D1FB681B681A68FB681B6822F090
:10C1880040021A60FB689B6AB3F5005F0FD1FB6839
:10C198001B681A68FB681B6822F400521A60FB6867
:10C1A8001B681A68FB681B6842F400521A60FB6837
:10C1B800012283F85D20FB68002283F85C200323BA
:10C1C80018E07B69002B02D10023FB6102E07B6948
:10C1D800013B7B61FB681B689A68BB681340BA68BF
:10C1E8009A420CBF01230023DBB21A46FB799A421C
:10C1F8009AD1002318462037BD4680BD6001002033
:10C2080080B58AB000AFF860B9607A603B600023FF
:10C21800FB75FCF717FD02463B6B9B1A3A68134403
:10C228007B62FCF70FFD3862FB681B680C33FB610F
:10C238003D4B1A6813469B001344DA00D31A1B0DB2
:10C248007A6A02FB03F3BB6161E0BB68B3F5C06FB8
:10C2580007D17B68002B04D1FB691B78DBB2FB7527
:10C26800FB7D3B68B3F1FF3F51D0FCF7EBFC024686
:10C278003B6AD31A7A6A9A4202D97B6A002B3DD16B
:10C28800FB681B685A68FB681B6822F0E0025A606A
:10C29800FB685B68B3F5827F11D1FB689B68B3F5D7
:10C2A800004F04D0FB689B68B3F5806F07D1FB682B
:10C2B8001B681A68FB681B6822F040021A60FB685A
:10C2C8009B6AB3F5005F0FD1FB681B681A68FB68AF
:10C2D8001B6822F400521A60FB681B681A68FB6826
:10C2E8001B6842F400521A60FB68012283F85D2043
:10C2F800FB68002283F85C20032311E0BB69002B54
:10C3080002D100237B6202E0BB69013BBB61FB6891
:10C318001B689A68BB6813407A689A4295D10023D3
:10C3280018462837BD4680BD6001002080B586B01C
:10C3380002AFF860B9607A60FB685B68B3F5827F2A
:10C3480011D1FB689B68B3F5004F04D0FB689B686C
:10C35800B3F5806F07D1FB681B681A68FB681B6818
:10C3680022F040021A607B680093BB68002280219B
:10C37800F868FFF7BDFE0346002B07D0FB681B6E6D
:10C3880043F02002FB681A66032323E0FB685B681E
:10C39800B3F5827F1DD1FB689B68B3F5004F04D0CD
:10C3A800FB689B68B3F5806F13D17B680093BB680B
:10C3B80000224FF4C061F868FFF722FF0346002B04
:10C3C80007D0FB681B6E43F02002FB681A66032344
:10C3D80000E0002318461037BD4680BD80B586B002
:10C3E80002AFF860B9607A607B680093BB6800228E
:10C3F8004FF4C051F868FFF703FF0346002B07D03E
:10C40800FB681B6E43F02002FB681A66032327E0D3
:10C418007B680093BB6800228021F868FFF768FEFC
:10C428000346002B07D0FB681B6E43F02002FB6815
:10C438001A66032314E07B680093BB6800224FF45C
:10C44800C061F868FFF7DCFE0346002B07D0FB68E5
:10C458001B6E43F02002FB681A66032300E00023EA
:10C4680018461037BD4680BD80B582B000AF7860F1
:10C478007B68002B01D1012349E07B6893F83D30AC
:10C48800DBB2002B06D17B68002283F83C20786859
:10C49800F5F7B2FF7B68022283F83D207B681A68B3
:10C4A8007B6804331946104600F0BCFD7B68012206
:10C4B80083F848207B68012283F83E207B680122AC
:10C4C80083F83F207B68012283F840207B680122A3
:10C4D80083F841207B68012283F842207B6801228F
:10C4E80083F843207B68012283F844207B6801227B
:10C4F80083F845207B68012283F846207B68012267
:10C5080083F847207B68012283F83D2000231846E2
:10C518000837BD4680BD000080B485B000AF7860A4
:10C528007B6893F83D30DBB2012B01D001234CE04E
:10C538007B68022283F83D207B681B68264A934269
:10C5480022D07B681B68B3F1804F1DD07B681B68C5
:10C55800224A934218D07B681B68214A934213D021
:10C568007B681B681F4A93420ED07B681B681E4A73
:10C57800934209D07B681B681C4A934204D07B68AD
:10C588001B681B4A934215D17B681B689A68194B34
:10C598001340FB60FB68062B15D0FB68B3F5803FA2
:10C5A80011D07B681B681A687B681B6842F001021F
:10C5B8001A6008E07B681B681A687B681B6842F091
:10C5C80001021A6000E000BF002318461437BD4678
:10C5D8005DF8047B704700BF002C01400004004058
:10C5E80000080040000C00400034014000400140B9
:10C5F800005001400700010080B582B000AF7860AC
:10C608007B68002B01D1012349E07B6893F83D301A
:10C61800DBB2002B06D17B68002283F83C207868C7
:10C6280000F041F87B68022283F83D207B681A6895
:10C638007B6804331946104600F0F4FC7B6801223D
:10C6480083F848207B68012283F83E207B6801221A
:10C6580083F83F207B68012283F840207B68012211
:10C6680083F841207B68012283F842207B680122FD
:10C6780083F843207B68012283F844207B680122E9
:10C6880083F845207B68012283F846207B680122D5
:10C6980083F847207B68012283F83D200023184651
:10C6A8000837BD4680BD80B483B000AF786000BF56
:10C6B8000C37BD465DF8047B7047000080B584B038
:10C6C80000AF786039603B68002B09D17B6893F82C
:10C6D8003E30DBB2012B14BF01230023DBB23CE068
:10C6E8003B68042B09D17B6893F83F30DBB2012B00
:10C6F80014BF01230023DBB22FE03B68082B09D1CC
:10C708007B6893F84030DBB2012B14BF0123002370
:10C71800DBB222E03B680C2B09D17B6893F84130EF
:10C72800DBB2012B14BF01230023DBB215E03B6809
:10C73800102B09D17B6893F84230DBB2012B14BF70
:10C7480001230023DBB208E07B6893F84330DBB2B7
:10C75800012B14BF01230023DBB2002B01D00123DE
:10C76800A6E03B68002B04D17B68022283F83E20B8
:10C7780023E03B68042B04D17B68022283F83F2026
:10C788001BE03B68082B04D17B68022283F8402019
:10C7980013E03B680C2B04D17B68022283F841200C
:10C7A8000BE03B68102B04D17B68022283F84220FF
:10C7B80003E07B68022283F843207B681B68012220
:10C7C8003968184601F0EDF87B681B683A4A9342CD
:10C7D80018D07B681B68394A934213D07B681B6862
:10C7E800374A93420ED07B681B68364A934209D079
:10C7F8007B681B68344A934204D07B681B68334AC1
:10C80800934201D1012300E00023002B07D07B686D
:10C818001B685A6C7B681B6842F400425A647B6848
:10C828001B68254A934222D07B681B68B3F1804F6E
:10C838001DD07B681B68264A934218D07B681B680A
:10C84800244A934213D07B681B68234A93420ED034
:10C858007B681B68194A934209D07B681B68184A91
:10C86800934204D07B681B68184A934215D17B68B1
:10C878001B689A68194B1340FB60FB68062B15D0A0
:10C88800FB68B3F5803F11D07B681B681A687B682A
:10C898001B6842F001021A6008E07B681B681A688E
:10C8A8007B681B6842F001021A6000E000BF0023A9
:10C8B80018461037BD4680BD002C014000340140A9
:10C8C8000040014000440140004801400050014040
:10C8D8000004004000080040000C00400700010070
:10C8E80080B584B000AF78607B681B68DB68FB604C
:10C8F8007B681B681B69BB60BB6803F00203002BE5
:10C9080020D0FB6803F00203002B1BD07B681B6858
:10C918006FF002021A617B6801221A777B681B6834
:10C928009B6903F00303002B03D0786800F05CFBDD
:10C9380005E0786800F04EFB786800F05FFB7B68E4
:10C9480000221A77BB6803F00403002B20D0FB6891
:10C9580003F00403002B1BD07B681B686FF00402F4
:10C968001A617B6802221A777B681B689B6903F44B
:10C978004073002B03D0786800F036FB05E0786838
:10C9880000F028FB786800F039FB7B6800221A77F2
:10C99800BB6803F00803002B20D0FB6803F00803F2
:10C9A800002B1BD07B681B686FF008021A617B683C
:10C9B80004221A777B681B68DB6903F00303002BEA
:10C9C80003D0786800F010FB05E0786800F002FBFF
:10C9D800786800F013FB7B6800221A77BB6803F0C5
:10C9E8001003002B20D0FB6803F01003002B1BD092
:10C9F8007B681B686FF010021A617B6808221A773F
:10CA08007B681B68DB6903F44073002B03D07868EC
:10CA180000F0EAFA05E0786800F0DCFA786800F0DF
:10CA2800EDFA7B6800221A77BB6803F00103002B3C
:10CA38000CD0FB6803F00103002B07D07B681B6850
:10CA48006FF001021A617868F5F750FEBB6803F0D1
:10CA58008003002B04D1BB6803F40053002B0CD0D7
:10CA6800FB6803F08003002B07D07B681B686FF41A
:10CA780002521A61786801F0EDF8BB6803F480731C
:10CA8800002B0CD0FB6803F08003002B07D07B68D9
:10CA98001B686FF480721A61786801F0E5F8BB686A
:10CAA80003F04003002B0CD0FB6803F04003002B7D
:10CAB80007D07B681B686FF040021A61786800F045
:10CAC800A7FABB6803F02003002B0CD0FB6803F027
:10CAD8002003002B07D07B681B686FF020021A61C7
:10CAE800786801F0ADF8BB6803F48013002B0CD014
:10CAF800FB6803F48013002B07D07B681B686FF476
:10CB080080121A61786801F0B9F8BB6803F4001361
:10CB1800002B0CD0FB6803F40013002B07D07B68B4
:10CB28001B686FF400121A61786801F0B1F8BB68ED
:10CB380003F48003002B0CD0FB6803F48003002B64
:10CB480007D07B681B686FF480021A61786801F06F
:10CB5800A9F8BB6803F40003002B0CD0FB6803F4AE
:10CB68000003002B07D07B681B686FF400021A6172
:10CB7800786801F0A1F800BF1037BD4680BD0000FD
:10CB880080B586B000AFF860B9607A600023FB75A5
:10CB9800FB6893F83C30012B01D10223FFE0FB68CE
:10CBA800012283F83C207B68142B00F2F08001A25C
:10CBB80052F823F011CC000897CD000897CD000853
:10CBC80097CD000851CC000897CD000897CD0008F4
:10CBD80097CD000893CC000897CD000897CD0008A2
:10CBE80097CD0008D3CC000897CD000897CD000852
:10CBF80097CD000815CD000897CD000897CD0008FF
:10CC080097CD000855CD0008FB681B68B968184621
:10CC180000F0B6FAFB681B689A69FB681B6842F06B
:10CC280008029A61FB681B689A69FB681B6822F016
:10CC380004029A61FB681B689969BB681A69FB68FA
:10CC48001B680A439A61A5E0FB681B68B968184627
:10CC580000F032FBFB681B689A69FB681B6842F4AA
:10CC680000629A61FB681B689A69FB681B6822F47A
:10CC780080629A61FB681B689969BB681B691A0224
:10CC8800FB681B680A439A6184E0FB681B68B96803
:10CC9800184600F0A7FBFB681B68DA69FB681B688D
:10CCA80042F00802DA61FB681B68DA69FB681B68F6
:10CCB80022F00402DA61FB681B68D969BB681A694B
:10CCC800FB681B680A43DA6164E0FB681B68B968A3
:10CCD800184600F01BFCFB681B68DA69FB681B68D8
:10CCE80042F40062DA61FB681B68DA69FB681B685A
:10CCF80022F48062DA61FB681B68D969BB681B692A
:10CD08001A02FB681B680A43DA6143E0FB681B6888
:10CD1800B968184600F090FCFB681B681A6DFB6840
:10CD28001B6842F008021A65FB681B681A6DFB68ED
:10CD38001B6822F004021A65FB681B68196DBB6842
:10CD48001A69FB681B680A431A6523E0FB681B68BD
:10CD5800B968184600F0DAFCFB681B681A6DFB68B6
:10CD68001B6842F400621A65FB681B681A6DFB6851
:10CD78001B6822F480621A65FB681B68196DBB6822
:10CD88001B691A02FB681B680A431A6502E0012343
:10CD9800FB7500BFFB68002283F83C20FB7D18462A
:10CDA8001837BD4680BD00BF80B584B000AF78603D
:10CDB80039600023FB737B6893F83C30012B01D169
:10CDC8000223F6E07B68012283F83C207B6802227C
:10CDD80083F83D207B681B689B68BB60BB6823F4B5
:10CDE800441323F07703BB60BB6823F47F43BB6025
:10CDF8007B681B68BA689A603B681B686F4A9342F5
:10CE080000F0C1806D4A934200F2C6806C4A93429A
:10CE180000F0B9806A4A934200F2BE80694A9342A0
:10CE280000F0B180674A934200F2B680664A9342A6
:10CE380000F0A980644A934200F2AE80634A9342AC
:10CE480000F0A180614A934200F2A680604A9342B2
:10CE580000F099805E4A934200F29E80B3F1101F61
:10CE680000F09180B3F1101F00F29680B3F5801F97
:10CE780000F08980B3F5801F00F28E80B3F5005F63
:10CE88003ED0B3F5005F00F28780B3F5805F00F015
:10CE98008680B3F5805F7FD8702B1AD0702B7BD833
:10CEA800602B50D0602B77D8502B3CD0502B73D8A8
:10CEB800402B58D0402B6FD8302B64D0302B6BD8F8
:10CEC800202B60D0202B67D8002B5CD0102B5AD099
:10CED80062E07B6818683B6899683B685A683B68F9
:10CEE800DB6800F03EFD7B681B689B68BB60BB6825
:10CEF80043F07703BB607B681B68BA689A604FE0B1
:10CF08007B6818683B6899683B685A683B68DB68C7
:10CF180000F027FD7B681B689A687B681B6842F4F1
:10CF280080429A603CE07B6818683B6859683B68B7
:10CF3800DB681A4600F056FC7B681B6850211846CF
:10CF480000F0F2FC2CE07B6818683B6859683B6885
:10CF5800DB681A4600F0A0FC7B681B686021184655
:10CF680000F0E2FC1CE07B6818683B6859683B6885
:10CF7800DB681A4600F036FC7B681B6840211846BF
:10CF880000F0D2FC0CE07B681A683B681B68194605
:10CF9800104600F0C9FC03E00123FB7300E000BF6A
:10CFA8007B68012283F83D207B68002283F83C20BF
:10CFB800FB7B18461037BD4680BD00BF70001000CF
:10CFC80060001000500010004000100030001000F9
:10CFD8002000100080B483B000AF786000BF0C3729
:10CFE800BD465DF8047B704780B483B000AF7860BD
:10CFF80000BF0C37BD465DF8047B704780B483B032
:10D0080000AF786000BF0C37BD465DF8047B704701
:10D0180080B483B000AF786000BF0C37BD465DF8C0
:10D02800047B704780B485B000AF786039607B6856
:10D038001B68FB607B68494A934217D07B68B3F151
:10D04800804F13D07B68464A93420FD07B68454A8D
:10D0580093420BD07B68444A934207D07B68434A8B
:10D06800934203D07B68424A934208D1FB6823F07D
:10D078007003FB603B685B68FA681343FB607B687E
:10D08800364A934223D07B68B3F1804F1FD07B6828
:10D09800334A93421BD07B68324A934217D07B684D
:10D0A800314A934213D07B68304A93420FD07B6851
:10D0B800304A93420BD07B682F4A934207D07B6853
:10D0C8002E4A934203D07B68294A934208D1FB68D1
:10D0D80023F44073FB603B68DB68FA681343FB602A
:10D0E800FB6823F080023B685B691343FB603B6885
:10D0F8009A687B68DA623B681A687B689A627B6820
:10D10800164A934213D07B68184A93420FD07B6823
:10D11800184A93420BD07B68174A934207D07B6822
:10D12800164A934203D07B68114A934203D13B6865
:10D138001A697B681A637B681B6843F004027B6882
:10D148001A607B6801225A617B68FA681A6000BF1E
:10D158001437BD465DF8047B704700BF002C0140C2
:10D168000004004000080040000C0040003401406A
:10D178000050014000400140004401400048014087
:10D1880080B487B000AF786039607B681B6A7B61C8
:10D198007B681B6A23F001027B681A627B685B6804
:10D1A8003B617B689B69FB60FB6823F4803323F059
:10D1B8007003FB60FB6823F00303FB603B681B689C
:10D1C800FA681343FB607B6923F002037B613B68C9
:10D1D8009B687A6913437B617B68314A934213D019
:10D1E8007B68304A93420FD07B682F4A93420BD01A
:10D1F8007B682E4A934207D07B682D4A934203D01E
:10D208007B682C4A93420ED17B681B6A23F0040288
:10D218007B681A627B6923F008037B613B68DB68E3
:10D228007A6913437B617B681D4A934213D07B68FC
:10D238001C4A93420FD07B681B4A93420BD07B68F1
:10D248001A4A934207D07B68194A934203D07B68F5
:10D25800184A934211D13B6923F480733B613B69BF
:10D2680023F400733B613B685B693A6913433B6194
:10D278003B689B693A6913433B617B683A695A602A
:10D288007B68FA689A613B685A687B685A637B686E
:10D298007A691A6200BF1C37BD465DF8047B704787
:10D2A800002C01400034014000400140004401408E
:10D2B800004801400050014080B487B000AF78605A
:10D2C80039607B681B6A7B617B681B6A23F01002EC
:10D2D8007B681A627B685B683B617B689B69FB6063
:10D2E800FB6823F0807323F4E043FB60FB6823F4BE
:10D2F8004073FB603B681B681B02FA681343FB60C2
:10D308007B6923F020037B613B689B681B017A697A
:10D3180013437B617B682D4A934207D07B682C4A74
:10D32800934203D07B682B4A93420FD17B681B6AD8
:10D3380023F040027B681A627B6923F080037B61DB
:10D348003B68DB681B017A6913437B617B681F4A72
:10D35800934213D07B681E4A93420FD07B681E4AC3
:10D3680093420BD07B681D4A934207D07B681C4AC6
:10D37800934203D07B68174A934213D13B6923F445
:10D3880080633B613B6923F400633B613B685B69F5
:10D398009B003A6913433B613B689B699B003A6970
:10D3A80013433B617B683A695A607B68FA689A6103
:10D3B8003B685A687B689A637B687A691A6200BF1F
:10D3C8001C37BD465DF8047B704700BF002C014048
:10D3D8000034014000500140004001400044014039
:10D3E8000048014080B487B000AF786039607B683E
:10D3F8001B6A7B617B681B6A23F480727B681A62F4
:10D408007B685B683B617B68DB69FB60FB6823F4D6
:10D41800803323F07003FB60FB6823F00303FB6099
:10D428003B681B68FA681343FB607B6923F400734D
:10D438007B613B689B681B027A6913437B617B684D
:10D448002C4A934207D07B682B4A934203D07B68CF
:10D458002A4A93420FD17B681B6A23F480627B6857
:10D468001A627B6923F400637B613B68DB681B02FB
:10D478007A6913437B617B681E4A934213D07B68A9
:10D488001D4A93420FD07B681D4A93420BD07B689C
:10D498001C4A934207D07B681B4A934203D07B689F
:10D4A800164A934213D13B6923F480533B613B698D
:10D4B80023F400533B613B685B691B013A691343E2
:10D4C8003B613B689B691B013A6913433B617B687D
:10D4D8003A695A607B68FA68DA613B685A687B681F
:10D4E800DA637B687A691A6200BF1C37BD465DF84B
:10D4F800047B7047002C014000340140005001407B
:10D5080000400140004401400048014080B487B019
:10D5180000AF786039607B681B6A7B617B681B6A37
:10D5280023F480527B681A627B685B683B617B6886
:10D53800DB69FB60FB6823F0807323F4E043FB6046
:10D54800FB6823F44073FB603B681B681B02FA68A6
:10D558001343FB607B6923F400537B613B689B6842
:10D568001B037A6913437B617B682D4A934207D07A
:10D578007B682C4A934203D07B682B4A93420FD195
:10D588007B681B6A23F480427B681A627B6923F4F8
:10D5980000437B613B68DB681B037A6913437B614B
:10D5A8007B681F4A934213D07B681E4A93420FD070
:10D5B8007B681E4A93420BD07B681D4A934207D072
:10D5C8007B681C4A934203D07B68174A934213D165
:10D5D8003B6923F480433B613B6923F400433B618F
:10D5E8003B685B699B013A6913433B613B689B69F4
:10D5F8009B013A6913433B617B683A695A607B68CF
:10D60800FA68DA613B685A687B681A647B687A69E9
:10D618001A6200BF1C37BD465DF8047B704700BF27
:10D62800002C0140003401400050014000400140FE
:10D63800004401400048014080B487B000AF7860E2
:10D6480039607B681B6A3B617B681B6A23F4803204
:10D658007B681A627B685B687B617B681B6DFB601B
:10D66800FB6823F4803323F07003FB603B681B687E
:10D67800FA681343FB603B6923F400333B613B6862
:10D688009B681B043A6913433B617B68194A9342C0
:10D6980013D07B68184A93420FD07B68174A93428D
:10D6A8000BD07B68164A934207D07B68154A934291
:10D6B80003D07B68144A934209D17B6923F48033F1
:10D6C8007B613B685B691B027A6913437B617B68FA
:10D6D8007A695A607B68FA681A653B685A687B6899
:10D6E8009A647B683A691A6200BF1C37BD465DF8C8
:10D6F800047B7047002C0140003401400040014089
:10D7080000440140004801400050014080B487B007
:10D7180000AF786039607B681B6A3B617B681B6A75
:10D7280023F480127B681A627B685B687B617B6884
:10D738001B6DFB60FB6823F0807323F4E043FB6000
:10D748003B681B681B02FA681343FB603B6923F4C0
:10D7580000133B613B689B681B053A6913433B61B7
:10D768007B681A4A934213D07B68194A93420FD0B8
:10D778007B68184A93420BD07B68174A934207D0BC
:10D788007B68164A934203D07B68154A934209D1B5
:10D798007B6923F480237B613B685B699B027A6920
:10D7A80013437B617B687A695A607B68FA681A65FB
:10D7B8003B685A687B68DA647B683A691A6200BF1A
:10D7C8001C37BD465DF8047B704700BF002C014044
:10D7D800003401400040014000440140004801403D
:10D7E8000050014080B487B000AFF860B9607A603B
:10D7F800FB681B6A7B61FB681B6A23F00102FB68FC
:10D808001A62FB681E4A934213D0FB681D4A934272
:10D818000FD0FB681C4A93420BD0FB681B4A93420B
:10D8280007D0FB681A4A934203D0FB68194A93420F
:10D8380005D1FB681B6A23F00402FB681A62FB68C7
:10D848009B693B613B6923F0F0033B617B681B01EB
:10D858003A6913433B617B6923F00A037B617A6968
:10D86800BB6813437B61FB683A699A61FB687A6914
:10D878001A6200BF1C37BD465DF8047B704700BFC5
:10D88800002C0140003401400040014000440140A8
:10D89800004801400050014080B487B000AFF860F4
:10D8A800B9607A60FB681B6A7B61FB681B6A23F0BE
:10D8B8001002FB681A62FB68184A934207D0FB689B
:10D8C800174A934203D0FB68164A934205D1FB6876
:10D8D8001B6A23F04002FB681A62FB689B693B6184
:10D8E8003B6923F470433B617B681B033A6913432C
:10D8F8003B617B6923F0A0037B61BB681B017A69EC
:10D9080013437B61FB683A699A61FB687A691A621A
:10D9180000BF1C37BD465DF8047B7047002C0140F2
:10D92800003401400050014080B485B000AF7860F9
:10D9380039607B689B68FB60FB6823F4401323F025
:10D948007003FB603A68FB68134343F00703FB600E
:10D958007B68FA689A6000BF1437BD465DF8047B9F
:10D96800704780B487B000AFF860B9607A603B60F8
:10D97800FB689B687B617B6923F47F437B613B6821
:10D988001A027B681A43BB6813437A6913437B61A5
:10D99800FB687A699A6000BF1C37BD465DF8047B56
:10D9A800704780B487B000AFF860B9607A60BB6830
:10D9B80003F01F03012202FA03F37B61FB681A6A72
:10D9C8007B69DB431A40FB681A62FB681A6ABB680A
:10D9D80003F01F03796801FA03F31A43FB681A621C
:10D9E80000BF1C37BD465DF8047B704780B485B026
:10D9F80000AF786039607B6893F83C30012B01D127
:10DA0800022374E07B68012283F83C207B680222B1
:10DA180083F83D207B681B685B68FB607B681B683C
:10DA28009B68BB607B681B68344A934209D07B685B
:10DA38001B68334A934204D07B681B68314A93427F
:10DA480008D1FB6823F47003FB603B685B68FA68E5
:10DA58001343FB60FB6823F0007323F07003FB6043
:10DA68003B681B68FA681343FB607B681B68FA68AD
:10DA78005A607B681B68214A934222D07B681B68E6
:10DA8800B3F1804F1DD07B681B681F4A934218D0A2
:10DA98007B681B681D4A934213D07B681B681C4A2D
:10DAA80093420ED07B681B68154A934209D07B6865
:10DAB8001B68184A934204D07B681B68114A93423A
:10DAC8000CD1BB6823F08003BB603B689B68BA68D5
:10DAD8001343BB607B681B68BA689A607B68012245
:10DAE80083F83D207B68002283F83C2000231846F9
:10DAF8001437BD465DF8047B704700BF002C014019
:10DB0800003401400050014000040040000800407B
:10DB1800000C00400040014080B485B000AF786040
:10DB280039600023FB607B6893F83C30012B01D1FE
:10DB3800022378E07B68012283F83C20FB6823F00D
:10DB4800FF023B68DB681343FB60FB6823F4407209
:10DB58003B689B681343FB60FB6823F480623B6867
:10DB68005B681343FB60FB6823F400623B681B6837
:10DB78001343FB60FB6823F480523B681B69134323
:10DB8800FB60FB6823F400523B685B691343FB604E
:10DB9800FB6823F480423B681B6B1343FB60FB6804
:10DBA80023F470223B689B691B041343FB60FB68EA
:10DBB80023F080523B68DB691343FB607B681B687A
:10DBC8001C4A934209D07B681B681B4A934204D0C5
:10DBD8007B681B68194A93421CD1FB6823F47002C6
:10DBE8003B689B6A1B051343FB60FB6823F080724C
:10DBF8003B681B6A1343FB60FB6823F000723B68B9
:10DC08005B6A1343FB60FB6823F000523B68DB6AE6
:10DC18001343FB607B681B68FA685A647B680022C0
:10DC280083F83C20002318461437BD465DF8047B72
:10DC3800704700BF002C01400034014000500140F3
:10DC480080B483B000AF786000BF0C37BD465DF884
:10DC5800047B704780B483B000AF786000BF0C3796
:10DC6800BD465DF8047B704780B483B000AF786030
:10DC780000BF0C37BD465DF8047B704780B483B0A5
:10DC880000AF786000BF0C37BD465DF8047B704775
:10DC980080B483B000AF786000BF0C37BD465DF834
:10DCA800047B704780B483B000AF786000BF0C3746
:10DCB800BD465DF8047B704780B483B000AF7860E0
:10DCC80000BF0C37BD465DF8047B7047F8B500BF50
:10DCD800F8BC08BC9E467047F8B500BFF8BC08BC45
:04DCE8009E4670479D
:10DCF0004C574A3636362068617320696E69746500
:10DD000064210A006572726F72210A003D3D3D3D3B
:10DD10003D3D3D3D3D3D3D3D3D3D3D3D2043414E35
:10DD200020436F6E74726F6C20436D64203D3D3DE7
:10DD30003D3D3D3D3D3D3D3D3D3D3D3D3D0A0000C0
:10DD400043414E2049443A202020202020202020FA
:10DD5000307825580A0000005461726765742050BD
:10DD60006F736974696F6E3A20252B2E33662028F5
:10DD700072616E67653A20252E3166207E20252E41
:10DD80003166290A000000005461726765742056EC
:10DD9000656C6F636974793A20252B2E33662028D1
:10DDA00072616E67653A20252E3166207E20252E11
:10DDB0003166290A000000004B503A202020202024
:10DDC000202020202020202020252B2E33662028D4
:10DDD00072616E67653A20252E3166207E20252EE1
:10DDE0003166290A000000004B443A202020202000
:10DDF000202020202020202020252B2E33662028A4
:10DE000072616E67653A20252E3166207E20252EB0
:10DE10003166290A0000000054617267657420545D
:10DE20006F727175653A202020252B2E33662028CD
:10DE300072616E67653A20252E3166207E20252E80
:10DE40003166290A000000003D3D3D3D3D3D3D3D20
:10DE50003D3D3D3D3D3D3D3D3D3D3D3D3D3D3D3DF2
:10DE60003D3D3D3D3D3D3D3D3D3D3D3D3D3D3D3DE2
:10DE70003D3D3D3D3D3D3D3D3D3D0A0A000000002C
:10DE80005465726D696E616C00000000284E554C3F
:10DE90004C2900000000000000000080000000008D
:10DEA00000000000000000000000000000000080F2
:10DEB00030313233343536373839414243444546C0
:10DEC000000000000000545452205245474745537B
:10DED00000000000303132333435363738394142B2
:10DEE0004344454600000000920E493CB10AC93C3B
:10DEF0002BC3163D2EFB483D752B7B3D04A9963D5B
:10DF000080B6AF3D36BDC83D2FBCE13D73B2FA3D92
:10DF100087CF093E8340163EB5AB223EA2102F3E6E
:10DF2000CF6E3B3EC2C5473E0115543E135C603E7A
:10DF30007F9A6C3ECCCF783EC07D823E938E883EE9
:10DF4000229A8E3E32A0943E86A09A3EE59AA03E4A
:10DF5000128FA63ED47CAC3EEF63B23E2A44B83E5C
:10DF6000491DBE3E15EFC33E53B9C93ECA7BCF3EE5
:10DF70004136D53E80E8DA3E4F92E03E7533E63ECC
:10DF8000BBCBEB3EEA5AF13ECBE0F63E275DFC3ED2
:10DF9000E4E7003F3D9C033F824B063F9BF5083F73
:10DFA0006B9A0B3FDA390E3FCDD3103F2A68133FEF
:10DFB000D9F6153FC07F183FC6021B3FD17F1D3FDA
:10DFC000CBF61F3F9967223F25D2243F5636273F85
:10DFD0001594293F4AEB2B3FDE3B2E3FBB85303F5C
:10DFE000C9C8323FF304353F233A373F4268393FCF
:10DFF0003B8F3B3FF9AE3D3F67C73F3F70D8413F46
:10E0000001E2433F03E4453F65DE473F12D1493F0C
:10E01000F8BB4B3F029F4D3F207A4F3F3D4D513F54
:10E020004918533F31DB543FE595563F5348583F1D
:10E030006AF2593F1A945B3F532D5D3F05BE5E3F28
:10E040002146603F97C5613F5A3C633F59AA643FF0
:10E05000880F663FD86B673F3CBF683FA7096A3FA0
:10E060000C4B6B3F5E836C3F93B26D3F9ED86E3F0F
:10E0700073F56F3F0809713F5213723F4714733FA6
:10E08000DD0B743F0BFA743FC6DE753F07BA763F6F
:10E09000C58B773FF853783F9812793F9DC7793FFA
:10E0A00002737A3FBE147B3FCDAC7B3F283B7C3F65
:10E0B000C9BF7C3FAC3A7D3FCCAB7D3F23137E3F55
:10E0C000B0707E3F6DC47E3F580E7F3F6D4E7F3FE8
:10E0D000AB847F3F0FB17F3F97D37F3F43EC7F3FC0
:10E0E00011FB7F3F0000803F11FB7F3F43EC7F3FF0
:10E0F00097D37F3F0FB17F3FAB847F3F6D4E7F3F14
:10E10000580E7F3F6DC47E3FB0707E3F23137E3F2D
:10E11000CCAB7D3FAC3A7D3FC9BF7C3F283B7C3FC9
:10E12000CDAC7B3FBE147B3F02737A3F9DC7793FE6
:10E130009812793FF853783FC58B773F07BA763FFF
:10E14000C6DE753F0BFA743FDD0B743F4714733F17
:10E150005213723F0809713F73F56F3F9ED86E3FAF
:10E1600093B26D3F5E836C3F0C4B6B3FA7096A3FD8
:10E170003CBF683FD86B673F880F663F59AA643F32
:10E180005A3C633F97C5613F2146603F05BE5E3FF5
:10E19000532D5D3F1A945B3F6AF2593F5348583FF5
:10E1A000E595563F31DB543F4918533F3D4D513FB4
:10E1B000207A4F3F029F4D3FF8BB4B3F12D1493F62
:10E1C00065DE473F03E4453F01E2433F70D8413FEE
:10E1D00067C73F3FF9AE3D3F3B8F3B3F4268393F0A
:10E1E000233A373FF304353FC9C8323FBB85303F40
:10E1F000DE3B2E3F4AEB2B3F1594293F5636273FF7
:10E2000025D2243F9967223FCBF61F3FD17F1D3F88
:10E21000C6021B3FC07F183FD9F6153F2A68133F3F
:10E22000CDD3103FDA390E3F6B9A0B3F9BF5083F79
:10E23000824B063F3D9C033FE4E7003F275DFC3EE9
:10E24000CBE0F63EEA5AF13EBBCBEB3E7533E63E01
:10E250004F92E03E80E8DA3E4136D53ECA7BCF3E63
:10E2600053B9C93E15EFC33E491DBE3E2A44B83ED0
:10E27000EF63B23ED47CAC3E128FA63EE59AA03E40
:10E2800086A09A3E32A0943E229A8E3E938E883E7D
:10E29000C07D823ECCCF783E7F9A6C3E135C603E60
:10E2A0000115543EC2C5473ECF6E3B3EA2102F3EE5
:10E2B000B5AB223E8340163E87CF093E73B2FA3D8E
:10E2C0002FBCE13D36BDC83D80B6AF3D04A9963DAB
:10E2D000752B7B3D2EFB483D2BC3163DB10AC93C37
:10E2E000920E493C00000000920E49BCB10AC9BC24
:10E2F0002BC316BD2EFB48BD752B7BBD04A996BD57
:10E3000080B6AFBD36BDC8BD2FBCE1BD73B2FABD8E
:10E3100087CF09BE834016BEB5AB22BEA2102FBE6A
:10E32000CF6E3BBEC2C547BE011554BE135C60BE76
:10E330007F9A6CBECCCF78BEC07D82BE938E88BEE5
:10E34000229A8EBE32A094BE86A09ABEE59AA0BE46
:10E35000128FA6BED47CACBEEF63B2BE2A44B8BE58
:10E36000491DBEBE15EFC3BE53B9C9BECA7BCFBEE1
:10E370004136D5BE80E8DABE4F92E0BE7533E6BEC8
:10E38000BBCBEBBEEA5AF1BECBE0F6BE275DFCBECE
:10E39000E4E700BF3D9C03BF824B06BF9BF508BF6F
:10E3A0006B9A0BBFDA390EBFCDD310BF2A6813BFEB
:10E3B000D9F615BFC07F18BFC6021BBFD17F1DBFD6
:10E3C000CBF61FBF996722BF25D224BF563627BF81
:10E3D000159429BF4AEB2BBFDE3B2EBFBB8530BF58
:10E3E000C9C832BFF30435BF233A37BF426839BFCB
:10E3F0003B8F3BBFF9AE3DBF67C73FBF70D841BF42
:10E4000001E243BF03E445BF65DE47BF12D149BF08
:10E41000F8BB4BBF029F4DBF207A4FBF3D4D51BF50
:10E42000491853BF31DB54BFE59556BF534858BF19
:10E430006AF259BF1A945BBF532D5DBF05BE5EBF24
:10E44000214660BF97C561BF5A3C63BF59AA64BFEC
:10E45000880F66BFD86B67BF3CBF68BFA7096ABF9C
:10E460000C4B6BBF5E836CBF93B26DBF9ED86EBF0B
:10E4700073F56FBF080971BF521372BF471473BFA2
:10E48000DD0B74BF0BFA74BFC6DE75BF07BA76BF6B
:10E49000C58B77BFF85378BF981279BF9DC779BFF6
:10E4A00002737ABFBE147BBFCDAC7BBF283B7CBF61
:10E4B000C9BF7CBFAC3A7DBFCCAB7DBF23137EBF51
:10E4C000B0707EBF6DC47EBF580E7FBF6D4E7FBFE4
:10E4D000AB847FBF0FB17FBF97D37FBF43EC7FBFBC
:10E4E00011FB7FBF000080BF11FB7FBF43EC7FBFEC
:10E4F00097D37FBF0FB17FBFAB847FBF6D4E7FBF10
:10E50000580E7FBF6DC47EBFB0707EBF23137EBF29
:10E51000CCAB7DBFAC3A7DBFC9BF7CBF283B7CBFC5
:10E52000CDAC7BBFBE147BBF02737ABF9DC779BFE2
:10E53000981279BFF85378BFC58B77BF07BA76BFFB
:10E54000C6DE75BF0BFA74BFDD0B74BF471473BF13
:10E55000521372BF080971BF73F56FBF9ED86EBFAB
:10E5600093B26DBF5E836CBF0C4B6BBFA7096ABFD4
:10E570003CBF68BFD86B67BF880F66BF59AA64BF2E
:10E580005A3C63BF97C561BF214660BF05BE5EBFF1
:10E59000532D5DBF1A945BBF6AF259BF534858BFF1
:10E5A000E59556BF31DB54BF491853BF3D4D51BFB0
:10E5B000207A4FBF029F4DBFF8BB4BBF12D149BF5E
:10E5C00065DE47BF03E445BF01E243BF70D841BFEA
:10E5D00067C73FBFF9AE3DBF3B8F3BBF426839BF06
:10E5E000233A37BFF30435BFC9C832BFBB8530BF3C
:10E5F000DE3B2EBF4AEB2BBF159429BF563627BFF3
:10E6000025D224BF996722BFCBF61FBFD17F1DBF84
:10E61000C6021BBFC07F18BFD9F615BF2A6813BF3B
:10E62000CDD310BFDA390EBF6B9A0BBF9BF508BF75
:10E63000824B06BF3D9C03BFE4E700BF275DFCBEE5
:10E64000CBE0F6BEEA5AF1BEBBCBEBBE7533E6BEFD
:10E650004F92E0BE80E8DABE4136D5BECA7BCFBE5F
:10E6600053B9C9BE15EFC3BE491DBEBE2A44B8BECC
:10E67000EF63B2BED47CACBE128FA6BEE59AA0BE3C
:10E6800086A09ABE32A094BE229A8EBE938E88BE79
:10E69000C07D82BECCCF78BE7F9A6CBE135C60BE5C
:10E6A000011554BEC2C547BECF6E3BBEA2102FBEE1
:10E6B000B5AB22BE834016BE87CF09BE73B2FABD8A
:10E6C0002FBCE1BD36BDC8BD80B6AFBD04A996BDA7
:10E6D000752B7BBD2EFB48BD2BC316BDB10AC9BC33
:10E6E000920E49BC00000080000000000000000005
:10E6F00001020304060708090001020304050607D6
:08E70000080C10141820304031
:08E70800042BFF7F010000005B
:04E7100041020008BA
:04E7140019020008DE
:10E718000400002000000000B40100201C020020BA
:10E72800840200200000000000000000000000003B
:10E7380000000000000000000000000000000000D1
:10E7480000000000000000000000000000000000C1
:10E7580000000000000000000000000000000000B1
:10E7680000070E091C1B1215383F363124232A2DA9
:10E7780070777E796C6B6265484F464154535A5D99
:10E78800E0E7EEE9FCFBF2F5D8DFD6D1C4C3CACD89
:10E7980090979E998C8B8285A8AFA6A1B4B3BABD79
:10E7A800C7C0C9CEDBDCD5D2FFF8F1F6E3E4EDEA69
:10E7B800B7B0B9BEABACA5A28F88818693949D9A59
:10E7C8002720292E3B3C35321F18111603040D0A49
:10E7D8005750595E4B4C45426F68616673747D7A39
:10E7E800898E878095929B9CB1B6BFB8ADAAA3A429
:10E7F800F9FEF7F0E5E2EBECC1C6CFC8DDDAD3D419
:10E80800696E676075727B7C51565F584D4A434408
:10E81800191E171005020B0C21262F283D3A3334F8
:10E828004E49404752555C5B7671787F6A6D6463E8
:10E838003E39303722252C2B0601080F1A1D1413D8
:10E84800AEA9A0A7B2B5BCBB9691989F8A8D8483C8
:10E85800DED9D0D7C2C5CCCBE6E1E8EFFAFDF4F3B8
:10E86800010302010F0202020F0F030F0F03010041
:10E878000024F40010000000010000000000000067
:10E88800000000000000000000000000010000007F
:0CE8980000000000000000000000000074
:04000005080028B116
:00000001FF
