:020000040800F2
:1000000000000220BD2300085121000859210008EA
:100010005B2100085D2100085F210008000000004E
:100020000000000000000000000000006121000846
:100030006321000800000000652100086721000816
:100040000D2400080D2400080D2400080D240008CC
:100050000D2400080D2400080D2400080D240008BC
:100060000D2400080D2400080D2400080D240008AC
:100070000D2400080D2400080D2400080D2400089C
:100080000D2400080D2400086D2100080D2400082F
:100090000D240008D52100080D2400080D240008B7
:1000A0000D240008E12100080D2400080D2400089B
:1000B0000D2400080D2400080D2400080D2400085C
:1000C0000D2400080D2400080D2400080D2400084C
:1000D0000D2400080D2400080D2400080D2400083C
:1000E0000D2400080D2400080D2400080D2400082C
:1000F0000D2400080D2400080D2400080D2400081C
:100100000D2400080D2400080D2400080D2400080B
:100110000D2400080D2400080D2400080D240008FB
:100120000D2400080D2400080D2400080D240008EB
:100130000D2400080D2400080D2400080D240008DB
:100140000D2400080D2400080D2400080D240008CB
:100150000D2400080D2400080D2400080D240008BB
:100160000D2400080D2400080D2400080D240008AB
:100170000D2400080D2400080D2400080D2400089B
:100180000D2400080D2400080D2400080D2400088B
:100190000D240008000000000D2400080D240008B4
:1001A0000D2400080D2400080D2400080D2400086B
:1001B0000D2400080D2400080D2400080D2400085B
:1001C0000D2400080D2400080D2400080D2400084B
:0801D0000D2400080D240008B5
:1001D8000348044B834202D0034B03B118477047CE
:1001E8008C0000208C000020000000000548064B11
:1001F8001B1AD90F01EBA301491002D0034B03B11D
:10020800184770478C0000208C0000200000000078
:1002180010B5064C237843B9FFF7DAFF044B13B146
:100228000448AFF300800123237010BD9000002024
:1002380000000000FC81000808B5044B1BB104490C
:100248000448AFF30080BDE80840CFE70000000095
:1002580094000020FC81000808B52DED028BF0EE1B
:10026800408AB0EE608A00F051F8F4EE488AF1EE68
:1002780010FA06D6DFED098AB4EE688AF1EE10FAB4
:1002880002D0BDEC028B08BD01F0F4F988EEA80A93
:10029800BDEC028B2123036008BD00BF00000000F5
:1002A800F8B52DED028B57EC106B55EC114B00F0A7
:1002B800EFF83046394622462B46B0EE408AF0EE3B
:1002C800608A00F011FF30B9002200232046294639
:1002D80000F0D8FE30B9B0EE480AF0EE680ABDEC7E
:1002E800028BF8BD01F0C6F900220023212101602C
:1002F8001046194600F088FD41EC180BB0EE480A8C
:10030800F0EE680ABDEC028BF8BD00BF70B582B094
:10031800CDED010A019820F000435A1EB2F1FF4FBB
:100328003BD210EE101A21F00044B4F1FF4F34D242
:100338009C4238DB01F0004258D011F0FF4F00F02A
:10034800FF463ED14FEA042C6FF07D054FEA4C0C76
:10035800BCF1000F05F1FF35F8DC002E66D118025C
:100368006FF07D0E40000EF1FF3EFBD515F17E0FBC
:1003780077DA6FF07D00411B04FA01F1A5EB0E0559
:10038800A0EB0E04A340681EA5B9CB1A002B75DBA1
:100398002CD0B3F5000F35DB41E0DDED017A60EEDE
:1003A800277A87EEA70A02B070BD1FD04FEA4C012A
:1003B800013822D3A1EB030CBCF1000FF5DA490098
:1003C800F6E7E51586B3DB15C0F31600ED1AC1F3A1
:1003D8001601A3F17F0E41F4000140F40003681EEA
:1003E800002DE7D1CB1A002B30DB0BD1274B03EBC9
:1003F800527393ED000A02B070BDCB1A48BF0B468A
:100408001BB9F3E75B000EF1FF3EB3F5000FF9DB14
:100418001EF17E0F1BDA6FF07D04A4EB0E0423415E
:10042800134300EE103ABEE77F3D98E7DB15A3F1D2
:100438007F0EC0F316006FF07D0140F40003491BE6
:10044800A5EB0E0004FA01F10138B3E70B46A3F55A
:1004580000030EF17F0E134343EACE5300EE103A29
:10046800A1E76FF07D04C1F31601A5EB0E00A4EB24
:100478000E0441F400010138A3409BE70029B5D0E0
:10048800B1F5000F0B46BDDBC9E700BF18820008B5
:1004980053EC112B2DE9F04123F0004752EA0704F1
:1004A80051EC100B53D0C14C21F00048A0458C46AC
:1004B8004DD85442BE4E144347EAD474B44215464C
:1004C80045D8B8459E46024601F0004449DCC0F2D2
:1004D800BC80854200F2B98000F00581314250D1DC
:1004E800B8F1000F3FD10028034640F35481B149C9
:1004F8005B00002B01F1FF31FADCAD4B0EEA030380
:10050800002B40F0C680002F40F0F480002D2B46D1
:1005180000F3A480A848401A1F2800F3758101F24F
:100528001E4322FA03F308FA00F8A24E43EA08032E
:1005380082404FF0150E06F21E4007FA0EFC25FA0F
:1005480000F005FA0EF5571B40EA0C0E2EE000F0FD
:1005580031FB02460B4600F057FC41EC100BBDE89E
:10056800F08131420DD194494FEAC8235B00002B3A
:1005780001F1FF31C1DD5B00002B01F1FF31F5DC3A
:10058800BBE78B4B4FEA28500EEA0303A0F2FF317A
:10059800002B5DD03F15CCF31303CEF3130EA7F257
:1005A800FF3643F480134EF4801E571B881B411EF0
:1005B80060B926E001381CD4A2EB050C4FEADC73C5
:1005C800013903EB40034FEA4C0219D3AA42A3EBCB
:1005D8000E00EFD30028A2EB050C0ADB50EA0C034F
:1005E800ECD1764BE40F03EBC40393ED000BBDE8AD
:1005F800F081D00F013900EB43034FEA4202E5D204
:10060800571BA3EB0E00AA4238BF00F1FF300028A9
:10061800BCBF1746184650EA070305D1E1E7FB0FB0
:1006280003EB40007F00013EB0F5801FF7DB624B13
:100638009E4242DBA0F5801006F2FF36204340EAD6
:1006480006533A4643EC102B89E741EC100B86E73A
:10065800002F4FD1002D2B4640F3B480554E5B0040
:10066800002B06F1FF36FADC534881424ADBA0EB47
:10067800060ECCF31303BEF11F0F43F480137FF76C
:100688005AAF4F48801B891B05FA00FE0139002527
:100698009CE74948401A4FEA275C1F28ACF2FF360E
:1006A80052DD474BCEF3130E5B1A891B02FA03F394
:1006B8004EF4801E0139002288E7A3EB060CBCF13A
:1006C800140F51DC06F21E4327FA0CF700FA03F365
:1006D80040FA0CFC4CEA040443EA070023460246AD
:1006E80043EC102B3BE7354B03EB147393ED000BF6
:1006F80035E73049304EFB025B00002B06F1FF3630
:10070800FADCB1E7A0EB010CBCF11F0F0FDCA0EB8A
:10071800060E01F21E4322FA03F308FA0CF8BEF1A2
:100728001F0F43EA080302FA0CF2AADC03E7A0EB66
:10073800060C2348BCF11F0FA0EB0103E64602FAA2
:1007480003F31DDC0022F6E601F21E4322FA03F34E
:1007580008FA00F843EA08038240CEF3130E891B17
:100768004EF4801E013931E7BCF11F0F0FDC06F291
:100778001E4327FA0CF700FA03F343EA0700ADE734
:10078800801B891B05FA00FE27D000227EE70C4B50
:100798009B1B1841A2E7064B0EEA03034BB33F1518
:1007A8000449A7F2FF36C30A4205D6E7FFFFEF7FE9
:1007B8000000F07FEDFBFFFF02FCFFFF2082000836
:1007C800E2FBFFFFCCF313034FEAD52E194E43F497
:1007D800801300F113016D05F8E6A3EB0E00002865
:1007E8001EDB3FF4FEAEB0F5801F0F46FFF617AFD5
:1007F80065E7002F7FF47DAF002D0E492B46D8BF4B
:1008080015203FF72BAF8AE60B4B0A4E5B1A02FA0C
:1008180003F34FEAD52E01F212413A466D05D5E6AB
:10082800002B3FF4DEAEB3F5801F18460F46FFF6E7
:10083800F6AE44E7EDFBFFFFE2FBFFFF81F000416E
:1008480002E000BF83F0004330B54FEA41044FEAAD
:10085800430594EA050F08BF90EA020F1FBF54EA48
:10086800000C55EA020C7FEA645C7FEA655C00F0E4
:10087800E2804FEA5454D4EB5555B8BF6D420CDDB5
:100888002C4480EA020281EA030382EA000083EA38
:10089800010180EA020281EA0303362D88BF30BDD8
:1008A80011F0004F4FEA01314FF4801C4CEA11312E
:1008B80002D0404261EB410113F0004F4FEA03338D
:1008C8004CEA133302D0524263EB430394EA050F18
:1008D80000F0A780A4F10104D5F1200E0DDB02FA87
:1008E8000EFC22FA05F2801841F1000103FA0EF21B
:1008F800801843FA05F359410EE0A5F120050EF1E1
:10090800200E012A03FA0EFC28BF4CF0020C43FA11
:1009180005F3C01851EBE37101F0004507D54FF01E
:10092800000EDCF1000C7EEB00006EEB0101B1F56E
:10093800801F1BD3B1F5001F0CD349085FEA3000B4
:100948004FEA3C0C04F101044FEA445212F5800FBF
:1009580080F09A80BCF1004F08BF5FEA500C50F15C
:10096800000041EB045141EA050130BD5FEA4C0C3F
:10097800404141EB0101013C28BFB1F5801FE9D29C
:1009880091F0000F04BF01460020B1FA81F308BFBF
:100998002033A3F10B03B3F120020CDA0C3208DD8B
:1009A80002F1140CC2F10C0201FA0CF021FA02F166
:1009B8000CE002F11402D8BFC2F1200C01FA02F1D6
:1009C80020FA0CFCDCBF41EA0C019040E41AA2BFFB
:1009D80001EB0451294330BD6FEA04041F3C1CDAC3
:1009E8000C340EDC04F11404C4F1200220FA04F0E3
:1009F80001FA02F340EA030021FA04F345EA03018D
:100A080030BDC4F10C04C4F1200220FA02F001FA4E
:100A180004F340EA0300294630BD21FA04F02946D0
:100A280030BD94F0000F83F4801306BF81F4801169
:100A38000134013D4EE77FEA645C18BF7FEA655CDC
:100A480029D094EA050F08BF90EA020F05D054EAAE
:100A5800000C04BF1946104630BD91EA030F1EBFB3
:100A68000021002030BD5FEA545C05D140004941B7
:100A780028BF41F0004130BD14F580043CBF01F5AA
:100A8800801130BD01F0004545F0FE4141F4700190
:100A98004FF0000030BD7FEA645C1ABF194610466B
:100AA8007FEA655C1CBF0B46024650EA013406BF6C
:100AB80052EA033591EA030F41F4002130BD00BF2B
:100AC80090F0000F04BF0021704730B54FF48064E8
:100AD80004F132044FF000054FF0000150E700BF69
:100AE80090F0000F04BF0021704730B54FF48064C8
:100AF80004F1320410F0004548BF40424FF00001B5
:100B08003EE700BF42004FEAE2014FEA31014FEAF7
:100B180002701FBF12F07F4393F07F4F81F0605146
:100B2800704732F07F4208BF704793F07F4F04BF91
:100B380041F40021704730B54FF4607401F000456E
:100B480021F000411CE700BF50EA010208BF7047CE
:100B580030B54FF000050AE050EA010208BF7047BF
:100B680030B511F0004502D5404261EB41014FF428
:100B7800806404F132045FEA915C3FF4D8AE4FF030
:100B880003025FEADC0C18BF03325FEADC0C18BF13
:100B9800033202EBDC02C2F1200300FA03FC20FA64
:100BA80002F001FA03FE40EA0E0021FA02F11444B1
:100BB800BDE600BF70B54FF0FF0C4CF4E06C1CEACA
:100BC80011541DBF1CEA135594EA0C0F95EA0C0F3B
:100BD80000F0DEF82C4481EA030621EA4C5123EAAE
:100BE8004C5350EA013518BF52EA033541F48011DD
:100BF80043F4801338D0A0FB02CE4FF00005E1FB90
:100C080002E506F00042E0FB03E54FF00006E1FBD9
:100C180003569CF0000F18BF4EF0010EA4F1FF041C
:100C2800B6F5007F64F5407404D25FEA4E0E6D415C
:100C380046EB060642EAC62141EA55514FEAC5206D
:100C480040EA5E504FEACE2EB4F1FD0C88BFBCF5E9
:100C5800E06F1ED8BEF1004F08BF5FEA500E50F19A
:100C6800000041EB045170BD06F0004646EA010160
:100C780040EA020081EA0301B4EB5C04C2BFD4EB92
:100C88000C0541EA045170BD41F480114FF0000E8B
:100C9800013C00F3AB8014F1360FDEBF002001F0F9
:100CA800004170BDC4F10004203C35DA0C341BDC73
:100CB80004F11404C4F1200500FA05F320FA04F045
:100CC80001FA05F240EA020001F0004221F0004179
:100CD80010EBD37021FA04F642EB06015EEA430EEC
:100CE80008BF20EAD37070BDC4F10C04C4F120051C
:100CF80000FA04F320FA05F001FA04F240EA0200CF
:100D080001F0004110EBD37041F100015EEA430E9F
:100D180008BF20EAD37070BDC4F1200500FA05F2BF
:100D28004EEA020E20FA04F301FA05F243EA02033E
:100D380021FA04F001F0004121FA04F220EA02004D
:100D480000EBD3705EEA430E08BF20EAD37070BD93
:100D580094F0000F0FD101F00046400041EB010173
:100D680011F4801F08BF013CF7D041EA060195F055
:100D7800000F18BF704703F00046520043EB03030F
:100D880013F4801F08BF013DF7D043EA06037047FC
:100D980094EA0C0F0CEA135518BF95EA0C0F0CD007
:100DA80050EA410618BF52EA4306D1D181EA03014D
:100DB80001F000414FF0000070BD50EA410606BF47
:100DC8001046194652EA430619D094EA0C0F02D18C
:100DD80050EA013613D195EA0C0F05D152EA0336D1
:100DE8001CBF104619460AD181EA030101F00041EF
:100DF80041F0FE4141F470014FF0000070BD41F038
:100E0800FE4141F4780170BD70B54FF0FF0C4CF411
:100E1800E06C1CEA11541DBF1CEA135594EA0C0F30
:100E280095EA0C0F00F0A7F8A4EB050481EA030E7D
:100E380052EA03354FEA013100F088804FEA033364
:100E48004FF0805545EA131343EA12634FEA022232
:100E580045EA111545EA10654FEA00260EF00041F3
:100E68009D4208BF964244F1FD0404F5407402D245
:100E78005B084FEA3202B61A65EB03055B084FEAD6
:100E880032024FF480104FF4002CB6EB020E75EBD3
:100E9800030E22BFB61A754640EA0C005B084FEAFB
:100EA8003202B6EB020E75EB030E22BFB61A754678
:100EB80040EA5C005B084FEA3202B6EB020E75EBC3
:100EC800030E22BFB61A754640EA9C005B084FEA3B
:100ED8003202B6EB020E75EB030E22BFB61A754648
:100EE80040EADC0055EA060E18D04FEA051545EA37
:100EF80016754FEA06164FEAC30343EA52734FEAE0
:100F0800C2025FEA1C1CC0D111F4801F0BD141EA58
:100F180000014FF000004FF0004CB6E711F4801FBD
:100F280004BF01430020B4F1FD0C88BFBCF5E06F9D
:100F38003FF6AFAEB5EB030C04BFB6EB020C5FEAAD
:100F4800500C50F1000041EB045170BD0EF0004E02
:100F58004EEA113114EB5C04C2BFD4EB0C0541EA34
:100F6800045170BD41F480114FF0000E013C90E631
:100F780045EA060E8DE60CEA135594EA0C0F08BFF5
:100F880095EA0C0F3FF43BAF94EA0C0F0AD150EAF4
:100F980001347FF434AF95EA0C0F7FF425AF104687
:100FA80019462CE795EA0C0F06D152EA03353FF4AF
:100FB800FDAE1046194622E750EA410618BF52EA2C
:100FC80043067FF4C5AE50EA41047FF40DAF52EA00
:100FD80043057FF4EBAE12E74FF0FF3C06E000BF9D
:100FE8004FF0010C02E000BF4FF0010C4DF804CDAA
:100FF8004FEA410C7FEA6C5C4FEA430C18BF7FEA6A
:101008006C5C1BD001B050EA410C0CBF52EA430C97
:1010180091EA030F02BF90EA020F0020704710F117
:10102800000F91EA030F58BF994208BF90422CBFA6
:10103800D8176FEAE37040F0010070474FEA410C9F
:101048007FEA6C5C02D150EA013C07D14FEA430CBD
:101058007FEA6C5CD6D152EA033CD3D05DF8040B2E
:10106800704700BF8446104662468C461946634660
:1010780000E000BF01B5FFF7B7FF002848BF10F137
:10108800000F01BD4DF808EDFFF7F4FF0CBF01207C
:1010980000205DF808FB00BF4DF808EDFFF7EAFFF8
:1010A80034BF012000205DF808FB00BF4DF808EDB3
:1010B800FFF7E0FF94BF012000205DF808FB00BFA8
:1010C8004DF808EDFFF7CEFF94BF012000205DF832
:1010D80008FB00BF4DF808EDFFF7C4FF34BF01203F
:1010E80000205DF808FB00BF4FEA410C7FEA6C5C0A
:1010F80002D150EA013C0AD14FEA430C7FEA6C5C0A
:1011080002D152EA033C02D14FF0000070474FF081
:10111800010070474FEA410212F5001215D211D5AD
:101128006FF47873B3EB625212D94FEAC12343F0DC
:10113800004343EA505311F0004F23FA02F018BF5E
:10114800404270474FF00000704750EA013005D127
:1011580011F0004008BF6FF0004070474FF00000EA
:10116800704700BF4FEA4102B2F1E04324BFB3F534
:10117800001CDCF1FE5C0DD901F0004C4FEAC00206
:101188004CEA5070B2F1004F40EB830008BF20F0EA
:101198000100704711F0804F21D113F13872BCBFA4
:1011A80001F00040704741F480114FEA5252C2F1F9
:1011B8001802C2F1200C10FA0CF320FA02F018BF42
:1011C80040F001004FEAC1234FEAD32303FA0CFC95
:1011D80040EA0C0023FA02F34FEA4303CCE77FEA24
:1011E800625307D150EA01331EBF4FF0FE4040F46E
:1011F8004000704701F0004040F0FE4040F400001D
:10120800704700BF844641EA000313F003036DD121
:10121800403A41D351F8043B40F8043B51F8043BB1
:1012280040F8043B51F8043B40F8043B51F8043BB8
:1012380040F8043B51F8043B40F8043B51F8043BA8
:1012480040F8043B51F8043B40F8043B51F8043B98
:1012580040F8043B51F8043B40F8043B51F8043B88
:1012680040F8043B51F8043B40F8043B51F8043B78
:1012780040F8043B51F8043B40F8043B51F8043B68
:1012880040F8043B51F8043B40F8043B51F8043B58
:1012980040F8043B403ABDD2303211D351F8043BF8
:1012A80040F8043B51F8043B40F8043B51F8043B38
:1012B80040F8043B51F8043B40F8043B103AEDD2A7
:1012C8000C3205D351F8043B40F8043B043AF9D2F8
:1012D800043208D0D2071CBF11F8013B00F8013BCB
:1012E80001D30B8803806046704700BF082A13D3D8
:1012F8008B078DD010F003038AD0C3F10403D21AF0
:10130800DB071CBF11F8013B00F8013B80D331F823
:10131800023B20F8023B7BE7043AD9D3013A11F8A3
:10132800013B00F8013BF9D20B7803704B7843700E
:101338008B788370604670478842F0B514D98B1853
:10134800834211D9032A00EB020166D802F1FF3C5F
:101358004AB16FEA0C0C0A469C4413F8011D02F8C6
:10136800011D6345F9D1F0BD032A0FD8034602F1E8
:10137800FF3C002AF7D00CF1010C013B8C4411F81A
:10138800012B03F8012F6145F9D1F0BD41EA0003B3
:101398009B073ED10F2A64D9A2F1100301F1100472
:1013A80023F00F032031A446194400F1100E5CF815
:1013B800105C4EF8105C5CF80C5C4EF80C5C5CF849
:1013C800085C4EF8085C5CF8045C4EF8045C0CF1B0
:1013D800100C8C450EF1100EE9D1E11812F00C0F2B
:1013E800034402F00F0E03F1100338D02EF003056A
:1013F800043D1A1F5E198C465CF8044B42F8044FF2
:10140800B242F9D10431043329442B440EF00302CB
:10141800ADE702F1FF3C0346ADE741EA0304A40748
:101428001F4602D002F1FF3C93E7A2F1040E2EF012
:1014380003068E1B4FEA9E0E8C46644653F8045DE5
:101448004CF8045DB442F8D1CEEB8E7301EB830106
:1014580007EB83073B1F043902F0030276E7724665
:1014680085E703469646C1E770B5104E33680546D2
:101478000C46B3B12146284600F02AF9431C0CD08B
:10148800C41C24F00304A04205D0211A284600F009
:101498001FF9013001D0204670BD4FF0FF342046BF
:1014A80070BD194600F014F93060E3E7AC00002085
:1014B8002DE9F843CD1C25F0030508350C2D38BF60
:1014C8000C25002D064618DBA94216D8DFF8DC806B
:1014D80000F0CCF8D8F80420A2B1144603E0636801
:1014E80022467BB11C4623685B1BF8D40B2B1FD804
:1014F800A242636854D053600CE00C233360002090
:10150800BDE8F88329463046FFF7AEFF431C044682
:1015180019D00560304600F0ABF804F10B00231D2C
:1015280020F00700C21A1CBF1B1AA350BDE8F8839D
:101538006119A242256014BF5160C8F804106351B4
:1015480063684B60E6E7D8F804701FB33C467F68D1
:10155800002FFBD123683946304604EB030900F01D
:10156800B7F8814516D12368ED1A29463046FFF7AA
:101578007BFF01300ED02368D8F804202B44236069
:10158800536883B1A34203D01A465B689C42FBD1DF
:101598000023B0E70C233360304600F069F8AEE76B
:1015A800C8F80430B6E7C8F80470B3E7AC00002008
:1015B800024B01461868FFF77BBF00BF0000002000
:1015C800024B0146186800F095B800BF00000020E3
:1015D800830730B546D08418844604E003F8011B1D
:1015E8009D0704D09C46A4456346F7D130BD013A17
:1015F8000244A2EB0C02032A29D9CCB204EB04243E
:101608000F2A04EB04442FD9A2F1100C2CF00F0C74
:1016180003F11005AC44C3E90044C3E902441033A4
:101628006345F8D112F00C0F02F00F0E18D02EF00F
:10163800030C9C44AEF104051A4642F8044B62457B
:10164800FBD125F0030404330EF003022344002ADF
:10165800CCD0C9B21A4403F8011B9342FBD130BD68
:101668007246F4E70346C6E79646E0E7704700BFD0
:10167800704700BF014B1868704700BF000000208A
:1016880070B50F4B0F4DAB42A3EB050607D0B61054
:10169800002455F8043B01349847A642F9D806F0CF
:1016A800A9FD094D094B5E1BAB424FEAA60606D0C1
:1016B800002455F8043B01349847A642F9D870BD78
:1016C800188D0008188D0008188D00081C8D00085A
:1016D80038B5074D0022044608462A6000F04CFE43
:1016E800431C00D038BD2B68002BFBD0236038BDCD
:1016F800F0010020002950D038B551F8043C0C1FE7
:10170800002BB8BFE4180546FFF7B0FF274A136857
:101718002BB1A3420CD92168601883422CD0636096
:1017280028461460BDE83840FFF7A2BFA3420FD88F
:101738001A465B68002BF9D111685018844217D0FB
:101748002CD3636054602846BDE83840FFF790BF4B
:1017580011685018A04214D020D82168601883421C
:10176800EFD118685B680844C4E900035460EAE7ED
:1017780023680B441360E6E718685B680844206038
:10178800CDE720680144501883421160DBD1D3E9CA
:1017980000040144C2E90014D5E770470C232B600C
:1017A8002846BDE83840FFF763BF00BFB0000020FF
:1017B80008B572B60249002002F0FAFFFAE700BF46
:1017C8003082000810B594B03822002106A8FFF72F
:1017D800FFFE1422002101A8FFF7FAFE002004F002
:1017E80093FE01224FF48033CDE90623032402231C
:1017F800552206A8CDE90D34CDE91023CDE91233E1
:101808000F9303F053FF08B1FFF7D2FF0421CDE98E
:1018180003000F2305900DEB0100CDE9013404F01E
:1018280087F90028F0D104F077FA14B010BD000051
:1018380070B52DED028B03F003FFFFF7C3FF00F037
:101848008DF800F043FA00F005FB00F0C5FB00F04E
:101858002FFB00F03FF900F0B5F900F05FFA02F055
:1018680095FC002002F094FC3048314C314EDFEDFD
:10187800328A02F0B6FB2E4801F046FD2D4801F0F1
:1018880089FF01F04FFF2D4B186002F0CDFA4FF49D
:101898007A7003F0F7FE1E25D4F858224FF6FF732E
:1018A8009A4227D1234801F07FFF204696ED010A8E
:1018B80001F012FCD4F8583294EDB30A5B0007EE3D
:1018C800903AB8EEE78AD4ED927A30EE670A00F0E3
:1018D800E5FDA8EE280A1A4BD4ED910A83ED000A1B
:1018E80000F0F2FDD4F88C3284EDB60A0120984756
:1018F800013DD1D113491448922202F063FB922290
:101908001249114802F0CEFA1149002002F050FFA6
:10191800104B1A68536843F0200353600E4B1A6843
:10192800D36843F00103D360FEE700BF58090020E5
:10193800E0040020C8040020DB0F4940D804002040
:1019480020090020F804002000000408800200207C
:101958003882000864090020AC0B002070B51422FE
:101968008AB00DEB02000021FFF732FE324B3348FC
:10197800DA6C42F00402DA64DA6C02F004020192D2
:10198800019ADA6C42F02002DA64DA6C02F0200282
:101998000292029ADA6C42F00102DA64DA6C02F01E
:1019A80001020392039ADA6C42F00202DA64DB6CF9
:1019B80003F00203049300224FF46041049B04F0F7
:1019C80095FD1F48002241F6C16104F08FFD0022F9
:1019D8004FF400414FF0904004F088FD01250024A9
:1019E8004FF4604305A91548CDE905350326CDE92F
:1019F800074404F0ADFC41F6C14305A9104807941B
:101A0800CDE90535089604F0A3FC4FF4004305A979
:101A18004FF09040CDE90535CDE9074604F098FC34
:101A28004FF40073064805A9CDE90535CDE907440B
:101A380004F08EFC0AB070BD001002400008004897
:101A48000004004810B59CB004461422002102A8E6
:101A5800FFF7BEFD5422002107A8FFF7B9FD236850
:101A6800B3F1A04F31D14FF40043079307A84FF0CB
:101A78000053189304F068F908B1FFF799FE144B66
:101A8800DA6C42F40052DA64DA6C02F40052009222
:101A9800009ADA6C42F00102DA64DB6C03F00103AD
:101AA800019307220024019B0494032302A94FF009
:101AB8009040CDE9022304F04BFC12202246214637
:101AC80004F094FD122004F0C3FD1CB010BD00BF4B
:101AD8000010024010B5002492B03C22214603A811
:101AE800CDE900440294FFF773FD324A4FF0A0435A
:101AF800114613604FF44033C2E90134D460012326
:101B0800146108460422C1E905328C830B6281F80E
:101B1800244081F83840CC6381F8404002F0EEFE62
:101B280008B1FFF745FE23480094694603F0C6FC58
:101B380008B1FFF73DFE20480923CDE903037F22C2
:101B48000023CDE905320422CDE9072303220B92B5
:101B580084244FF480721748ADF8303003A9CDE9DA
:101B68000D428DF832308DF83C3003F045FA08B15B
:101B7800FFF71EFE11490F4840F20F13CDE903137A
:101B880003A903F039FA08B1FFF712FE0C4A094815
:101B980040F2152303A9CDE9032303F02DFA08B178
:101BA800FFF706FE0348FFF74DFF024803F088F9E8
:101BB80012B010BD6409002002003004040060085F
:101BC8000800900C10B5174C174B23601120032107
:101BD800C4E905010521042000234FF44072C4E93B
:101BE80007101C20C4E90132C4E90B010122204678
:101BF800C4E90921C4E90D23E3602282A374E363E5
:101C080004F048FD08B1FFF7D3FD084801F0DEFFF6
:101C180004480022012104F08DFFBDE8104001486E
:101C280004F078BED009002000640040F8010020CC
:101C380030B59DB004461422002102A8FFF7C8FC65
:101C48005422002107A8FFF7C3FC22681D4B9A42C3
:101C580036D14FF48053079307A84FF000731593BC
:101C680004F072F808B1FFF7A3FD174B9A6D42F024
:101C780000729A659A6D02F000720092009ADA6C0E
:101C880042F00102DA64DB6C03F001030193019B6B
:101C980002244FF4C053CDE9023400250323CDE9D3
:101CA800045302A909234FF09040069304F050FB17
:101CB80015202A46214604F099FC152004F0C8FC9A
:101CC8001DB030BD0064004000100240114908B545
:101CD800114B0B604FF482720023C1E901234FF4CA
:101CE80070620120C1E903234FF40072C1E90502C3
:101CF8003822C1E9072308460722C1E90933C1E9A7
:101D08000B234B6305F049F918B1BDE80840FFF70C
:101D18004FBD08BDFC0A002000300140124908B53B
:101D2800124B0B604FF4827200234FF4E060C1E95C
:101D380001230222C1E903024FF0010C4FF40072A3
:101D4800C1E905C21822C1E9072308460722C1E9EB
:101D58000933C1E90B234B6305F01FF918B1BDE83E
:101D68000840FFF725BD08BD340A0020003C0040AC
:101D780010B504468CB01422002107A8FFF728FCF0
:101D880023682F4A93421FD12E4B1A6E42F4805279
:101D98001A661A6E02F480520192019ADA6C42F0C5
:101DA8000102DA64DB6C03F001030293E020029B7A
:101DB8000223CDE9070305230B9307A94FF09040B1
:101DC80004F0C6FA0CB010BD1F4A93421CD11D4B3B
:101DD8009A6D42F480429A659A6D02F480420392A9
:101DE800039ADA6C42F00202DA64DB6C03F0020355
:101DF8000493049B4FF460410223CDE907130523A4
:101E080012480B9307A9DBE7114A9342DAD10D4B2D
:101E18009A6D42F400429A659A6D02F40042059266
:101E2800059ADA6C42F00202DA64DB6C03F0020312
:101E38000693069B38220223CDE907230623DFE712
:101E48000030014000100240003800400004004803
:101E5800003C004008B51448FFF78AFF1249134BAD
:101E68000B604FF4827200234FF4E060C1E9012354
:101E78000222C1E903024FF0010C4FF40072C1E9DC
:101E880005C21022C1E9072308460722C1E9093320
:101E9800C1E90B234B6305F080F818B1BDE8084091
:101EA800FFF786BC08BD00BF980A00200038004034
:101EB80000B5102289B000210DEB0200FFF788FB66
:101EC8001749184A0A6000234FF49672C1E90123A2
:101ED80008464FF6FF72CDE90133C1E903230393A6
:101EE8008B6105F071FE08B1FFF762FC4FF4805377
:101EF8000B48049304A905F093FF08B1FFF758FCB9
:101F080000230748019301A9039306F0CDF808B10F
:101F1800FFF74EFC024805F0EDFC09B05DF804FB44
:101F2800600B00200004004007B50368134A934281
:101F380014D1134B1A6E42F400621A661B6E03F436
:101F480000630093002201211920009B04F04EFB3E
:101F5800192003B05DF804EB04F07ABB094A9342F8
:101F680009D1074B9A6D42F002029A659B6D03F006
:101F780002030193019B03B05DF804FB002C0140B0
:101F8800001002400004004010B5044686B0142238
:101F9800002101A8FFF71CFB22680E4B9A4216D1BC
:101FA80003F5644301A9DA6C42F00102DA64DB6CE0
:101FB80003F001030093009B4FF4E0620223CDE994
:101FC80001234FF090400623059304F0C1F906B0B1
:101FD80010BD00BF002C014030B510229DB0002577
:101FE80000210DEB0200FFF7F3FA1C22294608A88E
:101FF800CDE901550395FFF7EBFA342229460FA8DE
:10200800FFF7E6FA4E4C4F4B2022C4E9003541F267
:102018009A03C4E9022320468023C4E90455A36136
:1020280005F0D2FD08B1FFF7C3FB4FF480534448D5
:10203800049304A905F0F4FE08B1FFF7B9FB404882
:1020480005F0F2FD08B1FFF7B3FB00253C48039506
:1020580001A9CDE9015506F027F808B1FFF7A8FB5B
:10206800602337480E95002208A9CDE90835CDE947
:102078000A55CDE90C5505F04DFE08B1FFF798FB60
:102088002F48042208A905F045FE08B1FFF790FB88
:102098002B48082208A905F03DFE08B1FFF788FB88
:1020A80027480C2208A905F035FE08B1FFF780FB88
:1020B80000234FF40052CDE91423214813934FF025
:1020C80000720FA9CDE90F33CDE91133CDE91633ED
:1020D800CDE91823CDE91A3306F036F808B1FFF731
:1020E80067FB1748FFF750FF154805F003FC08B1D8
:1020F800FFF75EFB1248002105F0D4FF08B1FFF797
:1021080057FB0F48042105F0CDFF08B1FFF750FB3E
:102118000B48082105F0C6FF08B1FFF749FB08483E
:102128000C2105F0BFFF08B1FFF742FB2368044804
:102138004FF47A621A64FFF727FF1DB030BD00BF65
:10214800AC0B0020002C014008B503F0EFFDFEE7C2
:10215800FEE7FEE7FEE7FEE770477047704703F0CB
:102168007FBA000010B51548154C02F0D9FC154887
:102178004FF4006104F0BFF913482368D0F85C12EB
:10218800C3B900F0F3FE20600F4800F03BFD0E4895
:1021980000F0A8F90C4800F04FFA0B4800F08EFA4E
:1021A800094800F0D3FBBDE8104006484FF4006131
:1021B80004F0A1B9026A00F063FDE5E764090020B4
:1021C800F401002000040048E0040020014804F065
:1021D80028BD00BFD0090020014805F0CABB00BFD8
:1021E800AC0B002038B5214B214C224803F12C02BE
:1021F800402104F009FC256E40F211239D4229D0AC
:1022080040F221239D422CD0012D1ED104F134012E
:10221800204601F0FFFA184B9FED182AD3ED0E7AED
:10222800D3EDB80A93EDB60AB7EE007A87EE271A0F
:102238002046D3EDAA7AF0EE421A21EE271A01F0D1
:1022480067FB0F4B0F4A1D609A60BDE8384008488D
:1022580001F032BC0A4B022220461A6001F022FC2F
:10226800F3E7074B03221A60EFE700BF2C020020B8
:10227800F8010020D0090020E00400200000000040
:1022880058090020CDCCCC3D10B5294A0168536AC5
:1022980091422DED028B48D19BB2B3F5FA7F44D21F
:1022A80024484FF4806104F026F9234B1B689BB344
:1022B800224CD4E90401FEF755FFD4EDB70A01EE2C
:1022C800100AB3EE040A04F5487000F068FBD4E97C
:1022D8000401B0EE408AFEF745FFD4EDAA0A01EEEC
:1022E800100AB0EE480A04F5667000F058FBD4E90D
:1022F800040184EDB10AFEF735FFD4EDAB0A9FED7A
:10230800100A01EE100A04F5577000F048FB204649
:1023180084EDB20A00F084FBBDEC028B0548BDE8F1
:1023280010404FF4806104F0E6B8BDEC028B10BD9C
:10233800002C014000040048F4010020E0040020C3
:10234800000000000B4B1A6E42F0010282B01A66C0
:102358001A6E02F001020092009A9A6D42F08052C1
:102368009A659B6D03F080530193019B02B004F0C2
:1023780023B900BF001002400A4A0346106810B58E
:1023880008B9094810600949094C0344091B8B42E4
:1023980006D9FFF76FF90C2303604FF0FF3010BD2B
:1023A8001360FCE7F80B0020281100200000022031
:1023B800000400000D48854602F08EFA0C480D49CD
:1023C8000D4A002302E0D458C4500433C4188C4288
:1023D800F9D30A4A0A4C002301E013600432A242EE
:1023E800FBD3FFF74DF9FFF723FAFEE700000220C1
:1023F800000000208C000020208D00088C000020A8
:1024080024110020FEE7000008B52DED068B71EEC3
:10241800608ADFED207AB0EEE87AB4EEE77AF1EE82
:1024280010FAB0EE40AAB0EE608A2FD4F5EEC08A5A
:10243800F1EE10FA48BFF1EE688A18EE900A48BF2C
:10244800B0EE418AFEF75EFB7AEE487A41EC190B52
:1024580017EE900AFEF756FBB0EE491AF0EE691A2D
:1024680041EC100BFDF71CFF51EC100BFEF77AFE48
:1024780007EE900AF5EEC07AF1EE10FA48BF77EE53
:10248800A87A38EE270ABDEC068B08BD9FED020A34
:10249800F9E700BFBD37863500000000DFED097A97
:1024A800B4EEE70AF1EE10FA05DAB5EEC00AF1EE7D
:1024B80010FA03D4704730EE670AF1E730EE270AC6
:1024C800F3E700BFDB0FC940F0EE607A80EE270A21
:1024D8009FED021ADFED020AFFF796BFDB0F4940B6
:1024E800DB0F49C0D0EDB36A90EDB46ADFED215A35
:1024F80076EEC67A00F58863B0EEE75AB4EEE55A90
:10250800F1EE10FA10B593ED007A04460ADDF5EE07
:10251800C07AF1EE10FADFED187A06D577EEC67AB2
:1025280077EEA67A77EE877A05E077EEE67A77EEA9
:10253800867A77EE677AC3ED007AD4F88432C4EDF0
:10254800B46A9847D4F88832C4F844049847D4ED5C
:10255800067A84EDB30AB0EE407AF8EE677A94ED25
:10256800100AA7EE270AFFF799FF84EDB50AB0EE27
:10257800470A10BD7CD9A040DB0FC94008B52DED36
:10258800048BB0EE408AB0EE410AB0EE609AF0EEED
:10259800419A02F05DF9F0EE408AB0EE690A02F065
:1025A80015F928EE407A60EE097AA8EE897A05488E
:1025B800E8EE887ABDEC048B80ED007AC0ED017AF4
:1025C80008BD00BF3C0C002010B590EDB50A90ED99
:1025D800B17AD0EDB20AFFF761FFB0EE401AB0EE63
:1025E800470A0446FFF7CAFF0268C4F8BC224368DA
:1025F800C4F8C03210BD0000B0EE007AF0EE607A88
:10260800D0EE077A094B9FED0A7A77EEC17A70EE21
:10261800C10A67EE877A1846C3ED007ADFED057ABE
:1026280060EEA70AC3ED010A704700BF340C002012
:10263800ABAAAA3E3ACD133F08B590EDA71AD0ED44
:10264800A60A90EDA50A0246FFF7D6FF0168C2F870
:10265800A0124368C2F8A43208BD000010B52DEDE1
:10266800048BF0EE408AB0EE410AB0EE418AB0EE3B
:10267800609A02F0EDF8F0EE409AB0EE480A02F0E7
:10268800A5F860EE097A0C4CE9EEA87AB0EE480A93
:10269800C4ED007A02F09AF8F0EE409AB0EE480ADB
:1026A80002F0D6F860EE090A2046E8EEE90ABDEC29
:1026B800048BC4ED010A10BD2C0C002010B590ED60
:1026C800B50A90EDA87AD0EDA90AFFF7E7FEB0EEBB
:1026D800401AB0EE470A0446FFF7C0FF0268C4F884
:1026E800AC224368C4F8A83210BD000010B5B5EE9E
:1026F800C00AF1EE10FA2DED048B04463FD4B7EE74
:10270800009AB4EEC90AF1EE10FAD8BFB0EE409ABA
:10271800F5EEC00AF1EE10FA34D4F7EE008AF4EEC2
:10272800E80AF1EE10FAD8BFF0EE608AB5EEC01AEA
:10273800F1EE10FA29D4B7EE008AB4EEC81AF1EE19
:1027480010FAD8BFB0EE418AD4E99832D4F86812AA
:102758001A43114324D0E269013219D0B0EE490A74
:102768009847D4F86432B0EE680A9847B0EE480A41
:10277800BDEC048BD4F86832BDE8104018479FEDD3
:102788000A9AC5E7DFED088AD0E79FED078ADBE7FD
:10279800B0EE680A9847D4F86432B0EE490AE4E724
:1027A800BDEC048B10BD00BF00000000F5EE400A30
:1027B800F1EE10FA06D1B5EEC00AF1EE10FA4EDAD3
:1027C80004207047B5EE400AF1EE10FA06D1F5EE96
:1027D800C00AF1EE10FA2ADA05207047B5EEC00AF1
:1027E800F1EE10FAF5EEC00A0EDDF1EE10FA3DDD5D
:1027F800C0EE807A9FED377AF4EEC77AF1EE10FAE0
:102808002DD4F0EE407A09E0F1EE10FAB5EEC00AE8
:102818003BDDF1EE10FAF4DAF1EE407A80EEA77AB9
:10282800DFED2C7AB4EEE77AF1EE10FA19DD02202A
:102838007047F1EE600A80EE807AB4EEE77AF1EE46
:1028480010FA48BF032058BF0020704780EE807AF6
:10285800B4EEE77AF1EE10FA48BF0620F3E701205C
:102868007047B5EEC00AF1EE10FAE2D4F5EEC00AF0
:10287800F1EE10FA2CD5B5EEC00AF1EE10FAF1EE31
:10288800600A15DBF0EE407A14E0F1EE10FAEDD5AF
:10289800F5EEC00AF1EE10FA1AD5C0EE807A9FED77
:1028A8000D7AF4EEC77AF1EE10FA89D4F1EE600AE7
:1028B800F1EE407A80EEA77ADFED067AB4EEE77A99
:1028C800F1EE10FA88DCB5EEC00AF1EE10FABDDCC4
:1028D80000207047D7B3DD3F08B5D0EDB00A90EDC2
:1028E800AF0A0346FFF762FFC3F8100408BD0000F3
:1028F800B5EEC01AF1EE10FA1FD970EE607A9FEDAE
:10290800107AF0EEE76AF4EEC76AF1EE10FA11DD1C
:10291800F5EEC07ADFED0B7AF1EE10FA55BF77EEDF
:10292800C07A77EEE07A77EEA07A77EE807A58BFB1
:10293800F1EE677A87EE810A70479FED030A7047C8
:102948007CD9A040DB0FC9400000000010B5044648
:10295800D0E90401FEF706FCD4EDB40A94EDB30AFD
:1029680001EE100AFFF7C4FF04F2344383ED000AB6
:1029780004F58763D3ED006AF7EE007A04F23C436E
:1029880093ED006A77EEE67AB0EE407A27EE860A93
:10299800A7EE260A84EDB70A83ED000A10BD70EE93
:1029A800600A90ED027AD0ED0B7AC0ED050AA0EE30
:1029B800817AB4EEE77AF1EE10FA08D4D0ED0A7A0B
:1029C800B4EEE77AF1EE10FAD8BFF0EE477A90ED60
:1029D800077AC0ED027A30EEC77A90ED0E0AC7EE9C
:1029E800016A90ED017A67EE877A90ED007AE0EE61
:1029F800877A90ED047AE7EE267AF4EEC07AF1EE63
:102A080010FA08D490ED0D0AF4EEC07AF1EE10FA3F
:102A1800D8BFB0EE670A80ED060AC0ED070A704716
:102A2800F8B50446FFF7D0FD2046FFF755FF94EDB3
:102A38000B7ADFED6C6AD4F81064D4EDAF4A9FEDE1
:102A48006A5A6A4B6A4AF6EE005A27EE257A013E20
:102A5800C6EE877AD4EDB06A26EEA57AB0EE476A5C
:102A680094EE856AA4EE857A052E0CD8DFE806F088
:102A780003323940474E27EE866A67EEA67A83ED21
:102A8800006AC2ED007A93ED005A92ED006AB7EE43
:102A9800007A77EE457A75EE064A77EEC67AF4EE56
:102AA800C74AF1EE10FA67EEA57A09DDC5EE246A89
:102AB800C3ED006A76EE266A86EE265A82ED005A43
:102AC8004C494D484D4D052E44D8DFE806F02635D3
:102AD8006069788127EEC66A67EE877A83ED006AB7
:102AE800CFE767EEA66A67EEC77AC3ED006AC8E764
:102AF80067EEE66A67EEC67AC3ED006AC1E727EEBD
:102B0800C77A67EE867A83ED007ABAE727EE877A86
:102B180067EEE67A83ED007AB3E7D2ED006AC1ED9D
:102B2800007A77EEA67AC0ED007AD3ED006A76EEE9
:102B3800A77AC5ED007A0DE0D2ED006AC1ED007A02
:102B480077EEA67AC5ED007AD3ED006A76EEA77A1D
:102B5800C0ED007AD5ED007AD0ED006A91ED006AFB
:102B68009FED270A77EE877A76EE876A36EE077A40
:102B7800B0EE401AF0EE400A2046A7EE251ABDE84E
:102B8800F840E6EEA50AA7EEA50AFFF7AFBDD2ED1D
:102B9800006AC5ED007A77EEA67AC1ED007AD3E730
:102BA800D2ED006AC5ED007A77EEA67AC0ED007A1C
:102BB800D3ED006A76EEA77AC1ED007ACAE7D2EDC6
:102BC800006AC0ED007A77EEA67AC5ED007AEFE7E5
:102BD800D2ED006AC0ED007A77EEA67AC1ED007AF0
:102BE800A3E700BFD7B3DD3FD7B35D3F280C002074
:102BF800240C0020200C00201C0C0020180C0020A5
:102C080000000000D0F8903210B50446083098470C
:102C1800D4E90401FEF7A6FA00EE100A10BD000080
:102C2800023804280FD8DFE800F00308161B240038
:102C3800F0EE607AF0EE400A03E0F0EE417AB0EE92
:102C4800401AB0EE670A0D4880ED000AC0ED010A8F
:102C580080ED021A7047F0EE417AB0EE601AE9E7AB
:102C6800F0EE417AB0EE401AB0EE600AF0EE670A74
:102C7800E9E7F0EE417AB0EE601AF7E70C0C0020B5
:102C8800B1F5807F70B50446154600F0F1800ADC86
:102C9800102900F02981112900F0B280012900F0E3
:102CA8004681002070BDB1F5887F74D040F21113C1
:102CB800994237D040F201139942F2D1D0F86C32E0
:102CC800002BEED0D0F874020028EBD0D4F87802AC
:102CD8000028E7D0D4F880020028E3D098470023E2
:102CE800C4F87034C4F86C04D4F874329847D4F833
:102CF8007832D4F82814C4F87404D4F86C049847CB
:102D080004F21C46D4F88032D4F83014D4F8740491
:102D180086ED000A984704F2244383ED000A04F57F
:102D2800846364E0D0F86C32002BBAD0D0F870021B
:102D38000028B7D0D4F874020028B3D09847D4F844
:102D48007032C4F86C049847D4F87432C4F870042C
:102D58009847D4F87832D4F82814C4F87404D4F80E
:102D68006C04984704F21C43D4F82C14D4F870046B
:102D780083ED000AD4F87C32984704F5846383ED28
:102D8800000AD4F83014D4F88032D4F87404984780
:102D980004F2244331E0D0F86C32002B81D0D0F813
:102DA800700200283FF47EAF9847D4F87032C4F818
:102DB8006C0498470023D4F82814C4F87004C4F8A5
:102DC8007434D4F86C04D4F87832984704F21C466A
:102DD800D4F87C32D4F82C14D4F8700486ED000AA8
:102DE800984704F5846383ED000A04F22443D6ED82
:102DF800007A30EE270AB1EE400A83ED000A59E066
:102E0800D0F87032002B3FF44CAFD0F87402002891
:102E18003FF448AFD4F87C0200283FF443AFD4F81D
:102E2800800200283FF43EAF0022C4F86C24984783
:102E3800D4F87432C4F870049847D4F87C32D4F8C3
:102E48002C14C4F87404D4F87004984704F5846604
:102E5800D4F88032D4F83014D4F8740486ED000A1B
:102E6800984704F2244383ED000A04F21C43BEE7AA
:102E7800D0F86C32002B3FF414AFD0F87802002859
:102E88003FF410AF98470023C4F87034C4F8743482
:102E9800D4F82814D4F87832C4F86C04984704F2AB
:102EA8001C4383ED000A04F5846300221A6004F2CF
:102EB80024431A6004F21C4304F2244104F584629A
:102EC80093ED000A91ED001AD2ED000A2846FFF7AB
:102ED800A7FE0368C4F894324368C4F8983283683C
:102EE800C4F89C320120DDE6D0F870320026002BB1
:102EF8003FF4D7AED0F87C0200283FF4D3AEC4F834
:102F08006C64984704F21C43C4F874640026C4F83F
:102F18007004D4F82C141E60D4F87C32984704F559
:102F2800846383ED000A04F224431E60C2E7D0F8EC
:102F380074320022BBB1D0F8800200283FF4B2AE50
:102F4800C4F86C24C4F87024984704F21C43002287
:102F5800C4F874041A6004F58463D4F830141A6051
:102F6800D4F8803213E718469CE6000070B5564D39
:102F78002B68B3F57A7F044680F08D80B1F5807FA9
:102F880066D007DC102974D0112950D0012979D0D6
:102F9800002070BDB1F5887F37D040F211139942F7
:102FA8001DD040F201139942F2D1D0F86C32002BB7
:102FB800EED0D0F87422002AEAD0D0F87822002A7D
:102FC800E6D0D0F88022002AE2D098473F4A13681A
:102FD80003441360D4F8743298473D4A42E0D0F86D
:102FE8006C32002BD4D0D0F87022002AD0D0D0F880
:102FF8007422002ACCD09847344A136803441360DB
:10300800D4F870329847334AE1E7D0F86C32002B95
:10301800BED0D0F87022002ABAD098472B4A13683D
:1030280003441360D4F8703298472A4A1AE0D0F85B
:103038007032002BACD0D0F87422002AA8D0D0F877
:103048007C22002AA4D0D0F88022002ADAD19FE777
:10305800D0F86C32002B9BD0D0F87822002A97D079
:1030680098471A4A1368034413602B6801332B608E
:103078008EE7D0F87032002B8AD0D0F87C22002A54
:10308800D2D185E7D0F87432002B81D0D0F88022D5
:10309800002AA1D17CE70D4E0D493268B2FBF3F24C
:1030A800C0F828240B480268B2FBF3F2C4F82C24B9
:1030B8000A68B2FBF3F200230360C4F830243360DB
:1030C8000B602B60012064E7080C0020040C002032
:1030D800FC0B0020000C0020F8B504462DED048BF5
:1030E800B0EE408AFFF7FEF9D4ED927A94EDB30A78
:1030F8009FED259ADFED259A30EE670AFFF7CEF9A6
:1031080039EE488AF0EE408A94ED930A38EE000AC8
:10311800FFF7C4F91AA7D7E90067B0EE408A6FF045
:10312800070507EE905AF8EEE77AB0EE687A77EE80
:10313800A77AD4ED946AA7EEA97AD4ED957A86EEAB
:10314800A70AF0EE490A20EE070AFDF785F8FFF70F
:10315800A5F930EE480AF0EEC07A17EE900AFDF7AE
:10316800D1FC32463B46FDF797FF20B1C4F85852D0
:10317800BDEC048BF8BD0135092DD2D1F8E700BFAD
:103188009A9999999999A93FDB0FC940DB0F494052
:10319800DFED067A064B20EE270A1A68BCEEC00A55
:1031A80010EE103A9BB25363704700BF00D08445BD
:1031B800AC0B0020DFED067A064B20EE270A1A68D2
:1031C800BCEEC00A10EE103A9BB29363704700BF82
:1031D80000D08445AC0B0020DFED067A064B20EECC
:1031E800270A1A68BCEEC00A10EE103A9BB2D363E5
:1031F800704700BF00D08445AC0B0020431A07EE8F
:10320800903A9FED077AF8EEE77A67EE877AB3EEA1
:10321800047A87EE870ADFED037A80EE270A704783
:103228005940533A6F12033BFFF7E8BFFFF7E6BF79
:1032380007EE900A9FED057A9FED050AF8EE677A8A
:1032480067EE877A27EE800A704700BFDB0FC94018
:103258000000003500000000174B41681B689FED17
:10326800177A5B6A9AB25B1A9BB207EE903AF8EE4D
:10327800677A10B567EE877A9FED117A4260F4EEAF
:10328800C77AF1EE10FA044602600CD417EE900AE1
:10329800FDF738FCC4E90201D4E90201FDF762FF39
:1032A80000EE100A10BD02A1D1E90001F2E700BF4B
:1032B800000000A0F7C6B03E600B0020D5DAEC3560
:1032C8005F7089300148092101F078BE6409002047
:1032D800024840F20F1101F071BE00BF64090020DE
:1032E800024840F2152101F069BE00BF64090020C0
:1032F800024B0121186800F057B900BFD80400201C
:1033080002F0C0B900000000F8B54FF48F6204461F
:103318000021FEF75DF95E4BC4F860325D4BC4F8DE
:1033280064325D4BC4F868325C4BC4F86C325C4B59
:10333800C4F870325B4BC4F874325B4BC4F8783213
:103348005A4BC4F87C325A4BC4F88032594BC4F8F3
:103358008C32594BC4F89032584BC4F8843200224E
:10336800574BA260C4F88832E26001230E22236022
:10337800A261E361534AC4F84422032342A1D1E97C
:103388000001514A23624FF48873C4F85C32E26248
:103398004E4B4F4AA3622263C4F850324D4A4E4BFB
:1033A800C4F84822C4E904014FF07C554B49E26354
:1033B800C4F854324A4A4B4BC4F84C122264656331
:1033C800A363494BC4F8E432484BC4F81033C4F83B
:1033D8001C33C4F84C33C4F85833454B454A464867
:1033E800464E474FDFF820E1DFF820C1C4F88433A8
:1033F8004FF6FF71C4F89033C4F88033C4F88C33A7
:10340800C4F8C033C4F8CC33C4F8BC33C4F8C833E8
:103418003C4BC4F85812C4F80C23C4F81823C4F859
:103428000863C4F81423C4F82073C4F82453C4F8F8
:103438004823C4F85423C4F84463C4F85023C4F898
:103448005CE3C4F860C3C4F88803C4F89403C4F800
:1034580098E3C4F89CC3C4F8C403C4F8D003C4F800
:10346800D473C4F8D83304F20443C4F8F8631A6078
:1034780004F587631D60C4F82814C4F82C14C4F834
:103488003014F8BDAFF3008000000040E17A843FBB
:1034980099310008BD310008E1310008CD3200083B
:1034A800D9320008E9320008053200083132000834
:1034B800353200080933000861320008F932000883
:1034C80039320008CDCC2C410000C0410000A04199
:1034D8006F12833AD3DEBE40000098416440C64074
:1034E80073634640606B4E3F6666A2410000C8C2E7
:1034F800000040410000C842000040C100002041D7
:10350800CDCCCC3D0AD7233C53AE703DF971664211
:10351800704710B52020FEF74BF8044618B120225A
:103528000021FEF755F8204610BD000020B111B962
:10353800024B036070470160704700BF19350008EF
:1035480000B14160704700B18160704700B1C1604F
:103558007047F7B5044600260368ADF804600120FB
:103568008DF806600F469847237E6776032565F336
:1035780007132376304623689847E36804F1180058
:103588004BB12A4601A998472368012098479DF81E
:10359800060003B0F0BD636829469847A36829462A
:1035A80001A89847F0E700007FB50025044600957C
:1035B800ADF804500295ADF80C50C9B1012932D0CC
:1035C800637F002B64D03A4A9DF800309DF80100D3
:1035D800D35C9DF80310217443409DF80200D35C2E
:1035E8004340D35C8B4251D00020607404B070BD5E
:1035F8000321FFF7AEFF04218DF800002046FFF7F6
:10360800A8FF05218DF801002046FFF7A2FF637F80
:103618008DF80200002BD3D006212046FFF799FF32
:103628008DF80300CCE7427F002A026808460CBFE9
:10363800052606269047238B03F00F0343F468738F
:103648002383ADF80830284623689847E368A3B178
:103658003246694602A89847236801209847032202
:103668000DF102016846FDF767FE637F002BA7D0C6
:103678009DF805308DF80330A2E76368314602A84B
:103688009847A368314668469847E5E7012363747D
:103698009DF802309DF8010003F0070222779DF89B
:1036A8000020400140EA423040EAD3009EE700BFD4
:1036B800BB8300080A460A230146014803F0D4BE2A
:1036C800980A00200A460A230146014803F0D3BCA1
:1036D800980A002013B513464FF6FF7200920A4667
:1036E8000146094803F08DFD60B901F0C5FF0446A5
:1036F800054803F06EFF012804D001F0BDFF001B50
:103708000128F5D902B010BD980A00200128024608
:103718004FF48051024818BF002202F0E7BE00BFF4
:103728000004004810B5FFF7F4FE09490446FFF706
:10373800FDFE20460749FFF709FF20460649FFF727
:10374800FFFE20460549FFF7FEFE204610BD00BFDC
:1037580015370008DD360008CD360008BD360008EC
:1037680007B513464FF6FF7200920A460146034812
:1037780003F047FD03B05DF804FB00BF340A0020E6
:10378800024628B94FF400414FF0904002F0AEBE17
:103798000122F7E7024B8360024BC360704700BF0A
:1037A800693700088937000813B5044683230020C9
:1037B800ADF800008DF80200ADF804008DF80600A1
:1037C8008DF80030E3689847A368032201A968468A
:1037D8009847E368012098479DF806309DF8052032
:1037E80003F0FC0343EA02239B0807EE903AB8EE85
:1037F800670ADFED067A238020EE270ADFED047AD8
:1038080020EE270A84ED010A02B010BDDB0FC94083
:1038180000008038CB78DFED355A30B58C784D799B
:103828001A0942EA04141B020A7903F47063134369
:1038380007EE103A8B791A0942EA05121B02CD7974
:1038480003F470632B4307EE903A0B885BBA9BB284
:1038580006EE903AF8EEE66AB3EE096A66EE866A14
:10386800B8EEC77A86EEA56AF2EE096A76EE666A5F
:103878009FED1F6AC0ED026A06EE904AF8EEE66A0E
:10388800F8EEE77A66EE866A9FED1A6AC6EE865A01
:10389800DFED196A75EEE66ADFED185AC0ED046AC5
:1038A800DFED176A27EE267AC7EE066A36EEA57AA6
:1038B800F1EE046A80ED077A07EE102AB8EEC77AAF
:1038C80027EE267AC7EE066A36EEA57A80ED087AE4
:1038D8009FED0C7A67EE877A87EE867ADFED0A7AB3
:1038E80077EE677AC0ED067A30BD00BF00FF7F47EC
:1038F8000000B44200F07F450000344200000000A0
:103908000000FA4300009643000016430000000040
:103918002DE9F047DFED5A7A9FED5A7A2DED048BA9
:1039280070EEA70A9FED589A60EE890A0446C0EE29
:10393800877A406A9FED557AFDEEE77A11EE90AAF4
:1039480017EE909ADFED527A31EE271A12EE108AAE
:1039580021EE091AF0EE408AC1EE077AFDEEE77A09
:1039680017EE905AFDF7CEF841A3D3E90023FDF7EF
:1039780021F9064650460F46FDF7C4F83EA3D3E9A1
:103988000023FDF717F902460B4630463946FCF787
:103998005BFFFDF7E7FB08EE100AA06AFDF7B2F837
:1039A80033A3D3E90023FDF705F9064640460F4641
:1039B800FDF7A8F830A3D3E90023FDF7FBF802468A
:1039C8000B4630463946FCF73FFFFDF7CBFB9FED32
:1039D800316A84ED098A38EE068ADFED2F6A84F8A9
:1039E800305028EE098A07EE900A88EE267AA062FF
:1039F8002A4877EE867ABDEEC77A67EE897A17EE9F
:103A0800101A87EEA67AFDEEC77AB3EE097A17EE9A
:103A1800902AF2EE097A78EEA78ADFED217A84F807
:103A2800332068EEA78AC8EE877AFDEEE77A17EEAC
:103A3800903A5BBAA3854FEA291384F82E302B12EB
:103A480003EB091384F82F300B1184F8313013126B
:103A580043EA011384F83230BDEC048B04F12C02E4
:103A680004F13C01BDE8F04702F06ABFAFF3008003
:103A78004C37894160E5D83F5A643BDF4F8DE33FBF
:103A8800000034420000B44200F07F450000964335
:103A980000001643000020420000A042D009002088
:103AA80000FF7F470023C3610362436083600361B3
:103AB800C360836143617047DFB504463449002021
:103AC80000F076FE226E3349002000F071FEA068F7
:103AD800FDF718F80B46304902460020CDE90201EF
:103AE8002E490020CDE900012D49002000F060FE9C
:103AF8002069FDF707F80B462A4902460020CDE960
:103B0800020129490020CDE900012849002000F0E0
:103B18004FFEE069FCF7F6FF0B46254902460026F2
:103B280000270020CDE90201CDE9006721490020E6
:103B380000F03EFE206AFCF7E5FF0B461E490246F0
:103B48000020CDE90201CDE900671C49002000F002
:103B58002FFEA069FCF7D6FF02460B460AA1D1E961
:103B68000001CDE9020116490020CDE900011549FF
:103B7800002000F01DFE1449002004B0BDE8D0402C
:103B880000F016BEAFF300800000000000C06240E5
:103B98004C8200087F82000800002940000029C0EC
:103BA8009582000800804640008046C0C282000816
:103BB80000407F40EF820008000014401C8300088A
:103BC80000C062C0498300087683000810B500234E
:103BD80088B0CDE902330223044604930F2201235F
:103BE8001748059302A9CDE9063202F04FFE08B145
:103BF800FDF7DEFD01221248114602F087FF08B1E9
:103C0800FDF7D6FD002302220D480093114602F06D
:103C180065FE08B1FDF7CCFD08220123A26400224D
:103C2800C4E91422C4E9102206482370E265E3635C
:103C3800E264A2654FF4007102F058FC08B010BDB0
:103C4800D0090020000400481FB5C00060F07F00C4
:103C58004FF0000360F30F2300220F48ADF80C303B
:103C6800012102F043FC4FF6FF7300930DF10E02A1
:103C7800012303A9094803F0C4FA012211460648A2
:103C880002F034FC012001F0FDFCBDF80E00C0F389
:103C98000A0005B05DF804FB00040048FC0A002097
:103CA80030B5C1F30A0385B043EAC02305460C4684
:103CB800ADF80C300E480022012102F017FC4FF637
:103CC800FF7300930DF10E02012303A9094803F0C5
:103CD80098FA01221146064802F008FC012001F07A
:103CE800D1FC2846FFF7B0FF8442E3D105B030BDD0
:103CF80000040048FC0A002070B50220FFF7A4FF6A
:103D0800464C474DE0810620FFF79EFF6080072064
:103D1800FFF79AFF20800320FFF796FF20810420F9
:103D2800FFF792FFE0800520FFF78EFFA0800020BC
:103D3800FFF78AFF60810120FFF786FF2A78A37BBF
:103D4800A08162F34613A373E189364E0220FFF780
:103D5800A7FF2B7A697A03F00F0301F00F0141EAFC
:103D68000311AB7A03F0070341EA032123893340A7
:103D780019432181032089B2FFF792FF2B7BE97A4F
:103D880003F00F0301F00F0141EA03116B7B03F00D
:103D9800030341EA0321AB7B03F0010341EA8321DA
:103DA800E38833401943E180042089B2FFF778FFA4
:103DB8006B79297903F0030301F00F0141EA03113C
:103DC800AB7903F0030341EA8311EB7903F00303B2
:103DD80041EA0321A3886FF309031943A180052051
:103DE80089B2FFF75DFFAB78697803F0030301F050
:103DF800030141EA8311EB7803F0010341EA43210F
:103E0800638823F4307323F0030319436180062089
:103E1800BDE8704089B2FFF743BF00BF440C0020E3
:103E28005000002000F8FFFF08B500224021134889
:103E380002F05CFB642001F025FC012240210F48C0
:103E480002F054FB642001F01DFC002280210B4885
:103E580002F04CFBC82001F015FCFFF74DFF0748A6
:103E68000122802102F042FB04480122402102F095
:103E78003DFBBDE80840C82001F004BC0004004830
:103E88007FB500220223CDE902230591049002F0B8
:103E9800E9F801A902A802F0EDF902F0F5F807B077
:103EA8005DF804FB0B46920001461846FDF7AAB9D7
:103EB80000F1774303F57C03B3F5006F24D3A0F139
:103EC8000823A3F58023B3F5006F1FD300F17840D2
:103ED800A0F58223B3F5006F1AD3A0F58323B3F5B9
:103EE800006F17D3A0F58423B3F5006F14D3A0F5A2
:103EF8008523B3F5006F11D3A0F58620B0F5006FC8
:103F0800074828BF00207047064870470648704792
:103F18000648704706487047064870470648704785
:103F280000380408000804080010040800180408F1
:103F38000020040800280408003004082DE9F8438C
:103F480004461C4F1C4DDFF874908846164602F054
:103F580089F820463C60FFF7ABFFC5F80080DFF822
:103F68006080C9F800000023C8F80030D9F8003094
:103F7800A34214D32B682146D3E90023002002F082
:103F8800B7F888B92B683C6808332B60D8F800303C
:103F980001330834B3423C60C8F80030E6D102F07F
:103FA80073F80020BDE8F88302F06EF84FF0FF3098
:103FB800F8E700BF600C0020580C00205C0C0020C3
:103FC800540C002070B504460D4616460121002009
:103FD800FFF756FF324629462046BDE87040FFF7F6
:103FE800ADBF00230622C0E9002300238360704789
:103FF8000369C26893429CBF81685B18013B981AA9
:1040080070472DE9F041D0E902840546A8EB040683
:104018004068964220440F46144406D9FDF7F2F84A
:10402800BFF35F8FEC60BDE8F0813246A4EB080473
:10403800FDF7E8F868682246B919EFE72DE9F84373
:10404800C5680646894617464FF000083369B468C4
:1040580070689D4228BF1B19641BBC4203F1FF33E3
:1040680028BF3C465B1B9C4228BF1C46494622464B
:104078002844FDF7C7F8B3682544A044A1443F1B72
:10408800AB4208BF0025BFF35F8FF560002FDDD17D
:104098004046BDE8F883000008B5144BA82200216B
:1040A8001846FDF795FA0322026111494261114A47
:1040B8008161C2614FF480620262002282624262C0
:1040C800C26201660C494166102181660346026797
:1040D800C2664267BFF35F8F084911F8010D985413
:1040E8000132102AF9D1BFF35F8F08BD7810002084
:1040F800AB830008750C0020650C0020CB840008F9
:10410800F8B5144B182700FB07751D4407FB00334F
:104118000E46DB6A012B14460AD0022B14D023B9B1
:104128002846FFF765FF844208D900242046F8BDD9
:104138002846FFF75DFF844228BF044622463146E1
:104148002846FFF75EFFF1E72846BDE8F840FFF78D
:1041580075BF00BF78100020F8B50B4B1B78532BA8
:1041680004460D46164601D0FFF796FFEFF3118778
:104178004FF0200181F31188324629462046FFF787
:10418800BFFF87F31188F8BD78100020FFF784BFC0
:1041980073B51C4D2B78532B044601D0FFF77CFFD9
:1041A800FF230F2C8DF8043029D8174B1B5D8DF891
:1041B8000530EFF311864FF0200181F31188EA6A88
:1041C80002F00302022A0AD1104B11481C7001A9FF
:1041D800FFF734FF002086F3118802B070BD0C4849
:1041E800FFF706FF012807D9084B09481C7002226F
:1041F80001A9FFF706FFEDE74FF0FF30EBE74FF0BF
:10420800FF30EAE778100020CC840008640C002016
:1042180090100020826810B504464068531C834201
:1042280006D820688154E268A3600132E2601A4629
:10423800636893420BD121682069FFF78DFFA3685B
:10424800984215BF4FF0FF330023E360A36010BD11
:104258002DE9F84F9946DDE90A4317460646884690
:104268000A464FF0010ABA4212D2CA4538BFCA46B6
:1042780013F0010B01D184B90024F368002B3EDB55
:104288000125B9F1010F20D909F1FF397D43F8E77C
:104298000AF1010AB2FBF7F2E5E79B0712D5B9F17B
:1042A800000F0CBF30252025A245E6D2294630460E
:1042B800FFF7B0FFF368002B04F1FF34DDDB002CBF
:1042C800F2D1D9E72025EFE77D43B8FBF5F39F420C
:1042D800FAD9DFF84C90B8FBF5F3304619F803101B
:1042E80005FB1388FFF796FFF368002B03DBB5FB8C
:1042F800F7F3BD4205D2BBF1000F00D064B9BDE8A9
:10430800F88F1D46E7E720213046FFF783FFF36863
:10431800002B04F1FF34F2DB5445F4D8EFE700BF7B
:10432800DC8400082DE9F04FADB01CAB0F930024DE
:10433800402308900E46914610931390254616F890
:10434800011B002900F02482252940F019823246F9
:104358004FF00008114611F8013B2D2B17D011D84A
:10436800232B1BD02B2B16D00026039212F8013BCF
:10437800A3F13001092914D80A2101FB0633A3F15E
:104388003006F2E7302BEFD148F0020801E048F0A0
:1043980001080A46DEE748F00408FAE748F008088A
:1043A800F7E72E2B2CD1039B5B782A2B12D0039A8C
:1043B80000270132BA460A21039212F8013BA3F101
:1043C8003000092811D801FB0733A3F130074FF05B
:1043D800010AF1E7039B02330393D9F800301A1D51
:1043E8001F68C9F800204FF0010A039B197801F0F3
:1043F800FB03682B07D1039B13F8011F0393F6E710
:104408000027BA46F1E7662900F0F18051D8632900
:104418006AD008D8252900F0B081582900F0AB806F
:10442800039E01368BE76429FAD1D9F80030D3F816
:1044380000B01A1D8BEAEB73C9F80020A3EBEB73ED
:104448004FF0010A0A22092B5CDCBA4538BFBA468C
:1044580036B1BBF1000F02DB18F0040F00D0013EAB
:1044680018F0020F00D02FB118F0010F02D10EB1D1
:10447800B2454CD3BBF1000F59DACDE91154CBF159
:10448800000B2D210FA8FFF7C5FEDDE91154002C04
:1044980049DB08F00303022B03D117B90EB15645C7
:1044A8004CD8CDE91154CDE900683B460A2259465B
:1044B8005DE07039CBB2082BB2D80829B0D801A377
:1044C80053F821F0DD450008294400082944000874
:1044D80099450008294400085F4500082944000858
:1044E800294400087F450008D9F80030CDE9115467
:1044F8001A1D1978C9F800200FA8FFF78BFEDDE90F
:10450800115461E00AF1010AB3FBF2F39BE72021A1
:104518000FA8CDE91154FFF77DFEDDE91154002CF9
:1045280006F1FF36A3DA20462DB0BDE8F08F18F06B
:10453800040FAED0CDE911542B21A3E730210FA8E9
:10454800CDE91154FFF766FEDDE91154002C06F1A0
:10455800FF36A3DAE7E7D9F800301A1D1968C9F859
:104568000020CDE91154CDE900683B460A220FA886
:10457800FFF76EFEC3E7D9F800301A1D1968C9F8AD
:104588000020CDE91154CDE900683B461022EEE742
:10459800D9F800301A1DC9F800201E6816B9824ED5
:1045A8004FF0000A16F8011B71B1BAF1000F00D0E4
:1045B80057B10FA8CDE91154FFF72CFEDDE91154CE
:1045C800002C07F1FF37EDDA039E0136002CBFF609
:1045D800B6AEA8E7D9F800301A1D1968C9F8002046
:1045E80008230022CDE91154CDE90032CEE7D9F8ED
:1045F8000030073323F0070393ED007B03F1080233
:10460800002FC9F8002051EC170B4FF000024FF0B3
:10461800000308BF06278DED047BFCF73DFD00284D
:1046280079D02D238DF85030049B0693059B03F118
:10463800004307939DED067B8DED047B0DF1510B37
:10464800DDE90401FCF766FD8246FCF749FA0246FB
:104658000B46DDE90401FCF7F5F8CDE90401BAF1F0
:10466800000F7AD130230BF8013BDA462E230AF8E3
:10467800013B0BEB07030993DDE904014B4B0022D7
:10468800FCF798FA02460B46CDE90423FCF742FDF5
:1046980000F130030BF8013FFCF722FA0B46024603
:1046A800DDE90401FCF7CEF8099B9B45CDE904013F
:1046B800E2D100220AF807200AEB07030DF1500A9D
:1046C800A3EB0A07BE420FD918F0010F0CD1A6EBD5
:1046D800070B20210FA8CDE91154FFF79BFDBBF173
:1046E800010BDDE91154F4D11AF8011B00293CD162
:1046F800BE427FF669AF18F0010F3FF465AFF71BB4
:1047080020210FA8CDE91154FFF784FD013FDDE911
:104718001154F5D158E718F0040F03D02B238DF866
:1047280050308BE70DF1500B8AE79AFBF2F102FB50
:1047380011AA0AF1300A03F801AB8A46BAF1000F50
:10474800F3DC0BF1FF3019460BAA914208D8991AED
:10475800934238BF00218B4487E70BAB0A22EDE771
:1047680011F801CD00F801CFEFE70FA8CDE91154FA
:10477800FFF750FDDDE91154B6E7CDE91154BBE66A
:104788000FA8CDE91154FFF745FDDDE911541DE7E8
:10479800002C3FF4C8AE25B108982A461CA9FFF79B
:1047A800DBFC2C44BFE600BFB483000800002440B3
:1047B8000EB403B503AB01AA53F8041B0193FFF72A
:1047C800B1FD02B05DF804EB03B07047DFED1D7A70
:1047D8009FED1D7A1D4A20EE270AFDEEC07AB5EE40
:1047E800C00A17EE903AF1EE10FA48BF03F1FF3312
:1047F80007EE903AF8EEE77A30EE670A20EE070AFD
:10480800FCEEC07A17EE903A9BB2B3F5007F28BF52
:10481800002307EE903A28BF30EE470AF8EE677A91
:1048280002EB830130EE670A91ED017AF7EE007A28
:1048380077EEC07A20EE070A91ED007AA7EE870A94
:10484800704700BF83F9223E00000044EC84000852
:104858009FED1E7A1E4AF5EE007AE0EE077ABDEE6D
:10486800E77AF5EEC07A17EE103AF1EE10FA48BF83
:1048780003F1FF3307EE103AB8EEC77A37EEC70AEE
:104888009FED147A20EE070AFCEEC07A17EE903AF4
:104898009BB2B3F5007F28BF002307EE903A28BFEC
:1048A80030EE470AF8EE677A02EB830130EE670ACA
:1048B80091ED017AF7EE007A77EEC07A20EE070ADA
:1048C80091ED007AA7EE870A704700BF83F9223E70
:1048D800EC84000800000044034AD2F8883043F40E
:1048E8007003C2F88830704700ED00E0806800F07F
:1048F800010070478068C0F38000704737B5002317
:1049080001930446002800F0F080C56D25B9FDF735
:1049180099F8256684F8585023689A68950041BF2D
:104928009A6822F0204222F03F029A609A68D000EA
:1049380032D59A68D10045D4E26D42F01002E265A2
:10494800226E42F00102226601211846FFF7D2FFCB
:10495800E26D02F01002024340F0C380E26D22F4DF
:10496800817242F00202E2651846FFF7BFFF002895
:104978003FD1B3F1A04F02D05D4A934224D14FF00A
:10498800A040FFF7B3FF02465948FFF7AFFF0243C5
:10499800012A2ED0574826E09A68574922F010423B
:1049A80022F03F0242F080529A60544A1268B2FBE9
:1049B800F1F2013252000192019A002AB9D0019A0B
:1049C800013AF8E70021C0E74D48FFF78FFF02469C
:1049D8004C48FFF78BFF02434B48FFF787FF024322
:1049E800012A06D049488268656822F47C122A4365
:1049F8008260E568E26B94F824002A43A5682A439C
:104A0800657F012842EA453242EA004202BFA06AB5
:104A180000F1FF3042EA4042E06A20B1256B00F421
:104A2800787028430243DD68394828401043D8602D
:104A38001A69606B22F0406202431A619A68120791
:104A48002CD4D86894F83820257F520020F4804070
:104A580042EA853220F0020002432569DA602D48D7
:104A68001A69002D32D042F480321A61D3F8C0207E
:104A780002402A43C3F8C02094F84020012A2CD1D0
:104A8800D4E9112518692A436FF38A000243E06CC0
:104A98000243206D024342F001021A616269012A51
:104AA80005BF186B226A1A6B02F1FF3206BF20F0AD
:104AB8000F00024322F00F021A63E36D23F0030391
:104AC80043F00103E365084603B030BD22F48032A9
:104AD8001A61D3F8C0200240CCE71A6922F001021B
:104AE800DBE7E36D43F01003E3650121EBE700BF6B
:104AF8000001005000030050400D0300600000203A
:104B08000004005000050050000600500007005047
:104B18000740F0FF00C0FFFF704770477047000074
:104B28000268B2F1A04FF8B516685568044600F05F
:104B38000D819148914B9249824218BF0B469F685C
:104B4800B00707F01F070ED5A9070CD5E36DDA06E5
:104B58005EBFE36D43F40063E365204600F04BFA63
:104B6800236802221A60730701D5680703D4310746
:104B78003DD52A073BD5E36DDB065EBFE36D43F405
:104B88000073E3652368DA6812F4406F29D17A4A22
:104B9800934200F0DD8002F58062934206D17949A4
:104BA80040F22122FA40D00740F1D580DA6891041A
:104BB80017D41A68120714D51846FFF79BFE002869
:104BC80040F0CB805A6822F00C025A60E36D23F45F
:104BD8008073E365E36DD80403D4E36D43F0010308
:104BE800E3652046FFF798FF23680C221A60B10698
:104BF80001D5AA0603D4730643D5680641D5E36DEB
:104C08005D4AD9065EBFE36D43F40053E36523684C
:104C1800D96CD868934201F4C07100F0A78002F5FE
:104C28008062934240F0A580DFF858C1C122FA4063
:104C3800D20700F19E80DCF80C20E1B9910105D57E
:104C480002F4005100F44060014314D11968490688
:104C580011D592020FD49A68100700F195805A680E
:104C680022F060025A60E36D23F48053E365E36D3C
:104C7800D90540F19280204600F0B9F923686022F6
:104C88001A6032060BD52B0609D5E36D43F4803341
:104C9800E3652046FFF741FF236880221A60F0058C
:104CA8000CD5E9050AD5E36D43F40033E3652046E6
:104CB80000F09FF923684FF480721A60B2050CD592
:104CC800AB050AD5E36D43F48023E365204600F085
:104CD80091F923684FF400721A60F00621D5E906AD
:104CE8001FD5E36B7BB12268002F5DD0B2F1A04FD6
:104CF80058D02148214B2249824218BF0B469B6855
:104D080013F4604F0AD0E36D43F48063E365236EC8
:104D180043F0020323662046FFF700FF23681022B2
:104D28001A60720544D56B0542D5E36D43F48043A0
:104D3800E365236E43F00803236623684FF480621B
:104D48001A602046BDE8F84000F052B90B4BF6E671
:104D58004FF0A04124E7CA6829E7E36D43F0100348
:104D6800E365236E43F0010323663AE74FF0A04C56
:104D78005CE7DA6861E700BF0001005000030050FB
:104D88000007005000040050E36D43F01003E36592
:104D9800236E43F0010323666DE7E36D43F00103DF
:104DA800E36568E7034BAAE7D36813F0010FA9E7A7
:104DB800F8BD00BF0003005073B502680446002325
:104DC80010460193FFF792FD10B1002002B070BDAC
:104DD8009168264B194209D0E36D43F01003E3654F
:104DE800236E43F0010323660120EFE7936823F065
:104DF800004323F03F0343F00103B2F1A04F936057
:104E080023D01B481B4B1C49824218BF0B469B688A
:104E180019021CD400F030FC184D064622681368AD
:104E2800DB07D2D41046FFF761FD20B993682B4009
:104E380043F00103936000F01FFC801B0228EDD9AA
:104E480023681B68DA07E9D4C6E70A4BDFE70C4B8F
:104E58001A680C4BB2FBF3F20C2302FB03330193E9
:104E6800019B002BD6D0019B013BF8E73F00008057
:104E7800000100500003005000070050C0FFFF7FF2
:104E880060000020400D030030B5CC0D04F0040490
:104E98001430C1F30451035907258D4023EA050353
:104EA8008A401343035130BD806800F00100704709
:104EB8008068C0F3800070478068C0F3C000704706
:104EC80038B50368B3F1A04F044618D03848394ABA
:104ED8003949834218BF0A4618469568FFF7ECFF20
:104EE800002862D1DA68DB6C13F4C07F09D1002A8C
:104EF80007DBE36D43F02003E365012038BD2D4A4D
:104F0800EAE794F85830012B4FD0012384F8583041
:104F18002046FFF751FF002843D1E36D2449DB0504
:104F280049BF236E206623F008032366E36D23F44C
:104F3800405323F0010343F48053E36523688B4215
:104F480005F01F021CD001F580618B421BD1A1F531
:104F580080711AB9E56D25F48015E56560251D6039
:104F68008B424FF0000584F858500ED0C12121FA29
:104F780002F2D10709D4E36D43F48013E365BDE77A
:104F88004FF0A041E5E71946E4E7DA689201B5D4A5
:104F98009A6822F0004222F03F0242F008029A602A
:104FA800ACE7002384F85830A8E70220A6E700BF42
:104FB80000010050000300500007005040F2152285
:104FC800914203680DD040F21B32914206D040F264
:104FD8000F12914208D0D3F880007047D3F88C00A4
:104FE8007047D3F888007047D3F88400704770473B
:104FF8007047704770477047F7B590F858300022EF
:10500800012B07460D46019200F05082012380F8DB
:10501800583043693C68486813B1096A012946D188
:10502800092816D12B68AA6A5B0C03F4785322B1BD
:10503800E96A02F07C020A431343E26C22F07B42E5
:1050480022F46F0222F43F4222F0FF021A43E26484
:105058007B662046FFF730FF78B995F8263095F83B
:1050680025205B05002A49D195F82410E26843EA17
:10507800015322F440121343E3602046FFF718FF60
:1050880003462046FFF718FF034340F03481AB6A1C
:1050980095F8256013B1EB6A002B31D1012EE36836
:1050A80040F0C08043F00073E36000262FE0BB6E41
:1050B80013BB7B66AB6A4A1E23B103F07C03134320
:1050C800EA6A1A432B6800F01F00C3F38463834025
:1050D800786E034301391343B9667B660029B8D15A
:1050E800E26C22F07B4222F46F0222F43F4222F06B
:1050F800FF021343E364ACE71946E3E7E268B8E765
:10510800012E40F08E80FB6D43F02003FB6595F87F
:105118003030012B05BFD5E90D31226923690B43D6
:1051280003BF22F4FF72134343F0020323F0020388
:105138002361AA682968B2F1004F76D1002220467F
:10514800FFF7A2FE636943F000436361D5F810C01E
:10515800E0682B68BCF1040F04F160026CD0696947
:1051680052F82CE0C0F3C10040008140B74803F07A
:10517800F8430EEA00001843014341F0004142F8A9
:105188002C102969A86952F8213023F08073034351
:1051980042F82130297F286901F1FF3C52F820307C
:1051A800DCF1000141EB0C0123F0007343EA416399
:1051B80042F820302046FFF777FE002840F0CE80E6
:1051C800D5F80CC02B68A24AD4F8B0100CF0180E11
:1051D800C3F3120022FA0EF21A4021EA00010A4330
:1051E800C4F8B0209B4A944540F0B880002840F0AD
:1051F80084809A0E013202F01F01012009294FEA2A
:10520800826201FA00F340F29E80884002F0F84280
:10521800194402431E39090541F0007343EA0201AB
:1052280098E0E36823F000733EE72046FFF72CFE82
:10523800636923F0004388E7216E216EC3F31200EF
:10524800C1F38461002839D1C3F38463994202BF52
:10525800236E23F000432366636E2B68616EC3F3ED
:105268001200C1F3846100282FD1C3F384639942EB
:1052780002BF636E23F00043636693682B689168EE
:10528800C3F31200C1F3846130BBC3F38463994252
:1052980002BF936823F000439360D3682B68D168FA
:1052A800C3F31200C1F38461E8B9C3F3846399427C
:1052B80080D1D36823F00043D3607BE793FAA3F34C
:1052C800002BC9D0B3FA83F3C0E793FAA3F3002BFA
:1052D800D3D0B3FA83F3CAE793FAA3F3002BDCD055
:1052E800B3FA83F3D3E793FAA3F3002B3FF462AF47
:1052F800B3FA83F3DBE700265CE793FAA3F232B153
:10530800B2FA82F2013202F01F02092A5DD893FA3A
:10531800A3F1B1FA81F10131890601F0F84193FA5C
:10532800A3F0B0FA80F0013000F01F0001228240A3
:105338000A4393FAA3F1B1FA81F1013101F01F0197
:1053480001EB410104E0884002F0F84202431944AD
:1053580009051143AA682046FFF796FD2A683E4BC7
:105368001A422CD0B4F1A04F4DD03C483C4B3D499B
:10537800844218BF0B463C489B68824203F0E071A8
:1053880002D03A48824245D1180218D4B4F1A04F4D
:105398003BD0374B9C4212D1324A936823F0E073DA
:1053A8000B4343F400039360324B334A1B68B3FB4F
:1053B800F2F30C22534318330193019B3BBB0023A8
:1053C80087F85830304603B0F0BD93FAA3F1B1FA2C
:1053D80081F10131890601F0F84193FAA3F0B0FA9E
:1053E80080F0013000F01F00012282400A4393FA46
:1053F800A3F3B3FA83F3013303F01F0303EB43036F
:10540800A3F11E0107E7164BB5E7154AC5E7019B4F
:10541800013BD1E71948824232D1DA01CFD40F4B90
:105428009C42CCD003F580639C42C8D00D4AA3F5BA
:105438000073B4F1A04F08BF1A46936823F0E073D5
:105448000B4343F080739360B9E700BF00F0FF039C
:10545800FFFF070000007F400000088000010050A7
:105468000003005000070050000021C31000C09046
:105478000006005060000020400D0300000052C7E5
:105488000B4882429BD15B0299D40A4B9C4296D02E
:10549800094A03F50073B4F1A04F08BF1A46936890
:1054A80023F0E0730B4343F48003CCE7022689E73B
:1054B800000084CB0001005000070050F0B590F8C0
:1054C8005830012B9DB0024600F0868013680024F6
:1054D8000120B3F1A04F189482F8580019940AD00B
:1054E8003E4DAB4240D0D36D82F8584043F0200384
:1054F800D3651DB0F0BD3A48FFF7DAFC04461846FC
:10550800FFF7D6FC204361D1364C37480D68B3F11C
:10551800A04F18BF04469DB3A66892F83870486833
:1055280026F4604640EA47303043B3F1A04FA0600C
:105538001CD11846FFF7B8FC03462948FFF7B4FC0E
:10554800034383F0010303F0010343B1A3688968AF
:1055580023F471630D4323F00F031D43A56000205E
:10556800002382F85830C4E72048C5E71B48FFF7F6
:105578009BFC03461D48FFF797FC03431C48DDE7E7
:10558800A168B3F1A04F21F46041A16014D118467D
:10559800FFF78AFC03461248FFF786FC034383F0B3
:1055A800010303F00103002BD9D0A36823F471632E
:1055B80023F00F03A360D2E70848FFF775FC034602
:1055C8000A48FFF771FC03430948E5E7D36D43F048
:1055D8002003D3650120C3E702208AE700040050B6
:1055E8000001005000030050000700500005005063
:1055F8000006005038B50F4B1A6805460AB9012055
:1056080038BD4FF47A73B3FBF2F30B4A1068B0FB62
:10561800F3F001F02BF804460028F0D10F2DEED856
:10562800024629464FF0FF3000F0E0FF034B2046CA
:105638001D60E5E76400002060000020680000208D
:1056480010B5032000F0C0FF0F20FFF7D3FF04467A
:1056580018B9FCF777FE204610BD0124FBE70000CF
:10566800034A0449136809680B441360704700BF74
:105678002011002064000020014B1868704700BF0B
:105688002011002038B50446FFF7F6FF631C1CBF45
:10569800054B1B68054618BFE418FFF7EDFF431BD1
:1056A800A342FAD338BD00BF640000202DE9F341BE
:1056B800044618B9012002B0BDE8F0810368D90793
:1056C80014D423689A0758D42368190700F1A180D5
:1056D80023685A0700F1C88023689A0600F12F81D1
:1056E800E369002B40F05C810020E4E79F4DAB6844
:1056F800EA6803F00C030C2B0AD102F00303032B16
:1057080008D12B689B03DCD56368002BD9D1D1E77E
:10571800082BF5E76368B3F5803F10D12B6843F495
:1057280080332B60FFF7A8FF06462B689F03C8D479
:10573800FFF7A2FF801B6428F7D90320BBE7B3F566
:10574800A02F04D12B6843F480232B60E6E72A6856
:1057580022F480322A602A6822F480222A60002BF0
:10576800E0D1FFF789FF06462B689903A9D5FFF713
:1057780083FF801B6428F7D9DFE77C4DAB68EA68B4
:1057880003F00C030C2B17D102F00303022B15D1E5
:105798002B685A0502D5E368002B8BD06B68226909
:1057A80023F0FE4343EA02636B60714B1868FFF70E
:1057B80021FF002888D07DE7042BE8E7E368BBB128
:1057C8002B6843F480732B60FFF756FF06462B685F
:1057D8005B0507D56B68226923F0FE4343EA026341
:1057E8006B6071E7FFF748FF801B0228EFD9A4E739
:1057F8002B6823F480732B60FFF73EFF06462B6867
:105808005F057FF561AFFFF737FF801B0228F6D9E8
:1058180093E76369554D9BB1D5F8943043F0010384
:10582800C5F89430FFF728FF0646D5F894309B0753
:105838003FF54EAFFFF720FF801B0228F5D97CE724
:10584800D5F8943023F00103C5F89430FFF714FF1E
:105858000646D5F894309F077FF53AAFFFF70CFF5F
:10586800801B0228F5D968E7404DAB6DD80027D4D6
:10587800AB6D43F08053AB65AB6D03F08053019380
:10588800019B01273B4E3368D9051BD5A368012B23
:1058980029D1D5F8903043F00103C5F89030FFF7CF
:1058A800EBFE41F288380646D5F890309B0740D584
:1058B800002F3FF411AFAB6D23F08053AB650BE7BE
:1058C8000027DFE7336843F480733360FFF7D4FEC3
:1058D80080463368DA05D9D4FFF7CEFEA0EB08007E
:1058E8000228F6D929E7052B06D1D5F8903043F0E0
:1058F8000403C5F89030CCE7D5F8902022F00102D7
:10590800C5F89020D5F8902022F00402C5F8902020
:10591800002BC4D1FFF7B0FE41F288380646D5F80F
:1059280090309907C4D5FFF7A7FE801B4045F6D9EC
:1059380003E7FFF7A1FE801B4045B5D9FDE6A36943
:105948000A4DCBB1D5F8983043F00103C5F898302B
:10595800FFF792FE0646D5F898309B073FF5C0AE94
:10596800FFF78AFE801B0228F5D9E6E60010024000
:105978006800002000700040D5F8983023F001033B
:10598800C5F89830FFF778FE0646D5F898309F0797
:105998007FF5A6AEFFF770FE801B0228F5D9CCE68E
:1059A800454DAA6802F00C020C2A51D0022B2B6834
:1059B80023F080732B603AD1FFF75EFE06462B6812
:1059C80099012ED4EA683D4B1340226A1343A26A18
:1059D80043EA0223E26A43EAC263626A013A43EA9B
:1059E8000213226B5208013A43EA4253626B52088F
:1059F800013A43EA4263EB602B6843F080732B6003
:105A0800EB6843F08073EB60FFF736FE04462B68C3
:105A18009A013FF569AEFFF72FFE001B0228F6D961
:105A28008BE6FFF729FE801B0228C8D985E6FFF719
:105A380023FE04462B689B0104D4EA68204B1340DC
:105A4800EB6051E6FFF718FE001B0228F2D974E656
:105A5800012B3FF42FAEEB68226A03F00301914259
:105A68007FF428AE616A03F0F0020139B2EB011F3E
:105A78007FF420AEA16A03F4FE42B2EB012F7FF45B
:105A880019AEE16A03F07842B2EBC16F7FF412AE4F
:105A9800226B520803F4C001013AB1EB425F7FF474
:105AA80009AE626B5208013A03F0C063B3EB426F70
:105AB80014BF01200020FEE5001002400C809F0169
:105AC800FCFFEEFE174B9A6802F00C02042A23D062
:105AD8009A6802F00C02082A20D09A6802F00C0298
:105AE8000C2A1DD1D968DA68D868DB6801F003018F
:105AF800C3F341630329C2F30312C0F3062003F181
:105B080001030CBF084909495B000132B1FBF2F2FD
:105B18005043B0FBF3F070470448704702487047A1
:105B2800002070470010024000127A000024F400A0
:105B38002DE9F8430E46054610B90120BDE8F88363
:105B48006D4A136803F00F038B4245D3296811F09F
:105B580001084CD12A68910740F1A780674B12F0E1
:105B6800040F1EBF996841F4E0619960120741BFB4
:105B78009A6822F47C5242F4E0629A609A68A968B2
:105B880022F0F0020A439A605B4C236803F00F038B
:105B9800B34200F293802A68584C12F0040F40F088
:105BA800A380130706D5A3682A6923F4605343EA40
:105BB800C203A360FFF786FFA368514AC3F3031328
:105BC800D35C03F01F03D8404E4B18604E4B186847
:105BD800BDE8F843FFF70EBD136823F00F030B432E
:105BE8001360136803F00F038B42A6D1AEE76F680A
:105BF800424C032F236849D19B019ED5E368E26894
:105C080003F00303032BE3680CBF40484048C2F38A
:105C18000312C3F306230132B0FBF2F25343E268E6
:105C2800C2F3416201325200B3FBF2F3394A9342A4
:105C38001AD84FF00008A36823F003033B43A3607E
:105C4800FFF71AFD41F288390746A3686A6803F02E
:105C58000C03B3EB820F3FF47DAFFFF70DFDC01BC4
:105C68004845F2D9032069E7A36813F0F00F04D080
:105C78008807DED5AB68002BDBD1A36823F0F003DF
:105C880043F08003A3604FF08008D4E7022F09D1C6
:105C980013F4003F3FF451AFFFF714FF1D4B984238
:105CA800C7D9EAE713F4806FF4E7B8F1800F01BFB2
:105CB800124A936823F0F003936065E7236823F0A2
:105CC8000F0333432360FFF7D7FC41F288380746B8
:105CD800236803F00F03B3423FF45DAFFFF7CCFC3A
:105CE800C01B4045F4D9BDE7A368E96823F4E06325
:105CF8000B43A36055E700BF00200240001002409C
:105D0800F08C0008600000206800002000127A0073
:105D18000024F40000B4C404024A136843F40023C6
:105D280013607047001002407047000010B5054C22
:105D3800E369DB0504D5FFF7F7FF4FF480732362AF
:105D480010BD00BF001002402DE9F3410446006871
:105D580010F400205AD0254DAB6DD80044D4AB6D5B
:105D680043F08053AB65AB6D03F080530193019B07
:105D780001261F4F3B6843F480733B60FFF77CFCB0
:105D880080463B68D90535D5D5F8903013F4407373
:105D980020D0226D9A421DD0D5F89020D5F89030A9
:105DA80043F48033C5F89030D5F8903022F4407130
:105DB80023F48033D207C5F89030C5F8901009D580
:105DC800FFF75AFC41F288380746D5F890309B0710
:105DD80040F12981D5F89030226D23F440731343A4
:105DE800C5F8903000200CE00026C2E70010024001
:105DF80000700040FFF740FCA0EB08000228C0D963
:105E080003201EB1AB6D23F08053AB652368DD071B
:105E180008D588496568D1F8882022F003022A430A
:105E2800C1F88820990708D58249A568D1F8882043
:105E380022F00C022A43C1F888205A0708D57D4968
:105E4800E568D1F8882022F030022A43C1F888207A
:105E58001F0708D577492569D1F8882022F0C002A4
:105E68002A43C1F88820DE0608D572496569D1F849
:105E7800882022F440722A43C1F888209D0608D55C
:105E88006C49A569D1F8882022F440622A43C1F8F8
:105E98008820590608D56749E569D1F8882022F491
:105EA80040522A43C1F888201A0608D56149256A54
:105EB800D1F8882022F440422A43C1F88820DF051F
:105EC80008D55C49656AD1F8882022F440322A4313
:105ED800C1F888209E0308D55649A56AD1F89C20A8
:105EE80022F003022A43C1F89C209D0508D5514998
:105EF800E56AD1F8882022F440222A43C1F8882094
:105F080059050FD54B49256BD1F8882022F440124A
:105F18002A43C1F88820B5F5801F02BFCA6842F439
:105F28008012CA601A050FD54249656BD1F88820DE
:105F380022F440022A43C1F88820B5F5800F02BF39
:105F4800CA6842F48012CA60DF040FD53949A56BCC
:105F5800D1F8882022F040722A43C1F88820B5F190
:105F6800807F02BFCA6842F48012CA609E040FD5BF
:105F78003049E56BD1F8882022F040622A43C1F805
:105F88008820B5F1006F02BFCA6842F48012CA6067
:105F98005D040FD52749256CD1F8882022F040628E
:105FA8002A43C1F88820B5F1006F02BFCA6842F4DD
:105FB8008012CA6019040FD51E49656CD1F8882073
:105FC80022F040522A43C1F88820B5F1805F02BF11
:105FD800CA6842F48032CA60DA030FD51549A56C45
:105FE800D1F8882022F040422A43C1F88820B5F130
:105FF800804F02BFCA6842F48032CA605B030FD583
:106008000C4AE16CD2F89C3023F440130B43B1F5F1
:10601800001FC2F89C3003D1D36843F48013D360C7
:1060280002B0BDE8F081FFF727FBC01B40457FF6B3
:10603800CCAEE5E600100240094A536943F48023D8
:1060480010B55361EFF3108272B60023CC58C450D8
:106058000433B3F5807FF9D182F3108810BD00BFF7
:1060680000200240064B5A69002ABFBF054A9A60C1
:1060780002F188329A60BABF5869C00F0020704791
:106088000020024023016745044B5A6942F0004250
:106098005A615869C043C00F704700BF00200240D2
:1060A80070B50646FFF7E8FA0F4C05462369DA0390
:1060B8000BD423694CF2FA3213400DD00B494A68CD
:1060C8001A434A600120236170BDFFF7D5FA401BCF
:1060D800B042EBD90320F7E72369DB0744BF01236C
:1060E80023610020F0E700BF002002406C00002080
:1060F8002DE9F843254D99462B78012B04460F4688
:10610800904641D001234FF47A702B70FFF7C8FFF7
:10611800064630BB68601E48026812F4806217BFEA
:1061280003682A7723F4806303601CBF02232B775C
:10613800E4B9436943F001034361C7F80080BFF342
:106148006F8F0124C7F804904FF47A70FFF7A8FF07
:10615800064624B10E4A536923EA0403536100F04A
:1061680059F800232B703046BDE8F883631E012BD5
:1061780008D841463846FFF75FFFA31E5C425C41E2
:10618800A404E1E70024DFE70226ECE76C00002026
:10619800002002400D4B1A6A520211D5C10742BFB6
:1061A8005A6942F004025A61820703D55A6942F4D7
:1061B80000425A61054A536943F48033536170477A
:1061C8005A6942F4004242F00402F2E70020024019
:1061D8000F4B1A6A12F4800F5A6913D122F4006225
:1061E8005A615A69C00022F47E7200F4FF601043BD
:1061F80058615A6942F002025A615A6942F480327F
:106208005A617047C907E9D442F40062E8E700BF61
:10621800002002401548037FDAB203F0FD03012B8A
:1062280010D1134B196821F400711960196841F4F1
:1062380000611960196821F400611960196841F456
:1062480000711960931E012B0CD8094B1A6842F48F
:1062580080521A601A6822F480521A601A6842F44E
:1062680080621A6000230377704700BF6C0000202B
:10627800002002402DE9F843324D2B78012B0646C9
:1062880088465CD001274FF47A702F70FFF708FF1B
:10629800044620BB2C4B68601A6812F4007F1A6809
:1062A80022D0510506D51A6822F480621A600323A9
:1062B8002B7700E02F773368012B1FD17068FFF729
:1062C80069FF4FF47A70FFF7EBFE1F4A536923F416
:1062D800004323F0040304465361FFF79BFF0023A8
:1062E8002B702046BDE8F883520505D51A6822F4BC
:1062F80080621A600223DBE72877DCE74FF0FF3380
:10630800C8F80030B768DFF84090D6E902210A449F
:10631800BA42E2D971683846FFF75AFF4FF47A70EB
:10632800FFF7BEFED9F81420084B1A40C9F814200C
:1063380018B1C8F800700446CFE70137E5E7022432
:10634800CFE700BF6C0000200020024005FCFFFFE3
:106358002DE9F74FDFF89091614C00230A6832FA73
:1063680003F502D103B0BDE8F08F012505FA03FA61
:106378001AEA020200F0A8804E68D1F808C0032784
:1063880006F003054FEA430807FA08FE6F1E012FBF
:106398006FEA0E0E33D8876807EA0E0BCF6807FA44
:1063A80008F747EA0B078760476827EA0A0AC6F32F
:1063B80000179F4047EA0A074760C7680CFA08FCBD
:1063C80007EA0E074CEA0707022DC7601CD14FEAFF
:1063D800D30C00EB8C0C03F0070ADCF820704FEAB2
:1063E8008A0A4FF00F0B0BFA0AFB27EA0B0B0F690F
:1063F80007FA0AF747EA0B07CCF8207004E0032DE8
:10640800DBD1BCF1010FD8D1076805FA08F507EA16
:106418000E073D4316F4403F056055D0D9F860504B
:1064280045F00105C9F86050D9F8605023F003071A
:1064380007F1804705F0010507F58037019503F05E
:10644800030C019DBD684FEA8C0C4FF00F0E0EFA3D
:106458000CFEB0F1904F25EA0E0E37D0214DA84220
:1064680036D005F58065A84234D005F58065A84288
:1064780032D005F58065A84230D005F58065A84280
:1064880014BF0625052505FA0CF545EA0E05BD607D
:10649800A568D74316F4801F0CBF3D401543A5607F
:1064A800E56816F4001F0CBF3D401543E5606568BC
:1064B80016F4003F0CBF3D40154365602568F603A0
:1064C80054BF3D4015432560013347E70025DAE70F
:1064D8000125D8E70225D6E70325D4E70425D2E726
:1064E8000004014000040048001002400AB1816124
:1064F800704781627047436901EA030221EA030198
:1065080041EA024181617047284B1A6818BB02F4BE
:10651800C062B2F5806FD3F8802022F48072C3F88D
:10652800802040D11A6822F4C06242F400721A60D6
:106538001F4A126832214A431E49B2FBF1F2013266
:106548005969490500D522B95B6958052BD503203F
:106558007047013AF4E7B0F5007F1FD102F4C0623A
:10656800B2F5806FD3F8802042F48072C3F880209F
:1065780019D11A6822F4C06242F400721A600C4AF7
:10658800126832214A430B49B2FBF1F201325969D0
:106598004905D9D5002AD7D0013AF8E722F4C062D4
:1065A80042F480621A600020704700BF007000400B
:1065B8006000002040420F00024A936843F4804381
:1065C80093607047007000400749CA6822F4E0628F
:1065D8000302120403F4E063120C134343F0BF6395
:1065E80043F40033CB60704700ED00E0164B30B544
:1065F800DC68C4F30224C4F10703251D042B28BF5B
:106608000423062D4FF0FF358CBF033C002405FA08
:1066180003F321EA0303A54022EA0502A340002868
:1066280043EA0203ACBF00F16040084A4FEA031393
:10663800B8BF00F00F00DBB2AABF00F561401354E9
:1066480080F8003330BD00BF00ED00E014ED00E03D
:10665800002807DB044A4109012300F01F0083409A
:1066680042F82130704700BF00E100E00138B0F186
:10667800807F0BD24FF0E023054A5861F02182F861
:1066880023100020072298611A6170470120704783
:1066980000ED00E038B50446002800F0CE8090F800
:1066A8005C3003F0FF021BB980F85D20FBF7C0FAED
:1066B8002268936923F010039361FEF7DDFF054616
:1066C80023689A69110700F1AB809A6942F00102C8
:1066D8009A61FEF7D1FF054623689A69D20740F10F
:1066E800AE809A6942F002029A61634A934204BFFB
:1066F8006168C2F80011227C012A9A690CBF22F055
:10670800400242F040029A61627C012A9A690CBFF9
:1067180042F4804222F480429A61A27C012A9A695A
:106728000CBF22F4805242F480529A619A69A068A0
:1067380022F4407202439A619A6922F0A4029A6193
:106748001A6922F010021A61E268012A7ED19A6958
:1067580042F004029A61A269511EE269013A1202EA
:1067680042EA4162216A01390A436169013942EA10
:106778000142B0F5407FDA610ED1E26A511E226B08
:10678800013A120142EA0122A16A01390A43616A07
:10679800013942EA0142DA60D3F8C020E16B0A43CA
:1067A800C3F8C020354A934263D03549354802F5CD
:1067B80070528B4218BF1046D3F88020616B20645A
:1067C80022F4F81242EA0142C3F8802000F1700274
:1067D8006264D3F88020A16B22F0706242EA016201
:1067E800C3F8802000F1B003A36400F5C473E36428
:1067F80000F51873236500F51E73636500F5547280
:10680800031D9A4234BF0122D42292000021FAF7D4
:10681800DFFE002001232066A06584F85C300DE0CF
:10682800FEF72AFF401B0A287FF64AAF236E43F083
:1068380001032366032384F85C30012038BDFEF78A
:106848001BFF401B0A287FF647AFEFE7002A82D0DC
:10685800022A0AD0996941F0800199611969032ACD
:1068680041F0100119617FF476AF9A6942F0200275
:1068780070E70548A0E700BF0064004000680040DA
:10688800006C0040A0AA004050A7004070B590F8E6
:106898005C30013B012B1BD8D1E90153D1E90364DA
:1068A8004A6909689B0749B943EAC663016C1343FF
:1068B80043EA044341F82530002070BD416C01EBE8
:1068C800C50044EA46741A4341F835404260F3E78C
:1068D800036E43F0020303660120EEE730B590F83B
:1068E8005C40012C10D105680398D5F8804040EA37
:1068F800430040EA820040EA011024F03F031843B5
:10690800C5F88000002030BD036E43F00403036621
:106918000120F8E790F85C30012B0BD102680223C4
:1069280080F85C30936923F00103936100230366C8
:1069380018467047036E43F004030366012070474E
:106948002DE9F04390F85C30022B914656D1D0F8EF
:1069580000C0DCF8C45015F4001505D0036E43F4EC
:1069680000730366012030E0D1E90042DCF8C4601E
:106978000B698F68C6F301464ABB3B4343EA84432D
:10698800D1E906743C434F69D0F854803C430F6A00
:1069980044EA0764CF6844EA07444827774307EB8B
:1069A800080E47F80830CEF80440164C4A460EF157
:1069B800080ECB68E35C9D4202F104020CD301236C
:1069C800B340CCF8CC3083650020BDE8F083234386
:1069D8003B4343F08043D3E712F8023C12F8017CB2
:1069E8001B0443EA076312F8047C3B4312F8037C58
:1069F80043EA07234EF805300435DAE7036E43F01F
:106A08000803AEE7008D0008F0B59C4690F85C30AE
:106A1800022B74D14029046853D1D4F890301F0751
:106A280005D1036E43F4807303660120F0BDD4F8EA
:106A38009050D4F89030DE01C5F3012506D5D4F87E
:106A480080309B0544BF013505F00305846C48235D
:106A580003FB0544276807F0804757602668002F26
:106A680044D1C6F38A461660236803F00053936046
:106A7800236803F000431361A388D361E38803F01C
:106A88000F03D360636803F480135361636803F4EE
:106A980000139361E37903F07F0313626368DB0FEC
:106AA8005362194B07340026D768DF5DB74220D8F8
:106AB800036840290CBFC3F89450C3F89C500020C9
:106AC800B4E7D4F898301F07ABD0D4F89850D4F86E
:106AD8009830DE01C5F3012506D5D4F88030DB05F2
:106AE80044BF013505F00305C46CB0E726F06046E5
:106AF800B9E714F8017F0CF806700136D4E7036E85
:106B080043F0080390E700BF008D000890F85C3060
:106B1800013B012B08D80368012A9A6D0CBF8A43F0
:106B28000A439A6500207047036E43F00203036628
:106B38000120704730B590F85C30013B012B60D8DC
:106B4800006811F00705836D01D0DC071DD511F031
:106B5800380F01D09C0718D511F4E07F01D05C07ED
:106B680013D511F4F05F01D01C070ED511F4604F56
:106B780001D0DC0609D511F4403F01D09C0604D5AC
:106B880011F47C0F05D05C0603D4C46D44F00104F5
:106B9800C4650DB1DD071DD411F0380F01D09C0775
:106BA80018D411F4E07F01D05D0713D411F4F05F1D
:106BB80001D01C070ED411F4604F01D0DD0609D4B2
:106BC80011F4403F01D09C0604D411F47C0F05D089
:106BD8005D0603D5C36D43F00203C3650C0642BFCF
:106BE800D0F8DC301343C0F8DC30CB0542BFD0F816
:106BF800E0301343C0F8E030436D0B434365002099
:106C080030BD036E43F0020303660120F8E77047C6
:106C180070477047704770477047704770477047B4
:106C280070472DE9F84F03681A6D596D02EA010B98
:106C38001A6D596D02EA010A1A6D596D1D6D02EA45
:106C480001095A6D1E6D15405A6D5F6DD3F850805D
:106C5800164018F0400F04460BF4E05B0AF0070AF0
:106C680009F0380905F4710506F4602605D079069F
:106C780003D540221A65FFF7D1FF18F4807F0DD0A5
:106C8800FA050BD52368D3F8D810D3F8E0204FF4D1
:106C98008070186511402046FFF7BDFFBBF1000F5B
:106CA80006D023685946C3F850B02046FFF7AFFF17
:106CB800BAF1000F06D023685146C3F850A0204609
:106CC800FBF790FAB9F1000F06D023684946C3F8DC
:106CD80050902046FFF79CFF18F4007F08D0BB05B2
:106CE80006D523684FF400721A652046FFF791FF16
:106CF80018F0800F0CD038060AD52368D3F8D410C2
:106D0800D3F8DC208020186511402046FFF782FF69
:106D180018F4005F08D0B90406D523684FF4005270
:106D28001A652046FFF778FF18F4004F08D03A0498
:106D380006D523684FF400421A652046FFF76DFF19
:106D480018F4804F09D07B0407D523684FF480429C
:106D58001A65236E43F0800323662EB123683146FB
:106D68001E652046FFF75CFF25B123681D65236E6D
:106D78002B432366236E13B12046FFF750FFBDE86F
:106D8800F88F0000F7B50E4614460546FEF774FC6A
:106D98003444241AFEF770FC214B1B68C3F3CB3331
:106DA8000746634301932A68906810F080002DD04D
:106DB800731CF9D0FEF760FCC01BA04228D32B68D7
:106DC8005A6822F0E0025A606A68B2F5827F0AD1F6
:106DD800AA68B2F5004F02D0B2F5806F03D11A68E5
:106DE80022F040021A60AA6AB2F5005F07D11A6859
:106DF80022F400521A601A6842F400521A60012301
:106E080085F85D30002385F85C30032003B0F0BDC1
:106E1800019B13B1019B013BC4E71C46C3E700BFBC
:106E2800600000202DE9F7431D46002317468DF822
:106E3800033004460E46FEF71FFC3D442D1AFEF7AC
:106E48001BFC284BD4F800901B68232253431B0DCE
:106E580080466B43019322689068304038D0B6F57D
:106E6800C06F01BF99F80C30DBB28DF803309DF884
:106E780003307B1CF0D0FEF7FFFBA0EB0800A84214
:106E880029D323685A6822F0E0025A606268B2F592
:106E9800827F0AD1A268B2F5004F02D0B2F5806FA6
:106EA80003D11A6822F040021A60A26AB2F5005FA4
:106EB80007D11A6822F400521A601A6842F4005284
:106EC8001A60012384F85D30002384F85C300320C5
:106ED80003B0BDE8F083019B13B1019B013BB9E707
:106EE8001D46B8E760000020F8B54368B3F5827F17
:106EF80004460E4617460BD18368B3F5004F02D0FF
:106F0800B3F5806F04D12268136823F0400313603F
:106F18003A4631462046FFF735FF054628B1236E2D
:106F280043F020032366032513E06368B3F5827FEB
:106F38000FD1A368B3F5004F02D0B3F5806F08D125
:106F48003B4632464FF4C0612046FFF76BFF0028EE
:106F5800E5D12846F8BD70B513460D4616460A46D3
:106F68004FF4C0510446FFF75DFF28B1236E43F08C
:106F780020032366032070BD324629462046FFF7CA
:106F880001FF0028F2D133462A464FF4C06120465B
:106F9800FFF748FF0028EED0E8E770B50446002860
:106FA80067D0436A002B5DD14268B2F5827F00D07A
:106FB800C3610023A36294F85D3003F0FF0223B994
:106FC80084F85C202046FAF7D3FE2268E0680223A2
:106FD80084F85D301368B0F5E06F23F04003136068
:106FE8004FF0000342D91D46B0F5706F18BFA36279
:106FF800A6686368A16906F4044603F48273334300
:10700800266906F002063343666906F00106334333
:1070180001F400763343E66906F038063343266AFE
:1070280006F080063343A66A06F40056334313601D
:10703800666B636A06F0080603F0100300F47060DC
:107048003343090C034301F004010B432B43536002
:10705800D36923F40063D36100200123206684F8F8
:107068005D3070BD0023C0E90433A2E74FF48055BA
:10707800BCE70120F5E72DE9F74304461F460D4616
:107088009046FEF7F9FA94F85D30012B8146D8B2A4
:1070980040F0B580002D76D0B8F1000F73D094F889
:1070A8005C30012B00F0AB80032384F85D300023B3
:1070B8002366C4E91333A4F83E802364A4F844305B
:1070C800A4F84630A368266884F85C00B3F5004F3E
:1070D800A563A4F83C8007D1336823F040033360EC
:1070E800336843F4804333603368E2685B065EBF0D
:1070F800336843F040033360B2F5E06F636845D905
:1071080013B1B8F1010F07D135F8023BF360A5635D
:10711800E38F013B9BB2E387E38F9BB2D3B94A4627
:1071280039462046FFF717FF002865D1A36833B911
:1071380001932368DA6801929B680193019B0123FC
:1071480084F85D30206E0023C01A84F85C3018BFC4
:10715800012018E0226893689D0705D5A36B33F8D2
:10716800021BD160A363D3E7FEF786FAA0EB090000
:10717800B842D1D3781CCFD0012384F85D300023E6
:1071880084F85C30032003B0BDE8F08313B1B8F194
:10719800010F13D1E38F9BB2012B06D935F8023BBF
:1071A800F360A563E38F023B06E02B783373A36B90
:1071B8000133A363E38F013B9BB2E387E38F9BB269
:1071C800002BACD02268936899070CD5E18FA36B8C
:1071D80089B2012904D933F8021BD160A363E1E71E
:1071E8001B781373E3E7FEF747FAA0EB0900B842F0
:1071F800E4D37B1CE2D0BFE72023236696E7022076
:10720800C1E72DE9F84304460D4691461E46089FFE
:10721800FEF732FA94F85D206368012A8046D1B2FD
:107228000AD0B3F5827F40F01D81A268002A40F0A1
:107238001981042940F01681002D55D0B9F1000FAD
:1072480052D0002E50D094F85C20012A00F00A8118
:10725800012284F85C2094F85D20E0682168C4F875
:107268004090042A1CBF052284F85D200022226673
:10727800B0F5E06FA4F84660E687C4E91322A4F8E5
:1072880044604A68A563A68701D8012E2ED022F44F
:1072980080524A600A6852065EBF0A6842F040029D
:1072A8000A60B0F5E06F5BD90BB1012E07D135F854
:1072B800023BCB60E38FA563013B9BB2E3870125CB
:1072C800E38F9BB2ABB9B4F846309BB28BB9424658
:1072D80039462046FFF73FFE002800F0B9802023FA
:1072E8002366002384F85C30012037E042F48052A2
:1072F800CFE721688B689E070DD5E38F9BB253B10A
:1073080045B1A36B33F8022BCA60A363E38F013B3B
:107318009BB2E38700258A6812F001020FD0B4F807
:1073280046309BB25BB1236CC96823F8021B236407
:10733800B4F84630013B9BB2A4F846301546FEF738
:107348009BF9A0EB0800B842BAD3781CB8D0012347
:1073580084F85D30002384F85C300320BDE8F883AE
:107368000BB1012E0BD1E38F9BB2012B09D935F854
:10737800023BCB60E38FA563023B9BB2E387012509
:1073880048E02B780B73A36B0133A363E38F013BB6
:10739800F3E722689368990711D5E38F9BB273B11D
:1073A80065B1E18FA36B89B201293DD933F8021B7E
:1073B800D160A363E38F023B9BB2E3870025226879
:1073C800916811F001011DD0B4F846309BB2CBB1E1
:1073D800B4F84600236C80B201282DD9D06823F870
:1073E800020B2364B4F84630023B9BB2A4F8463043
:1073F800B4F846309BB2012B9EBF536843F48053C8
:1074080053600D46FEF738F9A0EB0800B84201D3E7
:107418007B1C9CD1E38F9BB2002BBAD1B4F84630C9
:107428009BB2002BB5D152E71B781373A36B0133C2
:10743800A363E38F013BBFE7127B1A70236C013310
:107448002364B4F84630013B9BB2A4F84630D8E731
:10745800012384F85D3084F85C00206E003818BF82
:1074680001207BE7022079E72DE9F7431E4690F8D3
:107478005D30012B044689461746DDB204D002254B
:10748800284603B0BDE8F0830029F9D0002AF7D0D8
:107498004368B3F5827F0BD183684BB9042380F826
:1074A8005D30134600960A46FFF7ABFE0546E7E750
:1074B800FEF7E2F894F85C30012B8046DFD0012318
:1074C800002584F85C30042384F85D30C4E9135542
:1074D8002566A563A4F84670A587E5872568E26850
:1074E8006B68C4F84090B2F5E06F8CBF23F480530A
:1074F80043F48053A4F844706B60A368B3F5004F5D
:1075080007D12B6823F040032B602B6823F48043BA
:107518002B602B685F065EBF2B6843F040032B602F
:10752800B2F5E06F23D9B4F846309BB223B3236891
:107538009A68D20741D5DA68236C23F8022B2364B2
:10754800B4F84630013B9BB2A4F84630EBE7236819
:107558009A68D00721D5226C1B7B1370236C0133EA
:107568002364B4F84630013B9BB2A4F84630B4F823
:1075780046309BB2002BEAD1424631462046FFF7FF
:10758800B3FC18BB012384F85D30256E0023ED1A87
:1075980084F85C3018BF012572E7FEF76DF8A0EBA0
:1075A8000800B042E3D3711CE1D0012384F85D30B8
:1075B800002384F85C30032562E7FEF75DF8A0EB52
:1075C8000800B042AFD3731CADD0EEE7202323668A
:1075D800D8E790F85D007047036A026A22F001025A
:1075E80070B50262456882690C6822F4803222F024
:1075F800730222438C6823F002032343154CA042F4
:1076080013D004F50064A0420FD004F54064A042F2
:107618000BD004F58064A04207D004F58064A04232
:1076280003D004F50064A0420DD1046A24F00404D8
:107638000462CC6823F008032343D1E9054625F406
:10764800407534432543456082614A68426303625A
:1076580070BD00BF002C0140036A026A22F48072E8
:1076680070B502624268C4690D6824F4803424F05D
:1076780073042C438D6823F4007343EA0523164DE5
:10768800A84207D005F50065A84203D005F5E055E6
:10769800A84210D1056A25F480650562CD6823F4F7
:1076A800006343EA0523D1E9055622F440523543E5
:1076B80042EA051209E0094DA842F4D0084DA84253
:1076C800F1D005F58065A842EDD042604A68C461F2
:1076D800C263036270BD00BF002C0140004001403E
:1076E80000440140036A026A22F4805270B50262C3
:1076F8004268C4690D6824F0807424F4E64444EABE
:1077080005248D6823F4005343EA0533154DA84238
:1077180007D005F50065A84203D005F5E055A84255
:1077280010D1056A25F480450562CD6823F400432D
:1077380043EA0533D1E9055622F44042354342EA8B
:10774800851209E0084DA842F4D0084DA842F1D0AE
:1077580005F58065A842EDD042604A68C4610264BC
:10776800036270BD002C014000400140004401400C
:10777800036A026A22F4803230B502624468026DFC
:107788000D6822F4803222F070022A438D6823F4B7
:10779800003343EA0543114DA84213D005F50065AF
:1077A800A8420FD005F54065A8420BD005F58065C5
:1077B800A84207D005F58065A84203D005F5006505
:1077C800A84204D14D6924F4803444EA0524446075
:1077D80002654A688264036230BD00BF002C014024
:1077E800036A026A22F4801230B502624468026DAC
:1077F8000D6822F0807222F4E04242EA05228D6888
:1078080023F4001343EA0553104DA84213D005F59D
:107818000065A8420FD005F54065A8420BD005F5D4
:107828008065A84207D005F58065A84203D005F514
:107838000065A84204D14D6924F4802444EA8524D3
:10784800446002654A68C264036230BD002C01408E
:1078580010B5036A046A24F001040462124CA042C1
:1078680013D004F50064A0420FD004F54064A04290
:107878000BD004F58064A04207D004F58064A042D0
:1078880003D004F50064A04203D1046A24F0040480
:107898000462846923F00A0324F0F00444EA021223
:1078A80019438261016210BD002C014010B5036AC2
:1078B800046A24F0100404620D4CA04207D004F5B9
:1078C8000064A04203D004F5E054A04203D1046A46
:1078D80024F040040462846923F0A00324F4704473
:1078E80044EA023243EA01118261016210BD00BF1D
:1078F800002C014090F83D30012B2FD10223184A6B
:1079080080F83D30036893421AD0B3F1804F17D006
:10791800A2F59432934213D002F5806293420FD0BD
:1079280002F5806293420BD002F59432934207D05D
:1079380002F54062934203D002F58052934207D188
:107948009968084A0A40062A06D0B2F5803F03D053
:107958001A6842F001021A6000207047012070473F
:10796800002C0140070001007047704770477047BE
:107978007047036870B5DD681E69B20704460ED506
:10798800A9070CD56FF002021A61012202779B69E0
:107998009A0700F0A480FFF7E9FF00232377730715
:1079A80011D568070FD523686FF004021A61022207
:1079B80022779B6913F4407F204600F09680FFF7FA
:1079C800D5FF00232377310710D52A070ED5236862
:1079D8006FF008021A6104222277DB699B072046B0
:1079E80000F08980FFF7C2FF00232377F10610D546
:1079F800EA060ED523686FF010021A610822227772
:107A0800DB6913F4407F20467BD0FFF7AFFF0023EC
:107A18002377F30708D5E80706D523686FF0010236
:107A28001A612046FAF730FC16F4025F08D02906DE
:107A380006D523686FF402521A61204600F0D3FB82
:107A4800F20508D52B0606D523686FF480721A61F3
:107A5800204600F0C9FB700608D5690606D52368DC
:107A68006FF040021A612046FFF782FFB20608D580
:107A7800AB0606D523686FF020021A61204600F095
:107A8800B1FBF00208D5E90206D523686FF480122D
:107A98001A61204600F0A9FBB20208D5AB0206D550
:107AA80023686FF400121A61204600F09FFB7002F1
:107AB80008D5690206D523686FF480021A6120464A
:107AC80000F095FB320222D52B0220D523686FF4F3
:107AD800000220461A61BDE8704000F089BBFFF73C
:107AE80044FF2046FFF743FF57E7FFF73EFF2046D6
:107AF800FFF73DFF65E7FFF738FF2046FFF737FF41
:107B080072E7FFF732FF2046FFF731FF7FE770BDCE
:107B18002B4A0368904216D0B0F1804F13D0A2F5DB
:107B2800943290420FD002F5806290420BD002F559
:107B38008062904207D002F59432904203D002F559
:107B4800E052904208D14A6823F070031343CA6890
:107B580023F4407313430AE01A4A9042F7D002F51F
:107B680080629042F3D002F580629042EFD04A6979
:107B780023F0800313438A68C2620A688262104A4B
:107B8800904213D002F5006290420FD002F5406295
:107B980090420BD002F58062904207D002F58062D5
:107BA800904203D002F50062904201D10A69026353
:107BB800026842F0040202600122426103607047D9
:107BC800002C01400040014010B5044650B390F825
:107BD8003D3003F0FF021BB980F83C20FAF7A4F906
:107BE8000223206884F83D30211DFFF791FF01230F
:107BF80084F84830002084F83E3084F83F3084F818
:107C0800403084F8413084F8423084F8433084F8B6
:107C1800443084F8453084F8463084F8473084F896
:107C28003D3010BD0120FCE710B5044650B390F874
:107C38003D3003F0FF021BB980F83C20FFF794FEAB
:107C48000223206884F83D30211DFFF761FF0123DE
:107C580084F84830002084F83E3084F83F3084F8B7
:107C6800403084F8413084F8423084F8433084F856
:107C7800443084F8453084F8463084F8473084F836
:107C88003D3010BD0120FCE7036A026A22F01002B1
:107C980070B50262426884690D6824F0807424F427
:107CA800E64444EA05248D6823F0200343EA0513DB
:107CB800154DA84207D005F50065A84203D005F583
:107CC800E055A84210D1056A25F040050562CD6847
:107CD80023F0800343EA0513D1E9055622F44062F4
:107CE800354342EA850209E0084DA842F4D0084D20
:107CF800A842F1D005F58065A842EDD042604A68F7
:107D080084618263036270BD002C01400040014021
:107D18000044014038B590F83C30012B044673D03C
:107D280001200C2A84F83C004ED008D8042A2BD015
:107D3800082A39D0BAB1002384F83C3038BD102A5B
:107D480052D0142AF7D12068FFF74AFD036D0A695B
:107D580043F400630365036D23F480630365036DD7
:107D680043EA02234EE02068FFF736FC83690A697C
:107D780043F008038361836923F004038361836903
:107D8800134383610020D6E72068FFF77DFF8369EE
:107D98000A6943F400638361836923F48063836120
:107DA800836943EA0223ECE72068FFF755FCC369BF
:107DB8000A6943F00803C361C36923F00403C3617C
:107DC800C3691343C361DDE72068FFF78BFCC36910
:107DD8000A6943F40063C361C36923F48063C36120
:107DE800C36943EA0223EDE72068FFF7C1FC036D8E
:107DF8000A6943F008030365036D23F00403036570
:107E0800036D13430365BDE7022097E710B5846847
:107E18000A4324F47F4442EA03222243826010BDCD
:107E280038B590F83C30012B04464FF0020300F0BF
:107E38008C80012280F83D3080F83C200068444B5B
:107E480085682B4083600B68702B46D023D8502B55
:107E580057D016D8402B6CD015D8202B07D004D873
:107E680033F0100203D001220DE0302BFBD18268E1
:107E780022F4401222F070021A4342F00702826094
:107E880034E0602B49D0012384F83D30002384F886
:107E98003C30104638BDB3F5005F29D004D8B3F59F
:107EA800805218BF0122EEE72A498B42DFD00BD857
:107EB800294A9342DBD004D823F01002B2F5801F80
:107EC800D4E7264A9342D1E725498B42CFD023F005
:107ED800200510398D42D6D1C9E7CB68D1E90121F7
:107EE800FFF794FF836843F0770383600022CAE7B3
:107EF800CB68D1E90121FFF789FF836843F4804308
:107F0800F3E7CA684968FFF7A3FC836823F44013C2
:107F180023F0700343F05703E7E7CA684968FFF79F
:107F2800C5FC836823F4401323F0700343F0670310
:107F3800DBE7CA684968FFF78BFC836823F44013C2
:107F480023F0700343F04703CFE71A46A1E700BFC9
:107F58008800CEFF40001000200010003000100004
:107F680060001000036A10B501F01F0101248C4065
:107F780023EA04030362036A8A401A43026210BDBB
:107F8800082908B518D005D859B1042911D090F896
:107F9800433008E00C2912D01029F8D190F842306B
:107FA80001E090F83E30013B18BF012353B1012096
:107FB80049E090F83F30F6E790F84030F3E790F862
:107FC8004130F0E708294FF0020340D006D861B1EC
:107FD800042939D0022380F8433008E00C2939D02D
:107FE8001029F7D180F8423001E080F83E3000686F
:107FF8000122FFF7B7FF274B984213D003F5006320
:1080080098420FD003F5406398420BD003F5806384
:10801800984207D003F58063984203D003F50063C4
:1080280098421AD1436C43F400434364194B984275
:1080380003D003F50063984222D18268164B13409F
:10804800062B23D1002008BD80F83F30CFE780F809
:108058004030CCE780F84130C9E7B0F1804FECD030
:108068000E4B9842E9D003F580639842E5D003F5BA
:1080780080639842E1D0036843F001030360E1E7BD
:10808800074B9842D9D003F58053F2E7B3F5803F08
:10809800F1D1D7E7002C014007000100000400409F
:1080A80000400140FFF76CBF30B590F83C30012B21
:1080B80004464FF0020043D02368224D84F83D0067
:1080C800AB425A68986807D005F50065AB4203D003
:1080D80005F5E055AB4203D14D6822F470022A43FE
:1080E8000D6822F0007222F070022A435A60154A85
:1080F80093421AD0B3F1804F17D0A2F5943293422D
:1081080013D002F5806293420FD002F58062934249
:108118000BD002F59432934207D002F540629342A5
:1081280003D002F58052934204D1896820F080027E
:108138000A439A600123002084F83D3084F83C000B
:1081480030BD00BF002C014010B590F83C30012B29
:10815800024643D0CB688868214C23F4407303431C
:10816800486823F480630343086823F400630343E7
:10817800086923F480530343486923F400530343F5
:10818800086B23F480430343886923F4702343EA8C
:108198000043C86923F0805303431068A04207D006
:1081A80004F50064A04203D004F5E054A04210D1C5
:1081B8008C6A23F4700343EA04530C6A23F0807337
:1081C80023434C6AC96A23F00073234323F0005306
:1081D8000B434364002082F83C0010BD0220FCE7FA
:1081E800002C0140704770477047704770477047D0
:1081F80070470000F8B500BFF8BC08BC9E46704741
:0C820800F8B500BFF8BC08BC9E467047EB
:1082180000000000000000800000000000000000D6
:1082280000000000000000806572726F72210A0071
:108238004C574A3636362068617320696E69746512
:1082480064210A003D3D3D3D3D3D3D3D3D3D3D3DBB
:108258003D3D3D3D2043414E20436F6E74726F6C2F
:1082680020436D64203D3D3D3D3D3D3D3D3D3D3D13
:108278003D3D3D3D3D0A0043414E2049443A2020C2
:1082880020202020202020307825580A00546172B0
:1082980067657420506F736974696F6E3A20252B77
:1082A8002E3366202872616E67653A20252E316666
:1082B800207E20252E3166290A0054617267657474
:1082C8002056656C6F636974793A20252B2E3366C6
:1082D800202872616E67653A20252E3166207E203F
:1082E800252E3166290A004B503A202020202020D4
:1082F8002020202020202020252B2E3366202872A5
:10830800616E67653A20252E3166207E20252E3144
:1083180066290A004B443A202020202020202020D3
:108328002020202020252B2E3366202872616E679E
:10833800653A20252E3166207E20252E3166290AB1
:108348000054617267657420546F727175653A20C4
:108358002020252B2E3366202872616E67653A200F
:10836800252E3166207E20252E3166290A003D3DC6
:108378003D3D3D3D3D3D3D3D3D3D3D3D3D3D3D3D25
:108388003D3D3D3D3D3D3D3D3D3D3D3D3D3D3D3D15
:108398003D3D3D3D3D3D3D3D3D3D3D3D3D3D3D3D05
:1083A8000A0A005465726D696E616C00284E554C5E
:1083B8004C290000070E091C1B1215383F363124C2
:1083C800232A2D70777E796C6B6265484F4641543D
:1083D800535A5DE0E7EEE9FCFBF2F5D8DFD6D1C4ED
:1083E800C3CACD90979E998C8B8285A8AFA6A1B45D
:1083F800B3BABDC7C0C9CEDBDCD5D2FFF8F1F6E30E
:10840800E4EDEAB7B0B9BEABACA5A28F888186937C
:10841800949D9A2720292E3B3C35321F18111603AC
:10842800040D0A5750595E4B4C45426F686166739C
:10843800747D7A898E878095929B9CB1B6BFB8ADC2
:10844800AAA3A4F9FEF7F0E5E2EBECC1C6CFC8DDBC
:10845800DAD3D4696E676075727B7C51565F584D6C
:108468004A4344191E171005020B0C21262F283DDC
:108478003A33344E49404752555C5B7671787F6A8F
:108488006D64633E39303722252C2B0601080F1AFC
:108498001D1413AEA9A0A7B2B5BCBB9691989F8A2C
:1084A8008D8483DED9D0D7C2C5CCCBE6E1E8EFFA1C
:1084B800FDF4F300000000000054545220524547D8
:1084C8004745530030313233343536373839414235
:1084D80043444546303132333435363738394142F2
:1084E8004344454600000000920E493CB10AC93C8D
:1084F8002BC3163D2EFB483D752B7B3D04A9963DAD
:1085080080B6AF3D36BDC83D2FBCE13D73B2FA3DE4
:1085180087CF093E8340163EB5AB223EA2102F3EC0
:10852800CF6E3B3EC2C5473E0115543E135C603ECC
:108538007F9A6C3ECCCF783EC07D823E938E883E3B
:10854800229A8E3E32A0943E86A09A3EE59AA03E9C
:10855800128FA63ED47CAC3EEF63B23E2A44B83EAE
:10856800491DBE3E15EFC33E53B9C93ECA7BCF3E37
:108578004136D53E80E8DA3E4F92E03E7533E63E1E
:10858800BBCBEB3EEA5AF13ECBE0F63E275DFC3E24
:10859800E4E7003F3D9C033F824B063F9BF5083FC5
:1085A8006B9A0B3FDA390E3FCDD3103F2A68133F41
:1085B800D9F6153FC07F183FC6021B3FD17F1D3F2C
:1085C800CBF61F3F9967223F25D2243F5636273FD7
:1085D8001594293F4AEB2B3FDE3B2E3FBB85303FAE
:1085E800C9C8323FF304353F233A373F4268393F21
:1085F8003B8F3B3FF9AE3D3F67C73F3F70D8413F98
:1086080001E2433F03E4453F65DE473F12D1493F5E
:10861800F8BB4B3F029F4D3F207A4F3F3D4D513FA6
:108628004918533F31DB543FE595563F5348583F6F
:108638006AF2593F1A945B3F532D5D3F05BE5E3F7A
:108648002146603F97C5613F5A3C633F59AA643F42
:10865800880F663FD86B673F3CBF683FA7096A3FF2
:108668000C4B6B3F5E836C3F93B26D3F9ED86E3F61
:1086780073F56F3F0809713F5213723F4714733FF8
:10868800DD0B743F0BFA743FC6DE753F07BA763FC1
:10869800C58B773FF853783F9812793F9DC7793F4C
:1086A80002737A3FBE147B3FCDAC7B3F283B7C3FB7
:1086B800C9BF7C3FAC3A7D3FCCAB7D3F23137E3FA7
:1086C800B0707E3F6DC47E3F580E7F3F6D4E7F3F3A
:1086D800AB847F3F0FB17F3F97D37F3F43EC7F3F12
:1086E80011FB7F3F0000803F11FB7F3F43EC7F3F42
:1086F80097D37F3F0FB17F3FAB847F3F6D4E7F3F66
:10870800580E7F3F6DC47E3FB0707E3F23137E3F7F
:10871800CCAB7D3FAC3A7D3FC9BF7C3F283B7C3F1B
:10872800CDAC7B3FBE147B3F02737A3F9DC7793F38
:108738009812793FF853783FC58B773F07BA763F51
:10874800C6DE753F0BFA743FDD0B743F4714733F69
:108758005213723F0809713F73F56F3F9ED86E3F01
:1087680093B26D3F5E836C3F0C4B6B3FA7096A3F2A
:108778003CBF683FD86B673F880F663F59AA643F84
:108788005A3C633F97C5613F2146603F05BE5E3F47
:10879800532D5D3F1A945B3F6AF2593F5348583F47
:1087A800E595563F31DB543F4918533F3D4D513F06
:1087B800207A4F3F029F4D3FF8BB4B3F12D1493FB4
:1087C80065DE473F03E4453F01E2433F70D8413F40
:1087D80067C73F3FF9AE3D3F3B8F3B3F4268393F5C
:1087E800233A373FF304353FC9C8323FBB85303F92
:1087F800DE3B2E3F4AEB2B3F1594293F5636273F49
:1088080025D2243F9967223FCBF61F3FD17F1D3FDA
:10881800C6021B3FC07F183FD9F6153F2A68133F91
:10882800CDD3103FDA390E3F6B9A0B3F9BF5083FCB
:10883800824B063F3D9C033FE4E7003F275DFC3E3B
:10884800CBE0F63EEA5AF13EBBCBEB3E7533E63E53
:108858004F92E03E80E8DA3E4136D53ECA7BCF3EB5
:1088680053B9C93E15EFC33E491DBE3E2A44B83E22
:10887800EF63B23ED47CAC3E128FA63EE59AA03E92
:1088880086A09A3E32A0943E229A8E3E938E883ECF
:10889800C07D823ECCCF783E7F9A6C3E135C603EB2
:1088A8000115543EC2C5473ECF6E3B3EA2102F3E37
:1088B800B5AB223E8340163E87CF093E73B2FA3DE0
:1088C8002FBCE13D36BDC83D80B6AF3D04A9963DFD
:1088D800752B7B3D2EFB483D2BC3163DB10AC93C89
:1088E800920E493C00000000920E49BCB10AC9BC76
:1088F8002BC316BD2EFB48BD752B7BBD04A996BDA9
:1089080080B6AFBD36BDC8BD2FBCE1BD73B2FABDE0
:1089180087CF09BE834016BEB5AB22BEA2102FBEBC
:10892800CF6E3BBEC2C547BE011554BE135C60BEC8
:108938007F9A6CBECCCF78BEC07D82BE938E88BE37
:10894800229A8EBE32A094BE86A09ABEE59AA0BE98
:10895800128FA6BED47CACBEEF63B2BE2A44B8BEAA
:10896800491DBEBE15EFC3BE53B9C9BECA7BCFBE33
:108978004136D5BE80E8DABE4F92E0BE7533E6BE1A
:10898800BBCBEBBEEA5AF1BECBE0F6BE275DFCBE20
:10899800E4E700BF3D9C03BF824B06BF9BF508BFC1
:1089A8006B9A0BBFDA390EBFCDD310BF2A6813BF3D
:1089B800D9F615BFC07F18BFC6021BBFD17F1DBF28
:1089C800CBF61FBF996722BF25D224BF563627BFD3
:1089D800159429BF4AEB2BBFDE3B2EBFBB8530BFAA
:1089E800C9C832BFF30435BF233A37BF426839BF1D
:1089F8003B8F3BBFF9AE3DBF67C73FBF70D841BF94
:108A080001E243BF03E445BF65DE47BF12D149BF5A
:108A1800F8BB4BBF029F4DBF207A4FBF3D4D51BFA2
:108A2800491853BF31DB54BFE59556BF534858BF6B
:108A38006AF259BF1A945BBF532D5DBF05BE5EBF76
:108A4800214660BF97C561BF5A3C63BF59AA64BF3E
:108A5800880F66BFD86B67BF3CBF68BFA7096ABFEE
:108A68000C4B6BBF5E836CBF93B26DBF9ED86EBF5D
:108A780073F56FBF080971BF521372BF471473BFF4
:108A8800DD0B74BF0BFA74BFC6DE75BF07BA76BFBD
:108A9800C58B77BFF85378BF981279BF9DC779BF48
:108AA80002737ABFBE147BBFCDAC7BBF283B7CBFB3
:108AB800C9BF7CBFAC3A7DBFCCAB7DBF23137EBFA3
:108AC800B0707EBF6DC47EBF580E7FBF6D4E7FBF36
:108AD800AB847FBF0FB17FBF97D37FBF43EC7FBF0E
:108AE80011FB7FBF000080BF11FB7FBF43EC7FBF3E
:108AF80097D37FBF0FB17FBFAB847FBF6D4E7FBF62
:108B0800580E7FBF6DC47EBFB0707EBF23137EBF7B
:108B1800CCAB7DBFAC3A7DBFC9BF7CBF283B7CBF17
:108B2800CDAC7BBFBE147BBF02737ABF9DC779BF34
:108B3800981279BFF85378BFC58B77BF07BA76BF4D
:108B4800C6DE75BF0BFA74BFDD0B74BF471473BF65
:108B5800521372BF080971BF73F56FBF9ED86EBFFD
:108B680093B26DBF5E836CBF0C4B6BBFA7096ABF26
:108B78003CBF68BFD86B67BF880F66BF59AA64BF80
:108B88005A3C63BF97C561BF214660BF05BE5EBF43
:108B9800532D5DBF1A945BBF6AF259BF534858BF43
:108BA800E59556BF31DB54BF491853BF3D4D51BF02
:108BB800207A4FBF029F4DBFF8BB4BBF12D149BFB0
:108BC80065DE47BF03E445BF01E243BF70D841BF3C
:108BD80067C73FBFF9AE3DBF3B8F3BBF426839BF58
:108BE800233A37BFF30435BFC9C832BFBB8530BF8E
:108BF800DE3B2EBF4AEB2BBF159429BF563627BF45
:108C080025D224BF996722BFCBF61FBFD17F1DBFD6
:108C1800C6021BBFC07F18BFD9F615BF2A6813BF8D
:108C2800CDD310BFDA390EBF6B9A0BBF9BF508BFC7
:108C3800824B06BF3D9C03BFE4E700BF275DFCBE37
:108C4800CBE0F6BEEA5AF1BEBBCBEBBE7533E6BE4F
:108C58004F92E0BE80E8DABE4136D5BECA7BCFBEB1
:108C680053B9C9BE15EFC3BE491DBEBE2A44B8BE1E
:108C7800EF63B2BED47CACBE128FA6BEE59AA0BE8E
:108C880086A09ABE32A094BE229A8EBE938E88BECB
:108C9800C07D82BECCCF78BE7F9A6CBE135C60BEAE
:108CA800011554BEC2C547BECF6E3BBEA2102FBE33
:108CB800B5AB22BE834016BE87CF09BE73B2FABDDC
:108CC8002FBCE1BD36BDC8BD80B6AFBD04A996BDF9
:108CD800752B7BBD2EFB48BD2BC316BDB10AC9BC85
:108CE800920E49BC00000080000000000000000057
:108CF8000102030406070809000102030405060728
:088D0800080C10141820304083
:088D1000FC84FF7F010000005C
:048D1800410200080C
:048D1C001902000830
:108D20000400002000000000B40000201C0100200E
:108D3000840100200000000000000000000000008E
:108D40000000000000000000000000000000000023
:108D50000000000000000000000000000000000013
:108D60000000000000000000000000000000000003
:108D7000010302010F0202020F0F030F0F03010094
:108D80000024F400010000001000000000000000BA
:108D900000000000000000000000000001000000D2
:0C8DA000000000000000000000000000C7
:04000005080023BD0F
:00000001FF
